step,damage,IDLE,CHARGING,PROTECTING,MOVING_TO_CHARGER,MOVING_TO_FIELD,TERMINATED,Drone_1_battery,Drone_1_state,Drone_1_target,Drone_2_battery,Drone_2_state,Drone_2_target,Drone_3_battery,Drone_3_state,Drone_3_target,Drone_4_battery,Drone_4_state,Drone_4_target,Drone_5_battery,Drone_5_state,Drone_5_target,Drone_6_battery,Drone_6_state,Drone_6_target,Drone_7_battery,Drone_7_state,Drone_7_target,Drone_8_battery,Drone_8_state,Drone_8_target,Field_1_damage,Field_1_threat_level,Field_1_protecting_drones,Field_1_arriving_drones,Field_1_drones_for_full_protection,Field_2_damage,Field_2_threat_level,Field_2_protecting_drones,Field_2_arriving_drones,Field_2_drones_for_full_protection,Field_3_damage,Field_3_threat_level,Field_3_protecting_drones,Field_3_arriving_drones,Field_3_drones_for_full_protection,Field_4_damage,Field_4_threat_level,Field_4_protecting_drones,Field_4_arriving_drones,Field_4_drones_for_full_protection
1,0,2,0,0,0,6,0,1,MOVING_TO_FIELD,Field_2,1,MOVING_TO_FIELD,Field_3,1,MOVING_TO_FIELD,Field_2,1,MOVING_TO_FIELD,Field_2,1,IDLE,,1,IDLE,,1,MOVING_TO_FIELD,Field_2,1,MOVING_TO_FIELD,Field_3,0,0.07,0,0,4,0,0.14,0,4,4,0,0.10,0,2,2,0,0.05,0,0,3
2,0,2,0,0,0,6,0,1,MOVING_TO_FIELD,Field_2,1,MOVING_TO_FIELD,Field_3,1,MOVING_TO_FIELD,Field_2,1,MOVING_TO_FIELD,Field_2,1,IDLE,,1,IDLE,,1,MOVING_TO_FIELD,Field_2,1,MOVING_TO_FIELD,Field_3,0,0.07,0,0,4,0,0.14,0,4,4,0,0.10,0,2,2,0,0.05,0,0,3
3,0,2,0,1,0,5,0,1,PROTECTING,Field_2,1,MOVING_TO_FIELD,Field_3,1,MOVING_TO_FIELD,Field_2,1,MOVING_TO_FIELD,Field_2,1,IDLE,,1,IDLE,,1,MOVING_TO_FIELD,Field_2,1,MOVING_TO_FIELD,Field_3,0,0.09,0,0,4,0,0.14,1,3,3,0,0.10,0,2,2,0,0.05,0,0,3
4,0,2,0,2,0,4,0,1,PROTECTING,Field_2,1,MOVING_TO_FIELD,Field_3,1,PROTECTING,Field_2,1,MOVING_TO_FIELD,Field_2,1,IDLE,,1,IDLE,,1,MOVING_TO_FIELD,Field_2,1,MOVING_TO_FIELD,Field_3,0,0.09,0,0,4,0,0.12,2,2,2,0,0.10,0,2,2,0,0.05,0,0,3
5,0,2,0,2,0,4,0,1,PROTECTING,Field_2,1,MOVING_TO_FIELD,Field_3,1,PROTECTING,Field_2,1,MOVING_TO_FIELD,Field_2,1,IDLE,,1,IDLE,,1,MOVING_TO_FIELD,Field_2,1,MOVING_TO_FIELD,Field_3,0,0.11,0,0,4,0,0.12,2,2,2,0,0.14,0,2,2,0,0.05,0,0,3
6,0,2,0,2,0,4,0,1,PROTECTING,Field_2,1,MOVING_TO_FIELD,Field_3,1,PROTECTING,Field_2,1,MOVING_TO_FIELD,Field_2,1,IDLE,,1,IDLE,,1,MOVING_TO_FIELD,Field_2,1,MOVING_TO_FIELD,Field_3,0,0.10,0,0,4,0,0.12,2,2,2,0,0.12,0,2,2,0,0.05,0,0,3
7,0,2,0,2,0,4,0,1,PROTECTING,Field_2,1,MOVING_TO_FIELD,Field_3,1,PROTECTING,Field_2,1,MOVING_TO_FIELD,Field_2,1,IDLE,,1,IDLE,,1,MOVING_TO_FIELD,Field_2,1,MOVING_TO_FIELD,Field_3,0,0.10,0,0,4,0,0.12,2,2,2,0,0.10,0,2,2,0,0.06,0,0,3
8,0,2,0,2,0,4,0,1,PROTECTING,Field_2,1,MOVING_TO_FIELD,Field_3,1,PROTECTING,Field_2,1,MOVING_TO_FIELD,Field_2,1,IDLE,,1,IDLE,,1,MOVING_TO_FIELD,Field_2,1,MOVING_TO_FIELD,Field_3,0,0.11,0,0,4,0,0.12,2,2,2,0,0.11,0,2,2,0,0.06,0,0,3
9,0,2,0,2,0,4,0,1,PROTECTING,Field_2,1,MOVING_TO_FIELD,Field_3,1,PROTECTING,Field_2,1,MOVING_TO_FIELD,Field_2,1,IDLE,,1,IDLE,,1,MOVING_TO_FIELD,Field_2,1,MOVING_TO_FIELD,Field_3,0,0.12,0,0,4,0,0.12,2,2,2,0,0.11,0,2,2,0,0.05,0,0,3
10,0,2,0,2,0,4,0,1,PROTECTING,Field_2,1,MOVING_TO_FIELD,Field_3,1,PROTECTING,Field_2,1,MOVING_TO_FIELD,Field_2,1,IDLE,,1,IDLE,,1,MOVING_TO_FIELD,Field_2,1,MOVING_TO_FIELD,Field_3,0,0.14,0,0,4,0,0.11,2,2,2,0,0.10,0,2,2,0,0.06,0,0,3
11,0,0,0,3,0,5,0,1,PROTECTING,Field_2,1,MOVING_TO_FIELD,Field_1,1,PROTECTING,Field_2,1,PROTECTING,Field_2,1,MOVING_TO_FIELD,Field_1,1,MOVING_TO_FIELD,Field_1,1,MOVING_TO_FIELD,Field_2,1,MOVING_TO_FIELD,Field_1,0,0.14,0,4,4,0,0.14,3,1,1,0,0.10,0,0,2,0,0.07,0,0,3
12,0,0,0,3,0,5,0,1,PROTECTING,Field_2,1,MOVING_TO_FIELD,Field_1,1,PROTECTING,Field_2,1,PROTECTING,Field_2,1,MOVING_TO_FIELD,Field_1,1,MOVING_TO_FIELD,Field_1,1,MOVING_TO_FIELD,Field_2,1,MOVING_TO_FIELD,Field_1,0,0.15,0,4,4,0,0.15,3,1,1,0,0.10,0,0,2,0,0.07,0,0,3
13,0,0,0,3,0,5,0,1,PROTECTING,Field_2,1,MOVING_TO_FIELD,Field_1,1,PROTECTING,Field_2,1,PROTECTING,Field_2,1,MOVING_TO_FIELD,Field_1,1,MOVING_TO_FIELD,Field_1,1,MOVING_TO_FIELD,Field_2,1,MOVING_TO_FIELD,Field_1,0,0.17,0,4,4,0,0.14,3,1,1,0,0.10,0,0,2,0,0.07,0,0,3
14,0,0,0,4,0,4,0,1,PROTECTING,Field_2,1,MOVING_TO_FIELD,Field_1,1,PROTECTING,Field_2,1,PROTECTING,Field_2,1,MOVING_TO_FIELD,Field_1,1,MOVING_TO_FIELD,Field_1,1,PROTECTING,Field_2,1,MOVING_TO_FIELD,Field_1,0,0.20,0,4,4,0,0.14,4,0,0,0,0.09,0,0,2,0,0.06,0,0,3
15,0,0,0,4,0,4,0,1,PROTECTING,Field_2,1,MOVING_TO_FIELD,Field_1,1,PROTECTING,Field_2,1,PROTECTING,Field_2,1,MOVING_TO_FIELD,Field_1,1,MOVING_TO_FIELD,Field_1,1,PROTECTING,Field_2,1,MOVING_TO_FIELD,Field_1,0,0.21,0,4,4,0,0.14,4,0,0,0,0.07,0,0,2,0,0.06,0,0,3
16,0,0,0,4,0,4,0,1,PROTECTING,Field_2,1,MOVING_TO_FIELD,Field_1,1,PROTECTING,Field_2,1,PROTECTING,Field_2,1,MOVING_TO_FIELD,Field_1,1,MOVING_TO_FIELD,Field_1,1,PROTECTING,Field_2,1,MOVING_TO_FIELD,Field_1,0,0.21,0,4,4,0,0.12,4,0,0,0,0.09,0,0,2,0,0.07,0,0,3
17,1,0,0,4,0,4,0,1,PROTECTING,Field_2,1,MOVING_TO_FIELD,Field_1,1,PROTECTING,Field_2,1,PROTECTING,Field_2,1,MOVING_TO_FIELD,Field_1,1,MOVING_TO_FIELD,Field_1,1,PROTECTING,Field_2,1,MOVING_TO_FIELD,Field_1,1,0.23,0,4,4,0,0.11,4,0,0,0,0.07,0,0,2,0,0.07,0,0,3
18,1,0,0,4,0,4,0,1,PROTECTING,Field_2,1,MOVING_TO_FIELD,Field_1,1,PROTECTING,Field_2,1,PROTECTING,Field_2,1,MOVING_TO_FIELD,Field_1,1,MOVING_TO_FIELD,Field_1,1,PROTECTING,Field_2,1,MOVING_TO_FIELD,Field_1,1,0.24,0,4,4,0,0.10,4,0,0,0,0.07,0,0,2,0,0.07,0,0,3
19,2,0,0,4,0,4,0,1,PROTECTING,Field_2,1,MOVING_TO_FIELD,Field_1,1,PROTECTING,Field_2,1,PROTECTING,Field_2,1,MOVING_TO_FIELD,Field_1,1,MOVING_TO_FIELD,Field_1,1,PROTECTING,Field_2,1,MOVING_TO_FIELD,Field_1,2,0.26,0,4,4,0,0.10,4,0,0,0,0.06,0,0,2,0,0.06,0,0,3
20,2,0,0,4,0,4,0,1,PROTECTING,Field_2,1,MOVING_TO_FIELD,Field_1,1,PROTECTING,Field_2,1,PROTECTING,Field_2,1,MOVING_TO_FIELD,Field_1,1,MOVING_TO_FIELD,Field_1,1,PROTECTING,Field_2,1,MOVING_TO_FIELD,Field_1,2,0.26,0,4,4,0,0.10,4,0,0,0,0.06,0,0,2,0,0.06,0,0,3
21,2,0,0,5,0,3,0,1,PROTECTING,Field_2,1,MOVING_TO_FIELD,Field_1,1,PROTECTING,Field_2,1,PROTECTING,Field_2,1,PROTECTING,Field_1,1,MOVING_TO_FIELD,Field_1,1,PROTECTING,Field_2,1,MOVING_TO_FIELD,Field_1,2,0.28,1,3,3,0,0.11,4,0,0,0,0.05,0,0,2,0,0.06,0,0,3
22,2,0,0,5,0,3,0,1,PROTECTING,Field_2,1,MOVING_TO_FIELD,Field_1,1,PROTECTING,Field_2,1,PROTECTING,Field_2,1,PROTECTING,Field_1,1,MOVING_TO_FIELD,Field_1,1,PROTECTING,Field_2,1,MOVING_TO_FIELD,Field_1,2,0.29,1,3,3,0,0.11,4,0,0,0,0.05,0,0,2,0,0.06,0,0,3
23,2,0,0,6,0,2,0,1,PROTECTING,Field_2,1,PROTECTING,Field_1,1,PROTECTING,Field_2,1,PROTECTING,Field_2,1,PROTECTING,Field_1,1,MOVING_TO_FIELD,Field_1,1,PROTECTING,Field_2,1,MOVING_TO_FIELD,Field_1,2,0.30,2,2,2,0,0.10,4,0,0,0,0.05,0,0,2,0,0.06,0,0,3
24,2,0,0,6,0,2,0,1,PROTECTING,Field_2,1,PROTECTING,Field_1,1,PROTECTING,Field_2,1,PROTECTING,Field_2,1,PROTECTING,Field_1,1,MOVING_TO_FIELD,Field_1,1,PROTECTING,Field_2,1,MOVING_TO_FIELD,Field_1,2,0.30,2,2,2,0,0.07,4,0,0,0,0.05,0,0,2,0,0.07,0,0,3
25,2,0,0,6,0,2,0,1,PROTECTING,Field_2,1,PROTECTING,Field_1,1,PROTECTING,Field_2,1,PROTECTING,Field_2,1,PROTECTING,Field_1,1,MOVING_TO_FIELD,Field_1,1,PROTECTING,Field_2,1,MOVING_TO_FIELD,Field_1,2,0.34,2,2,2,0,0.07,4,0,0,0,0.05,0,0,2,0,0.07,0,0,3
26,2,0,0,7,0,1,0,1,PROTECTING,Field_2,1,PROTECTING,Field_1,1,PROTECTING,Field_2,1,PROTECTING,Field_2,1,PROTECTING,Field_1,1,PROTECTING,Field_1,1,PROTECTING,Field_2,1,MOVING_TO_FIELD,Field_1,2,0.35,3,1,1,0,0.07,4,0,0,0,0.05,0,0,2,0,0.09,0,0,3
27,2,0,0,7,0,1,0,1,PROTECTING,Field_2,1,PROTECTING,Field_1,1,PROTECTING,Field_2,1,PROTECTING,Field_2,1,PROTECTING,Field_1,1,PROTECTING,Field_1,1,PROTECTING,Field_2,1,MOVING_TO_FIELD,Field_1,2,0.34,3,1,1,0,0.07,4,0,0,0,0.05,0,0,2,0,0.09,0,0,3
28,2,0,0,8,0,0,0,1,PROTECTING,Field_2,1,PROTECTING,Field_1,1,PROTECTING,Field_2,1,PROTECTING,Field_2,1,PROTECTING,Field_1,1,PROTECTING,Field_1,1,PROTECTING,Field_2,1,PROTECTING,Field_1,2,0.34,4,0,0,0,0.07,4,0,0,0,0.05,0,0,2,0,0.09,0,0,3
29,2,0,0,8,0,0,0,1,PROTECTING,Field_2,1,PROTECTING,Field_1,1,PROTECTING,Field_2,1,PROTECTING,Field_2,1,PROTECTING,Field_1,1,PROTECTING,Field_1,1,PROTECTING,Field_2,1,PROTECTING,Field_1,2,0.34,4,0,0,0,0.09,4,0,0,0,0.05,0,0,2,0,0.09,0,0,3
30,2,0,0,8,0,0,0,1,PROTECTING,Field_2,1,PROTECTING,Field_1,1,PROTECTING,Field_2,1,PROTECTING,Field_2,1,PROTECTING,Field_1,1,PROTECTING,Field_1,1,PROTECTING,Field_2,1,PROTECTING,Field_1,2,0.35,4,0,0,0,0.07,4,0,0,0,0.05,0,0,2,0,0.09,0,0,3
31,2,0,0,8,0,0,0,1,PROTECTING,Field_2,1,PROTECTING,Field_1,1,PROTECTING,Field_2,1,PROTECTING,Field_2,1,PROTECTING,Field_1,1,PROTECTING,Field_1,1,PROTECTING,Field_2,1,PROTECTING,Field_1,2,0.38,4,0,0,0,0.07,4,0,0,0,0.05,0,0,2,0,0.09,0,0,3
32,2,0,0,8,0,0,0,1,PROTECTING,Field_2,1,PROTECTING,Field_1,1,PROTECTING,Field_2,1,PROTECTING,Field_2,1,PROTECTING,Field_1,1,PROTECTING,Field_1,1,PROTECTING,Field_2,1,PROTECTING,Field_1,2,0.40,4,0,0,0,0.07,4,0,0,0,0.07,0,0,2,0,0.09,0,0,3
33,2,0,0,8,0,0,0,1,PROTECTING,Field_2,1,PROTECTING,Field_1,1,PROTECTING,Field_2,1,PROTECTING,Field_2,1,PROTECTING,Field_1,1,PROTECTING,Field_1,1,PROTECTING,Field_2,1,PROTECTING,Field_1,2,0.39,4,0,0,0,0.07,4,0,0,0,0.07,0,0,2,0,0.09,0,0,3
34,2,0,0,8,0,0,0,1,PROTECTING,Field_2,1,PROTECTING,Field_1,1,PROTECTING,Field_2,1,PROTECTING,Field_2,1,PROTECTING,Field_1,1,PROTECTING,Field_1,1,PROTECTING,Field_2,1,PROTECTING,Field_1,2,0.38,4,0,0,0,0.06,4,0,0,0,0.07,0,0,2,0,0.09,0,0,3
35,2,0,0,8,0,0,0,1,PROTECTING,Field_2,1,PROTECTING,Field_1,1,PROTECTING,Field_2,1,PROTECTING,Field_2,1,PROTECTING,Field_1,1,PROTECTING,Field_1,1,PROTECTING,Field_2,1,PROTECTING,Field_1,2,0.38,4,0,0,0,0.06,4,0,0,0,0.07,0,0,2,0,0.09,0,0,3
36,2,0,0,8,0,0,0,1,PROTECTING,Field_2,1,PROTECTING,Field_1,1,PROTECTING,Field_2,1,PROTECTING,Field_2,1,PROTECTING,Field_1,1,PROTECTING,Field_1,1,PROTECTING,Field_2,1,PROTECTING,Field_1,2,0.39,4,0,0,0,0.06,4,0,0,0,0.07,0,0,2,0,0.11,0,0,3
37,2,0,0,8,0,0,0,1,PROTECTING,Field_2,1,PROTECTING,Field_1,1,PROTECTING,Field_2,1,PROTECTING,Field_2,1,PROTECTING,Field_1,1,PROTECTING,Field_1,1,PROTECTING,Field_2,1,PROTECTING,Field_1,2,0.38,4,0,0,0,0.05,4,0,0,0,0.07,0,0,2,0,0.10,0,0,3
38,2,0,0,8,0,0,0,1,PROTECTING,Field_2,1,PROTECTING,Field_1,1,PROTECTING,Field_2,1,PROTECTING,Field_2,1,PROTECTING,Field_1,1,PROTECTING,Field_1,1,PROTECTING,Field_2,1,PROTECTING,Field_1,2,0.39,4,0,0,0,0.05,4,0,0,0,0.07,0,0,2,0,0.10,0,0,3
39,2,0,0,8,0,0,0,1,PROTECTING,Field_2,1,PROTECTING,Field_1,1,PROTECTING,Field_2,1,PROTECTING,Field_2,1,PROTECTING,Field_1,1,PROTECTING,Field_1,1,PROTECTING,Field_2,1,PROTECTING,Field_1,2,0.40,4,0,0,0,0.04,4,0,0,0,0.07,0,0,2,0,0.10,0,0,3
40,2,0,0,8,0,0,0,1,PROTECTING,Field_2,1,PROTECTING,Field_1,1,PROTECTING,Field_2,1,PROTECTING,Field_2,1,PROTECTING,Field_1,1,PROTECTING,Field_1,1,PROTECTING,Field_2,1,PROTECTING,Field_1,2,0.39,4,0,0,0,0.04,4,0,0,0,0.06,0,0,2,0,0.10,0,0,3
41,2,0,0,8,0,0,0,1,PROTECTING,Field_2,1,PROTECTING,Field_1,1,PROTECTING,Field_2,1,PROTECTING,Field_2,1,PROTECTING,Field_1,1,PROTECTING,Field_1,1,PROTECTING,Field_2,1,PROTECTING,Field_1,2,0.38,4,0,0,0,0.03,4,0,0,0,0.06,0,0,2,0,0.10,0,0,3
42,2,0,0,8,0,0,0,1,PROTECTING,Field_2,1,PROTECTING,Field_1,1,PROTECTING,Field_2,1,PROTECTING,Field_2,1,PROTECTING,Field_1,1,PROTECTING,Field_1,1,PROTECTING,Field_2,1,PROTECTING,Field_1,2,0.39,4,0,0,0,0.03,4,0,0,0,0.06,0,0,2,0,0.10,0,0,3
43,2,0,0,8,0,0,0,1,PROTECTING,Field_2,1,PROTECTING,Field_1,1,PROTECTING,Field_2,1,PROTECTING,Field_2,1,PROTECTING,Field_1,1,PROTECTING,Field_1,1,PROTECTING,Field_2,1,PROTECTING,Field_1,2,0.39,4,0,0,0,0.03,4,0,0,0,0.06,0,0,2,0,0.10,0,0,3
44,2,0,0,8,0,0,0,1,PROTECTING,Field_2,1,PROTECTING,Field_1,1,PROTECTING,Field_2,1,PROTECTING,Field_2,1,PROTECTING,Field_1,1,PROTECTING,Field_1,1,PROTECTING,Field_2,1,PROTECTING,Field_1,2,0.33,4,0,0,0,0.03,4,0,0,0,0.05,0,0,2,0,0.07,0,0,3
45,2,0,0,8,0,0,0,1,PROTECTING,Field_2,1,PROTECTING,Field_1,1,PROTECTING,Field_2,1,PROTECTING,Field_2,1,PROTECTING,Field_1,1,PROTECTING,Field_1,1,PROTECTING,Field_2,1,PROTECTING,Field_1,2,0.26,4,0,0,0,0.01,4,0,0,0,0.05,0,0,2,0,0.07,0,0,3
46,2,0,0,8,0,0,0,1,PROTECTING,Field_2,1,PROTECTING,Field_1,1,PROTECTING,Field_2,1,PROTECTING,Field_2,1,PROTECTING,Field_1,1,PROTECTING,Field_1,1,PROTECTING,Field_2,1,PROTECTING,Field_1,2,0.26,4,0,0,0,0.01,4,0,0,0,0.05,0,0,2,0,0.07,0,0,3
47,2,0,0,8,0,0,0,1,PROTECTING,Field_2,1,PROTECTING,Field_1,1,PROTECTING,Field_2,1,PROTECTING,Field_2,1,PROTECTING,Field_1,1,PROTECTING,Field_1,1,PROTECTING,Field_2,1,PROTECTING,Field_1,2,0.25,4,0,0,0,0.01,4,0,0,0,0.05,0,0,2,0,0.07,0,0,3
48,2,0,0,8,0,0,0,1,PROTECTING,Field_2,1,PROTECTING,Field_1,1,PROTECTING,Field_2,1,PROTECTING,Field_2,1,PROTECTING,Field_1,1,PROTECTING,Field_1,1,PROTECTING,Field_2,1,PROTECTING,Field_1,2,0.24,4,0,0,0,0.01,4,0,0,0,0.05,0,0,2,0,0.07,0,0,3
49,2,0,0,8,0,0,0,1,PROTECTING,Field_2,1,PROTECTING,Field_1,1,PROTECTING,Field_2,1,PROTECTING,Field_2,1,PROTECTING,Field_1,1,PROTECTING,Field_1,1,PROTECTING,Field_2,1,PROTECTING,Field_1,2,0.21,4,0,0,0,0.04,4,0,0,0,0.05,0,0,2,0,0.07,0,0,3
50,2,0,0,8,0,0,0,1,PROTECTING,Field_2,1,PROTECTING,Field_1,1,PROTECTING,Field_2,1,PROTECTING,Field_2,1,PROTECTING,Field_1,1,PROTECTING,Field_1,1,PROTECTING,Field_2,1,PROTECTING,Field_1,2,0.19,4,0,0,0,0.05,4,0,0,0,0.05,0,0,2,0,0.07,0,0,3
51,2,0,0,8,0,0,0,1,PROTECTING,Field_2,1,PROTECTING,Field_1,1,PROTECTING,Field_2,1,PROTECTING,Field_2,1,PROTECTING,Field_1,1,PROTECTING,Field_1,1,PROTECTING,Field_2,1,PROTECTING,Field_1,2,0.17,4,0,0,0,0.04,4,0,0,0,0.05,0,0,2,0,0.07,0,0,3
52,2,0,0,8,0,0,0,1,PROTECTING,Field_2,1,PROTECTING,Field_1,1,PROTECTING,Field_2,1,PROTECTING,Field_2,1,PROTECTING,Field_1,1,PROTECTING,Field_1,1,PROTECTING,Field_2,1,PROTECTING,Field_1,2,0.19,4,0,0,0,0.05,4,0,0,0,0.05,0,0,2,0,0.09,0,0,3
53,2,0,0,8,0,0,0,1,PROTECTING,Field_2,1,PROTECTING,Field_1,1,PROTECTING,Field_2,1,PROTECTING,Field_2,1,PROTECTING,Field_1,1,PROTECTING,Field_1,1,PROTECTING,Field_2,1,PROTECTING,Field_1,2,0.19,4,0,0,0,0.05,4,0,0,0,0.05,0,0,2,0,0.09,0,0,3
54,2,0,0,8,0,0,0,1,PROTECTING,Field_2,1,PROTECTING,Field_1,1,PROTECTING,Field_2,1,PROTECTING,Field_2,1,PROTECTING,Field_1,1,PROTECTING,Field_1,1,PROTECTING,Field_2,1,PROTECTING,Field_1,2,0.19,4,0,0,0,0.06,4,0,0,0,0.05,0,0,2,0,0.10,0,0,3
55,2,0,0,8,0,0,0,1,PROTECTING,Field_2,1,PROTECTING,Field_1,1,PROTECTING,Field_2,1,PROTECTING,Field_2,1,PROTECTING,Field_1,1,PROTECTING,Field_1,1,PROTECTING,Field_2,1,PROTECTING,Field_1,2,0.19,4,0,0,0,0.06,4,0,0,0,0.05,0,0,2,0,0.10,0,0,3
56,2,0,0,8,0,0,0,1,PROTECTING,Field_2,1,PROTECTING,Field_1,1,PROTECTING,Field_2,1,PROTECTING,Field_2,1,PROTECTING,Field_1,1,PROTECTING,Field_1,1,PROTECTING,Field_2,1,PROTECTING,Field_1,2,0.17,4,0,0,0,0.06,4,0,0,0,0.05,0,0,2,0,0.10,0,0,3
57,2,0,0,8,0,0,0,1,PROTECTING,Field_2,1,PROTECTING,Field_1,1,PROTECTING,Field_2,1,PROTECTING,Field_2,1,PROTECTING,Field_1,1,PROTECTING,Field_1,1,PROTECTING,Field_2,1,PROTECTING,Field_1,2,0.15,4,0,0,0,0.06,4,0,0,0,0.05,0,0,2,0,0.10,0,0,3
58,2,0,0,8,0,0,0,1,PROTECTING,Field_2,1,PROTECTING,Field_1,1,PROTECTING,Field_2,1,PROTECTING,Field_2,1,PROTECTING,Field_1,1,PROTECTING,Field_1,1,PROTECTING,Field_2,1,PROTECTING,Field_1,2,0.15,4,0,0,0,0.07,4,0,0,0,0.05,0,0,2,0,0.10,0,0,3
59,2,0,0,8,0,0,0,1,PROTECTING,Field_2,1,PROTECTING,Field_1,1,PROTECTING,Field_2,1,PROTECTING,Field_2,1,PROTECTING,Field_1,1,PROTECTING,Field_1,1,PROTECTING,Field_2,1,PROTECTING,Field_1,2,0.12,4,0,0,0,0.07,4,0,0,0,0.05,0,0,2,0,0.11,0,0,3
60,2,0,0,8,0,0,0,1,PROTECTING,Field_2,1,PROTECTING,Field_1,1,PROTECTING,Field_2,1,PROTECTING,Field_2,1,PROTECTING,Field_1,1,PROTECTING,Field_1,1,PROTECTING,Field_2,1,PROTECTING,Field_1,2,0.11,4,0,0,0,0.07,4,0,0,0,0.05,0,0,2,0,0.12,0,0,3
61,2,0,0,3,0,5,0,1,PROTECTING,Field_2,1,MOVING_TO_FIELD,Field_4,1,PROTECTING,Field_2,1,PROTECTING,Field_2,1,MOVING_TO_FIELD,Field_4,1,MOVING_TO_FIELD,Field_4,1,MOVING_TO_FIELD,Field_3,1,MOVING_TO_FIELD,Field_3,2,0.11,0,0,4,0,0.09,3,0,1,0,0.05,0,2,2,0,0.14,0,3,3
62,2,0,0,3,0,5,0,1,PROTECTING,Field_2,1,MOVING_TO_FIELD,Field_4,1,PROTECTING,Field_2,1,PROTECTING,Field_2,1,MOVING_TO_FIELD,Field_4,1,MOVING_TO_FIELD,Field_4,1,MOVING_TO_FIELD,Field_3,1,MOVING_TO_FIELD,Field_3,2,0.11,0,0,4,0,0.09,3,0,1,0,0.03,0,2,2,0,0.14,0,3,3
63,2,0,0,3,0,5,0,1,PROTECTING,Field_2,1,MOVING_TO_FIELD,Field_4,1,PROTECTING,Field_2,1,PROTECTING,Field_2,1,MOVING_TO_FIELD,Field_4,1,MOVING_TO_FIELD,Field_4,1,MOVING_TO_FIELD,Field_3,1,MOVING_TO_FIELD,Field_3,2,0.11,0,0,4,0,0.09,3,0,1,0,0.03,0,2,2,0,0.16,0,3,3
64,2,0,0,3,0,5,0,1,PROTECTING,Field_2,1,MOVING_TO_FIELD,Field_4,1,PROTECTING,Field_2,1,PROTECTING,Field_2,1,MOVING_TO_FIELD,Field_4,1,MOVING_TO_FIELD,Field_4,1,MOVING_TO_FIELD,Field_3,1,MOVING_TO_FIELD,Field_3,2,0.11,0,0,4,0,0.09,3,0,1,0,0.03,0,2,2,0,0.16,0,3,3
65,2,0,0,3,0,5,0,1,PROTECTING,Field_2,1,MOVING_TO_FIELD,Field_4,1,PROTECTING,Field_2,1,PROTECTING,Field_2,1,MOVING_TO_FIELD,Field_4,1,MOVING_TO_FIELD,Field_4,1,MOVING_TO_FIELD,Field_3,1,MOVING_TO_FIELD,Field_3,2,0.12,0,0,4,0,0.09,3,0,1,0,0.03,0,2,2,0,0.17,0,3,3
66,2,0,0,3,0,5,0,1,PROTECTING,Field_2,1,MOVING_TO_FIELD,Field_4,1,PROTECTING,Field_2,1,PROTECTING,Field_2,1,MOVING_TO_FIELD,Field_4,1,MOVING_TO_FIELD,Field_4,1,MOVING_TO_FIELD,Field_3,1,MOVING_TO_FIELD,Field_3,2,0.11,0,0,4,0,0.09,3,0,1,0,0.01,0,2,2,0,0.17,0,3,3
67,2,0,0,3,0,5,0,1,PROTECTING,Field_2,1,MOVING_TO_FIELD,Field_4,1,PROTECTING,Field_2,1,PROTECTING,Field_2,1,MOVING_TO_FIELD,Field_4,1,MOVING_TO_FIELD,Field_4,1,MOVING_TO_FIELD,Field_3,1,MOVING_TO_FIELD,Field_3,2,0.11,0,0,4,0,0.07,3,0,1,0,0.03,0,2,2,0,0.19,0,3,3
68,2,0,0,3,0,5,0,1,PROTECTING,Field_2,1,MOVING_TO_FIELD,Field_4,1,PROTECTING,Field_2,1,PROTECTING,Field_2,1,MOVING_TO_FIELD,Field_4,1,MOVING_TO_FIELD,Field_4,1,MOVING_TO_FIELD,Field_3,1,MOVING_TO_FIELD,Field_3,2,0.12,0,0,4,0,0.07,3,0,1,0,0.03,0,2,2,0,0.19,0,3,3
69,2,0,0,3,0,5,0,1,PROTECTING,Field_2,1,MOVING_TO_FIELD,Field_4,1,PROTECTING,Field_2,1,PROTECTING,Field_2,1,MOVING_TO_FIELD,Field_4,1,MOVING_TO_FIELD,Field_4,1,MOVING_TO_FIELD,Field_3,1,MOVING_TO_FIELD,Field_3,2,0.15,0,0,4,0,0.07,3,0,1,0,0.03,0,2,2,0,0.19,0,3,3
70,2,0,0,3,0,5,0,1,PROTECTING,Field_2,1,MOVING_TO_FIELD,Field_4,1,PROTECTING,Field_2,1,PROTECTING,Field_2,1,MOVING_TO_FIELD,Field_4,1,MOVING_TO_FIELD,Field_4,1,MOVING_TO_FIELD,Field_3,1,MOVING_TO_FIELD,Field_3,2,0.16,0,0,4,0,0.07,3,0,1,0,0.01,0,2,2,0,0.16,0,3,3
71,2,0,0,3,0,5,0,1,PROTECTING,Field_2,1,MOVING_TO_FIELD,Field_4,1,PROTECTING,Field_2,1,PROTECTING,Field_2,1,MOVING_TO_FIELD,Field_4,1,MOVING_TO_FIELD,Field_4,1,MOVING_TO_FIELD,Field_3,1,MOVING_TO_FIELD,Field_3,2,0.16,0,0,4,0,0.07,3,0,1,0,0.01,0,2,2,0,0.15,0,3,3
72,2,0,0,3,0,5,0,1,PROTECTING,Field_2,1,MOVING_TO_FIELD,Field_4,1,PROTECTING,Field_2,1,PROTECTING,Field_2,1,MOVING_TO_FIELD,Field_4,1,MOVING_TO_FIELD,Field_4,1,MOVING_TO_FIELD,Field_3,1,MOVING_TO_FIELD,Field_3,2,0.15,0,0,4,0,0.09,3,0,1,0,0.01,0,2,2,0,0.15,0,3,3
73,2,0,0,5,0,3,0,1,PROTECTING,Field_2,1,PROTECTING,Field_4,1,PROTECTING,Field_2,1,PROTECTING,Field_2,1,PROTECTING,Field_4,1,MOVING_TO_FIELD,Field_4,1,MOVING_TO_FIELD,Field_3,1,MOVING_TO_FIELD,Field_3,2,0.16,0,0,4,0,0.05,3,0,1,0,0.03,0,2,2,0,0.14,2,1,1
74,2,0,0,5,0,3,0,1,PROTECTING,Field_2,1,PROTECTING,Field_4,1,PROTECTING,Field_2,1,PROTECTING,Field_2,1,PROTECTING,Field_4,1,MOVING_TO_FIELD,Field_4,1,MOVING_TO_FIELD,Field_3,1,MOVING_TO_FIELD,Field_3,2,0.19,0,0,4,0,0.06,3,0,1,0,0.03,0,2,2,0,0.14,2,1,1
75,2,0,0,6,0,2,0,1,PROTECTING,Field_2,1,PROTECTING,Field_4,1,PROTECTING,Field_2,1,PROTECTING,Field_2,1,PROTECTING,Field_4,1,MOVING_TO_FIELD,Field_4,1,PROTECTING,Field_3,1,MOVING_TO_FIELD,Field_3,2,0.20,0,0,4,0,0.06,3,0,1,0,0.03,1,1,1,0,0.15,2,1,1
76,2,0,0,6,0,2,0,1,PROTECTING,Field_2,1,PROTECTING,Field_4,1,PROTECTING,Field_2,1,PROTECTING,Field_2,1,PROTECTING,Field_4,1,MOVING_TO_FIELD,Field_4,1,PROTECTING,Field_3,1,MOVING_TO_FIELD,Field_3,2,0.20,0,0,4,0,0.06,3,0,1,0,0.03,1,1,1,0,0.16,2,1,1
77,2,0,0,6,0,2,0,1,PROTECTING,Field_2,1,PROTECTING,Field_4,1,PROTECTING,Field_2,1,PROTECTING,Field_2,1,PROTECTING,Field_4,1,MOVING_TO_FIELD,Field_4,1,PROTECTING,Field_3,1,MOVING_TO_FIELD,Field_3,2,0.19,0,0,4,0,0.06,3,0,1,0,0.04,1,1,1,0,0.17,2,1,1
78,2,0,0,6,0,2,0,1,PROTECTING,Field_2,1,PROTECTING,Field_4,1,PROTECTING,Field_2,1,PROTECTING,Field_2,1,PROTECTING,Field_4,1,MOVING_TO_FIELD,Field_4,1,PROTECTING,Field_3,1,MOVING_TO_FIELD,Field_3,2,0.21,0,0,4,0,0.06,3,0,1,0,0.04,1,1,1,0,0.17,2,1,1
79,2,0,0,7,0,1,0,1,PROTECTING,Field_2,1,PROTECTING,Field_4,1,PROTECTING,Field_2,1,PROTECTING,Field_2,1,PROTECTING,Field_4,1,PROTECTING,Field_4,1,PROTECTING,Field_3,1,MOVING_TO_FIELD,Field_3,2,0.24,0,0,4,0,0.07,3,0,1,0,0.04,1,1,1,0,0.17,3,0,0
80,2,0,0,7,0,1,0,1,PROTECTING,Field_2,1,PROTECTING,Field_4,1,PROTECTING,Field_2,1,PROTECTING,Field_2,1,PROTECTING,Field_4,1,PROTECTING,Field_4,1,PROTECTING,Field_3,1,MOVING_TO_FIELD,Field_3,2,0.23,0,0,4,0,0.07,3,0,1,0,0.05,1,1,1,0,0.16,3,0,0
81,2,0,0,3,0,5,0,1,MOVING_TO_FIELD,Field_1,1,MOVING_TO_FIELD,Field_1,1,MOVING_TO_FIELD,Field_1,1,MOVING_TO_FIELD,Field_1,1,PROTECTING,Field_4,1,PROTECTING,Field_4,1,PROTECTING,Field_3,1,MOVING_TO_FIELD,Field_3,2,0.21,0,4,4,0,0.09,0,0,4,0,0.05,1,1,1,0,0.16,2,0,1
82,2,0,0,4,0,4,0,1,MOVING_TO_FIELD,Field_1,1,MOVING_TO_FIELD,Field_1,1,MOVING_TO_FIELD,Field_1,1,MOVING_TO_FIELD,Field_1,1,PROTECTING,Field_4,1,PROTECTING,Field_4,1,PROTECTING,Field_3,1,PROTECTING,Field_3,2,0.21,0,4,4,0,0.09,0,0,4,0,0.06,2,0,0,0,0.15,2,0,1
83,2,0,0,4,0,4,0,1,MOVING_TO_FIELD,Field_1,1,MOVING_TO_FIELD,Field_1,1,MOVING_TO_FIELD,Field_1,1,MOVING_TO_FIELD,Field_1,1,PROTECTING,Field_4,1,PROTECTING,Field_4,1,PROTECTING,Field_3,1,PROTECTING,Field_3,2,0.24,0,4,4,0,0.07,0,0,4,0,0.06,2,0,0,0,0.12,2,0,1
84,2,0,0,4,0,4,0,1,MOVING_TO_FIELD,Field_1,1,MOVING_TO_FIELD,Field_1,1,MOVING_TO_FIELD,Field_1,1,MOVING_TO_FIELD,Field_1,1,PROTECTING,Field_4,1,PROTECTING,Field_4,1,PROTECTING,Field_3,1,PROTECTING,Field_3,2,0.23,0,4,4,0,0.09,0,0,4,0,0.07,2,0,0,0,0.11,2,0,1
85,3,0,0,4,0,4,0,1,MOVING_TO_FIELD,Field_1,1,MOVING_TO_FIELD,Field_1,1,MOVING_TO_FIELD,Field_1,1,MOVING_TO_FIELD,Field_1,1,PROTECTING,Field_4,1,PROTECTING,Field_4,1,PROTECTING,Field_3,1,PROTECTING,Field_3,3,0.26,0,4,4,0,0.09,0,0,4,0,0.07,2,0,0,0,0.07,2,0,1
86,4,0,0,4,0,4,0,1,MOVING_TO_FIELD,Field_1,1,MOVING_TO_FIELD,Field_1,1,MOVING_TO_FIELD,Field_1,1,MOVING_TO_FIELD,Field_1,1,PROTECTING,Field_4,1,PROTECTING,Field_4,1,PROTECTING,Field_3,1,PROTECTING,Field_3,4,0.29,0,4,4,0,0.09,0,0,4,0,0.09,2,0,0,0,0.07,2,0,1
87,4,0,0,4,0,4,0,1,MOVING_TO_FIELD,Field_1,1,MOVING_TO_FIELD,Field_1,1,MOVING_TO_FIELD,Field_1,1,MOVING_TO_FIELD,Field_1,1,PROTECTING,Field_4,1,PROTECTING,Field_4,1,PROTECTING,Field_3,1,PROTECTING,Field_3,4,0.31,0,4,4,0,0.06,0,0,4,0,0.09,2,0,0,0,0.06,2,0,1
88,5,0,0,4,0,4,0,1,MOVING_TO_FIELD,Field_1,1,MOVING_TO_FIELD,Field_1,1,MOVING_TO_FIELD,Field_1,1,MOVING_TO_FIELD,Field_1,1,PROTECTING,Field_4,1,PROTECTING,Field_4,1,PROTECTING,Field_3,1,PROTECTING,Field_3,5,0.31,0,4,4,0,0.06,0,0,4,0,0.11,2,0,0,0,0.06,2,0,1
89,6,0,0,4,0,4,0,1,MOVING_TO_FIELD,Field_1,1,MOVING_TO_FIELD,Field_1,1,MOVING_TO_FIELD,Field_1,1,MOVING_TO_FIELD,Field_1,1,PROTECTING,Field_4,1,PROTECTING,Field_4,1,PROTECTING,Field_3,1,PROTECTING,Field_3,6,0.31,0,4,4,0,0.07,0,0,4,0,0.12,2,0,0,0,0.07,2,0,1
90,7,0,0,5,0,3,0,1,PROTECTING,Field_1,1,MOVING_TO_FIELD,Field_1,1,MOVING_TO_FIELD,Field_1,1,MOVING_TO_FIELD,Field_1,1,PROTECTING,Field_4,1,PROTECTING,Field_4,1,PROTECTING,Field_3,1,PROTECTING,Field_3,7,0.33,1,3,3,0,0.06,0,0,4,0,0.15,2,0,0,0,0.06,2,0,1
91,7,0,0,5,0,3,0,1,PROTECTING,Field_1,1,MOVING_TO_FIELD,Field_1,1,MOVING_TO_FIELD,Field_1,1,MOVING_TO_FIELD,Field_1,1,PROTECTING,Field_4,1,PROTECTING,Field_4,1,PROTECTING,Field_3,1,PROTECTING,Field_3,7,0.33,1,3,3,0,0.05,0,0,4,0,0.16,2,0,0,0,0.06,2,0,1
92,9,0,0,5,0,3,0,1,PROTECTING,Field_1,1,MOVING_TO_FIELD,Field_1,1,MOVING_TO_FIELD,Field_1,1,MOVING_TO_FIELD,Field_1,1,PROTECTING,Field_4,1,PROTECTING,Field_4,1,PROTECTING,Field_3,1,PROTECTING,Field_3,9,0.34,1,3,3,0,0.05,0,0,4,0,0.16,2,0,0,0,0.06,2,0,1
93,9,0,0,5,0,3,0,1,PROTECTING,Field_1,1,MOVING_TO_FIELD,Field_1,1,MOVING_TO_FIELD,Field_1,1,MOVING_TO_FIELD,Field_1,1,PROTECTING,Field_4,1,PROTECTING,Field_4,1,PROTECTING,Field_3,1,PROTECTING,Field_3,9,0.35,1,3,3,0,0.06,0,0,4,0,0.17,2,0,0,0,0.06,2,0,1
94,9,0,0,6,0,2,0,1,PROTECTING,Field_1,1,PROTECTING,Field_1,1,MOVING_TO_FIELD,Field_1,1,MOVING_TO_FIELD,Field_1,1,PROTECTING,Field_4,1,PROTECTING,Field_4,1,PROTECTING,Field_3,1,PROTECTING,Field_3,9,0.36,2,2,2,0,0.06,0,0,4,0,0.17,2,0,0,0,0.05,2,0,1
95,9,0,0,7,0,1,0,1,PROTECTING,Field_1,1,PROTECTING,Field_1,1,PROTECTING,Field_1,1,MOVING_TO_FIELD,Field_1,1,PROTECTING,Field_4,1,PROTECTING,Field_4,1,PROTECTING,Field_3,1,PROTECTING,Field_3,9,0.36,3,1,1,0,0.07,0,0,4,0,0.16,2,0,0,0,0.05,2,0,1
96,9,0,0,7,0,1,0,1,PROTECTING,Field_1,1,PROTECTING,Field_1,1,PROTECTING,Field_1,1,MOVING_TO_FIELD,Field_1,1,PROTECTING,Field_4,1,PROTECTING,Field_4,1,PROTECTING,Field_3,1,PROTECTING,Field_3,9,0.40,3,1,1,0,0.06,0,0,4,0,0.12,2,0,0,0,0.05,2,0,1
97,9,0,0,7,0,1,0,1,PROTECTING,Field_1,1,PROTECTING,Field_1,1,PROTECTING,Field_1,1,MOVING_TO_FIELD,Field_1,1,PROTECTING,Field_4,1,PROTECTING,Field_4,1,PROTECTING,Field_3,1,PROTECTING,Field_3,9,0.41,3,1,1,0,0.06,0,0,4,0,0.10,2,0,0,0,0.05,2,0,1
98,9,0,0,8,0,0,0,1,PROTECTING,Field_1,1,PROTECTING,Field_1,1,PROTECTING,Field_1,1,PROTECTING,Field_1,1,PROTECTING,Field_4,1,PROTECTING,Field_4,1,PROTECTING,Field_3,1,PROTECTING,Field_3,9,0.41,4,0,0,0,0.05,0,0,4,0,0.10,2,0,0,0,0.06,2,0,1
99,9,0,0,8,0,0,0,1,PROTECTING,Field_1,1,PROTECTING,Field_1,1,PROTECTING,Field_1,1,PROTECTING,Field_1,1,PROTECTING,Field_4,1,PROTECTING,Field_4,1,PROTECTING,Field_3,1,PROTECTING,Field_3,9,0.41,4,0,0,0,0.06,0,0,4,0,0.10,2,0,0,0,0.06,2,0,1
100,9,0,0,8,0,0,0,1,PROTECTING,Field_1,1,PROTECTING,Field_1,1,PROTECTING,Field_1,1,PROTECTING,Field_1,1,PROTECTING,Field_4,1,PROTECTING,Field_4,1,PROTECTING,Field_3,1,PROTECTING,Field_3,9,0.41,4,0,0,0,0.06,0,0,4,0,0.10,2,0,0,0,0.06,2,0,1
101,9,0,0,8,0,0,0,1,PROTECTING,Field_1,1,PROTECTING,Field_1,1,PROTECTING,Field_1,1,PROTECTING,Field_1,1,PROTECTING,Field_4,1,PROTECTING,Field_4,1,PROTECTING,Field_3,1,PROTECTING,Field_3,9,0.41,4,0,0,0,0.06,0,0,4,0,0.09,2,0,0,0,0.07,2,0,1
102,9,0,0,8,0,0,0,1,PROTECTING,Field_1,1,PROTECTING,Field_1,1,PROTECTING,Field_1,1,PROTECTING,Field_1,1,PROTECTING,Field_4,1,PROTECTING,Field_4,1,PROTECTING,Field_3,1,PROTECTING,Field_3,9,0.42,4,0,0,0,0.06,0,0,4,0,0.07,2,0,0,0,0.09,2,0,1
103,9,0,0,8,0,0,0,1,PROTECTING,Field_1,1,PROTECTING,Field_1,1,PROTECTING,Field_1,1,PROTECTING,Field_1,1,PROTECTING,Field_4,1,PROTECTING,Field_4,1,PROTECTING,Field_3,1,PROTECTING,Field_3,9,0.44,4,0,0,0,0.07,0,0,4,0,0.07,2,0,0,0,0.09,2,0,1
104,9,0,0,8,0,0,0,1,PROTECTING,Field_1,1,PROTECTING,Field_1,1,PROTECTING,Field_1,1,PROTECTING,Field_1,1,PROTECTING,Field_4,1,PROTECTING,Field_4,1,PROTECTING,Field_3,1,PROTECTING,Field_3,9,0.45,4,0,0,0,0.07,0,0,4,0,0.06,2,0,0,0,0.10,2,0,1
105,9,0,0,8,0,0,0,1,PROTECTING,Field_1,1,PROTECTING,Field_1,1,PROTECTING,Field_1,1,PROTECTING,Field_1,1,PROTECTING,Field_4,1,PROTECTING,Field_4,1,PROTECTING,Field_3,1,PROTECTING,Field_3,9,0.46,4,0,0,0,0.09,0,0,4,0,0.05,2,0,0,0,0.10,2,0,1
106,9,0,0,8,0,0,0,1,PROTECTING,Field_1,1,PROTECTING,Field_1,1,PROTECTING,Field_1,1,PROTECTING,Field_1,1,PROTECTING,Field_4,1,PROTECTING,Field_4,1,PROTECTING,Field_3,1,PROTECTING,Field_3,9,0.44,4,0,0,0,0.09,0,0,4,0,0.05,2,0,0,0,0.10,2,0,1
107,9,0,0,8,0,0,0,1,PROTECTING,Field_1,1,PROTECTING,Field_1,1,PROTECTING,Field_1,1,PROTECTING,Field_1,1,PROTECTING,Field_4,1,PROTECTING,Field_4,1,PROTECTING,Field_3,1,PROTECTING,Field_3,9,0.40,4,0,0,0,0.09,0,0,4,0,0.04,2,0,0,0,0.11,2,0,1
108,10,0,0,8,0,0,0,1,PROTECTING,Field_1,1,PROTECTING,Field_1,1,PROTECTING,Field_1,1,PROTECTING,Field_1,1,PROTECTING,Field_4,1,PROTECTING,Field_4,1,PROTECTING,Field_3,1,PROTECTING,Field_3,9,0.41,4,0,0,1,0.09,0,0,4,0,0.04,2,0,0,0,0.10,2,0,1
109,10,0,0,8,0,0,0,1,PROTECTING,Field_1,1,PROTECTING,Field_1,1,PROTECTING,Field_1,1,PROTECTING,Field_1,1,PROTECTING,Field_4,1,PROTECTING,Field_4,1,PROTECTING,Field_3,1,PROTECTING,Field_3,9,0.39,4,0,0,1,0.07,0,0,4,0,0.03,2,0,0,0,0.10,2,0,1
110,11,0,0,8,0,0,0,1,PROTECTING,Field_1,1,PROTECTING,Field_1,1,PROTECTING,Field_1,1,PROTECTING,Field_1,1,PROTECTING,Field_4,1,PROTECTING,Field_4,1,PROTECTING,Field_3,1,PROTECTING,Field_3,9,0.36,4,0,0,1,0.07,0,0,4,0,0.03,2,0,0,1,0.09,2,0,1
111,11,0,0,8,0,0,0,1,PROTECTING,Field_1,1,PROTECTING,Field_1,1,PROTECTING,Field_1,1,PROTECTING,Field_1,1,PROTECTING,Field_4,1,PROTECTING,Field_4,1,PROTECTING,Field_3,1,PROTECTING,Field_3,9,0.36,4,0,0,1,0.06,0,0,4,0,0.03,2,0,0,1,0.09,2,0,1
112,11,0,0,8,0,0,0,1,PROTECTING,Field_1,1,PROTECTING,Field_1,1,PROTECTING,Field_1,1,PROTECTING,Field_1,1,PROTECTING,Field_4,1,PROTECTING,Field_4,1,PROTECTING,Field_3,1,PROTECTING,Field_3,9,0.30,4,0,0,1,0.06,0,0,4,0,0.01,2,0,0,1,0.10,2,0,1
113,11,0,0,8,0,0,0,1,PROTECTING,Field_1,1,PROTECTING,Field_1,1,PROTECTING,Field_1,1,PROTECTING,Field_1,1,PROTECTING,Field_4,1,PROTECTING,Field_4,1,PROTECTING,Field_3,1,PROTECTING,Field_3,9,0.28,4,0,0,1,0.07,0,0,4,0,0.00,2,0,0,1,0.09,2,0,1
114,11,0,0,8,0,0,0,1,PROTECTING,Field_1,1,PROTECTING,Field_1,1,PROTECTING,Field_1,1,PROTECTING,Field_1,1,PROTECTING,Field_4,1,PROTECTING,Field_4,1,PROTECTING,Field_3,1,PROTECTING,Field_3,9,0.24,4,0,0,1,0.07,0,0,4,0,0.00,2,0,0,1,0.09,2,0,1
115,11,0,0,8,0,0,0,1,PROTECTING,Field_1,1,PROTECTING,Field_1,1,PROTECTING,Field_1,1,PROTECTING,Field_1,1,PROTECTING,Field_4,1,PROTECTING,Field_4,1,PROTECTING,Field_3,1,PROTECTING,Field_3,9,0.24,4,0,0,1,0.07,0,0,4,0,0.00,2,0,0,1,0.09,2,0,1
116,11,0,0,8,0,0,0,1,PROTECTING,Field_1,1,PROTECTING,Field_1,1,PROTECTING,Field_1,1,PROTECTING,Field_1,1,PROTECTING,Field_4,1,PROTECTING,Field_4,1,PROTECTING,Field_3,1,PROTECTING,Field_3,9,0.21,4,0,0,1,0.10,0,0,4,0,0.00,2,0,0,1,0.10,2,0,1
117,11,0,0,8,0,0,0,1,PROTECTING,Field_1,1,PROTECTING,Field_1,1,PROTECTING,Field_1,1,PROTECTING,Field_1,1,PROTECTING,Field_4,1,PROTECTING,Field_4,1,PROTECTING,Field_3,1,PROTECTING,Field_3,9,0.20,4,0,0,1,0.11,0,0,4,0,0.00,2,0,0,1,0.10,2,0,1
118,12,0,0,8,0,0,0,1,PROTECTING,Field_1,1,PROTECTING,Field_1,1,PROTECTING,Field_1,1,PROTECTING,Field_1,1,PROTECTING,Field_4,1,PROTECTING,Field_4,1,PROTECTING,Field_3,1,PROTECTING,Field_3,9,0.19,4,0,0,1,0.11,0,0,4,0,0.00,2,0,0,2,0.10,2,0,1
119,12,0,0,8,0,0,0,1,PROTECTING,Field_1,1,PROTECTING,Field_1,1,PROTECTING,Field_1,1,PROTECTING,Field_1,1,PROTECTING,Field_4,1,PROTECTING,Field_4,1,PROTECTING,Field_3,1,PROTECTING,Field_3,9,0.15,4,0,0,1,0.10,0,0,4,0,0.00,2,0,0,2,0.10,2,0,1
120,12,0,0,8,0,0,0,1,PROTECTING,Field_1,1,PROTECTING,Field_1,1,PROTECTING,Field_1,1,PROTECTING,Field_1,1,PROTECTING,Field_4,1,PROTECTING,Field_4,1,PROTECTING,Field_3,1,PROTECTING,Field_3,9,0.15,4,0,0,1,0.10,0,0,4,0,0.00,2,0,0,2,0.09,2,0,1
121,13,0,0,6,0,2,0,1,PROTECTING,Field_1,1,PROTECTING,Field_1,1,PROTECTING,Field_1,1,PROTECTING,Field_1,1,PROTECTING,Field_4,1,PROTECTING,Field_4,1,MOVING_TO_FIELD,Field_2,1,MOVING_TO_FIELD,Field_2,9,0.16,4,0,0,1,0.11,0,2,4,0,0.00,0,0,2,3,0.09,2,0,1
122,13,0,0,6,0,2,0,1,PROTECTING,Field_1,1,PROTECTING,Field_1,1,PROTECTING,Field_1,1,PROTECTING,Field_1,1,PROTECTING,Field_4,1,PROTECTING,Field_4,1,MOVING_TO_FIELD,Field_2,1,MOVING_TO_FIELD,Field_2,9,0.16,4,0,0,1,0.12,0,2,4,0,0.00,0,0,2,3,0.10,2,0,1
123,13,0,0,6,0,2,0,1,PROTECTING,Field_1,1,PROTECTING,Field_1,1,PROTECTING,Field_1,1,PROTECTING,Field_1,1,PROTECTING,Field_4,1,PROTECTING,Field_4,1,MOVING_TO_FIELD,Field_2,1,MOVING_TO_FIELD,Field_2,9,0.15,4,0,0,1,0.14,0,2,4,0,0.00,0,0,2,3,0.10,2,0,1
124,13,0,0,6,0,2,0,1,PROTECTING,Field_1,1,PROTECTING,Field_1,1,PROTECTING,Field_1,1,PROTECTING,Field_1,1,PROTECTING,Field_4,1,PROTECTING,Field_4,1,MOVING_TO_FIELD,Field_2,1,MOVING_TO_FIELD,Field_2,9,0.15,4,0,0,1,0.16,0,2,4,0,0.00,0,0,2,3,0.09,2,0,1
125,14,0,0,6,0,2,0,1,PROTECTING,Field_1,1,PROTECTING,Field_1,1,PROTECTING,Field_1,1,PROTECTING,Field_1,1,PROTECTING,Field_4,1,PROTECTING,Field_4,1,MOVING_TO_FIELD,Field_2,1,MOVING_TO_FIELD,Field_2,9,0.15,4,0,0,1,0.16,0,2,4,0,0.00,0,0,2,4,0.10,2,0,1
126,14,0,0,6,0,2,0,1,PROTECTING,Field_1,1,PROTECTING,Field_1,1,PROTECTING,Field_1,1,PROTECTING,Field_1,1,PROTECTING,Field_4,1,PROTECTING,Field_4,1,MOVING_TO_FIELD,Field_2,1,MOVING_TO_FIELD,Field_2,9,0.14,4,0,0,1,0.17,0,2,4,0,0.00,0,0,2,4,0.10,2,0,1
127,14,0,0,6,0,2,0,1,PROTECTING,Field_1,1,PROTECTING,Field_1,1,PROTECTING,Field_1,1,PROTECTING,Field_1,1,PROTECTING,Field_4,1,PROTECTING,Field_4,1,MOVING_TO_FIELD,Field_2,1,MOVING_TO_FIELD,Field_2,9,0.11,4,0,0,1,0.19,0,2,4,0,0.00,0,0,2,4,0.10,2,0,1
128,15,0,0,6,0,2,0,1,PROTECTING,Field_1,1,PROTECTING,Field_1,1,PROTECTING,Field_1,1,PROTECTING,Field_1,1,PROTECTING,Field_4,1,PROTECTING,Field_4,1,MOVING_TO_FIELD,Field_2,1,MOVING_TO_FIELD,Field_2,9,0.11,4,0,0,1,0.19,0,2,4,0,0.00,0,0,2,5,0.10,2,0,1
129,17,0,0,6,0,2,0,1,PROTECTING,Field_1,1,PROTECTING,Field_1,1,PROTECTING,Field_1,1,PROTECTING,Field_1,1,PROTECTING,Field_4,1,PROTECTING,Field_4,1,MOVING_TO_FIELD,Field_2,1,MOVING_TO_FIELD,Field_2,9,0.10,4,0,0,1,0.21,0,2,4,0,0.00,0,0,2,7,0.10,2,0,1
130,17,0,0,6,0,2,0,1,PROTECTING,Field_1,1,PROTECTING,Field_1,1,PROTECTING,Field_1,1,PROTECTING,Field_1,1,PROTECTING,Field_4,1,PROTECTING,Field_4,1,MOVING_TO_FIELD,Field_2,1,MOVING_TO_FIELD,Field_2,9,0.09,4,0,0,1,0.21,0,2,4,0,0.00,0,0,2,7,0.11,2,0,1
131,17,0,0,8,0,0,0,1,PROTECTING,Field_1,1,PROTECTING,Field_1,1,PROTECTING,Field_1,1,PROTECTING,Field_1,1,PROTECTING,Field_4,1,PROTECTING,Field_4,1,PROTECTING,Field_2,1,PROTECTING,Field_2,9,0.07,4,0,0,1,0.20,2,0,2,0,0.00,0,0,2,7,0.11,2,0,1
132,18,0,0,8,0,0,0,1,PROTECTING,Field_1,1,PROTECTING,Field_1,1,PROTECTING,Field_1,1,PROTECTING,Field_1,1,PROTECTING,Field_4,1,PROTECTING,Field_4,1,PROTECTING,Field_2,1,PROTECTING,Field_2,9,0.07,4,0,0,1,0.21,2,0,2,0,0.00,0,0,2,8,0.11,2,0,1
133,19,0,0,8,0,0,0,1,PROTECTING,Field_1,1,PROTECTING,Field_1,1,PROTECTING,Field_1,1,PROTECTING,Field_1,1,PROTECTING,Field_4,1,PROTECTING,Field_4,1,PROTECTING,Field_2,1,PROTECTING,Field_2,9,0.06,4,0,0,1,0.23,2,0,2,0,0.01,0,0,2,9,0.11,2,0,1
134,20,0,0,8,0,0,0,1,PROTECTING,Field_1,1,PROTECTING,Field_1,1,PROTECTING,Field_1,1,PROTECTING,Field_1,1,PROTECTING,Field_4,1,PROTECTING,Field_4,1,PROTECTING,Field_2,1,PROTECTING,Field_2,9,0.06,4,0,0,1,0.23,2,0,2,0,0.01,0,0,2,10,0.14,2,0,1
135,20,0,0,8,0,0,0,1,PROTECTING,Field_1,1,PROTECTING,Field_1,1,PROTECTING,Field_1,1,PROTECTING,Field_1,1,PROTECTING,Field_4,1,PROTECTING,Field_4,1,PROTECTING,Field_2,1,PROTECTING,Field_2,9,0.05,4,0,0,1,0.21,2,0,2,0,0.01,0,0,2,10,0.15,2,0,1
136,21,0,0,8,0,0,0,1,PROTECTING,Field_1,1,PROTECTING,Field_1,1,PROTECTING,Field_1,1,PROTECTING,Field_1,1,PROTECTING,Field_4,1,PROTECTING,Field_4,1,PROTECTING,Field_2,1,PROTECTING,Field_2,9,0.05,4,0,0,1,0.23,2,0,2,0,0.03,0,0,2,11,0.16,2,0,1
137,21,0,0,8,0,0,0,1,PROTECTING,Field_1,1,PROTECTING,Field_1,1,PROTECTING,Field_1,1,PROTECTING,Field_1,1,PROTECTING,Field_4,1,PROTECTING,Field_4,1,PROTECTING,Field_2,1,PROTECTING,Field_2,9,0.04,4,0,0,1,0.25,2,0,2,0,0.03,0,0,2,11,0.14,2,0,1
138,22,0,0,8,0,0,0,1,PROTECTING,Field_1,1,PROTECTING,Field_1,1,PROTECTING,Field_1,1,PROTECTING,Field_1,1,PROTECTING,Field_4,1,PROTECTING,Field_4,1,PROTECTING,Field_2,1,PROTECTING,Field_2,9,0.05,4,0,0,2,0.25,2,0,2,0,0.03,0,0,2,11,0.14,2,0,1
139,22,0,0,8,0,0,0,1,PROTECTING,Field_1,1,PROTECTING,Field_1,1,PROTECTING,Field_1,1,PROTECTING,Field_1,1,PROTECTING,Field_4,1,PROTECTING,Field_4,1,PROTECTING,Field_2,1,PROTECTING,Field_2,9,0.05,4,0,0,2,0.25,2,0,2,0,0.03,0,0,2,11,0.14,2,0,1
140,22,0,0,8,0,0,0,1,PROTECTING,Field_1,1,PROTECTING,Field_1,1,PROTECTING,Field_1,1,PROTECTING,Field_1,1,PROTECTING,Field_4,1,PROTECTING,Field_4,1,PROTECTING,Field_2,1,PROTECTING,Field_2,9,0.05,4,0,0,2,0.26,2,0,2,0,0.03,0,0,2,11,0.14,2,0,1
141,22,0,0,8,0,0,0,1,PROTECTING,Field_1,1,PROTECTING,Field_1,1,PROTECTING,Field_1,1,PROTECTING,Field_1,1,PROTECTING,Field_4,1,PROTECTING,Field_4,1,PROTECTING,Field_2,1,PROTECTING,Field_2,9,0.05,4,0,0,2,0.29,2,0,2,0,0.03,0,0,2,11,0.14,2,0,1
142,22,0,0,8,0,0,0,1,PROTECTING,Field_1,1,PROTECTING,Field_1,1,PROTECTING,Field_1,1,PROTECTING,Field_1,1,PROTECTING,Field_4,1,PROTECTING,Field_4,1,PROTECTING,Field_2,1,PROTECTING,Field_2,9,0.05,4,0,0,2,0.29,2,0,2,0,0.04,0,0,2,11,0.12,2,0,1
143,26,0,0,8,0,0,0,1,PROTECTING,Field_1,1,PROTECTING,Field_1,1,PROTECTING,Field_1,1,PROTECTING,Field_1,1,PROTECTING,Field_4,1,PROTECTING,Field_4,1,PROTECTING,Field_2,1,PROTECTING,Field_2,9,0.05,4,0,0,6,0.29,2,0,2,0,0.05,0,0,2,11,0.11,2,0,1
144,26,0,0,8,0,0,0,1,PROTECTING,Field_1,1,PROTECTING,Field_1,1,PROTECTING,Field_1,1,PROTECTING,Field_1,1,PROTECTING,Field_4,1,PROTECTING,Field_4,1,PROTECTING,Field_2,1,PROTECTING,Field_2,9,0.06,4,0,0,6,0.30,2,0,2,0,0.05,0,0,2,11,0.10,2,0,1
145,27,0,0,8,0,0,0,1,PROTECTING,Field_1,1,PROTECTING,Field_1,1,PROTECTING,Field_1,1,PROTECTING,Field_1,1,PROTECTING,Field_4,1,PROTECTING,Field_4,1,PROTECTING,Field_2,1,PROTECTING,Field_2,9,0.06,4,0,0,6,0.34,2,0,2,0,0.03,0,0,2,12,0.10,2,0,1
146,29,0,0,8,0,0,0,1,PROTECTING,Field_1,1,PROTECTING,Field_1,1,PROTECTING,Field_1,1,PROTECTING,Field_1,1,PROTECTING,Field_4,1,PROTECTING,Field_4,1,PROTECTING,Field_2,1,PROTECTING,Field_2,9,0.06,4,0,0,7,0.34,2,0,2,0,0.03,0,0,2,13,0.10,2,0,1
147,33,0,0,8,0,0,0,1,PROTECTING,Field_1,1,PROTECTING,Field_1,1,PROTECTING,Field_1,1,PROTECTING,Field_1,1,PROTECTING,Field_4,1,PROTECTING,Field_4,1,PROTECTING,Field_2,1,PROTECTING,Field_2,9,0.06,4,0,0,10,0.34,2,0,2,0,0.03,0,0,2,14,0.10,2,0,1
148,35,0,0,8,0,0,0,1,PROTECTING,Field_1,1,PROTECTING,Field_1,1,PROTECTING,Field_1,1,PROTECTING,Field_1,1,PROTECTING,Field_4,1,PROTECTING,Field_4,1,PROTECTING,Field_2,1,PROTECTING,Field_2,9,0.04,4,0,0,12,0.34,2,0,2,0,0.03,0,0,2,14,0.10,2,0,1
149,37,0,0,8,0,0,0,1,PROTECTING,Field_1,1,PROTECTING,Field_1,1,PROTECTING,Field_1,1,PROTECTING,Field_1,1,PROTECTING,Field_4,1,PROTECTING,Field_4,1,PROTECTING,Field_2,1,PROTECTING,Field_2,9,0.04,4,0,0,13,0.35,2,0,2,0,0.01,0,0,2,15,0.10,2,0,1
150,37,0,0,8,0,0,0,1,PROTECTING,Field_1,1,PROTECTING,Field_1,1,PROTECTING,Field_1,1,PROTECTING,Field_1,1,PROTECTING,Field_4,1,PROTECTING,Field_4,1,PROTECTING,Field_2,1,PROTECTING,Field_2,9,0.03,4,0,0,13,0.36,2,0,2,0,0.03,0,0,2,15,0.10,2,0,1
151,37,2,0,2,0,4,0,1,MOVING_TO_FIELD,Field_4,1,MOVING_TO_FIELD,Field_4,1,IDLE,,1,IDLE,,1,MOVING_TO_FIELD,Field_2,1,MOVING_TO_FIELD,Field_2,1,PROTECTING,Field_2,1,PROTECTING,Field_2,9,0.03,0,0,4,13,0.36,2,2,2,0,0.03,0,0,2,15,0.07,0,2,3
152,39,2,0,2,0,4,0,1,MOVING_TO_FIELD,Field_4,1,MOVING_TO_FIELD,Field_4,1,IDLE,,1,IDLE,,1,MOVING_TO_FIELD,Field_2,1,MOVING_TO_FIELD,Field_2,1,PROTECTING,Field_2,1,PROTECTING,Field_2,9,0.01,0,0,4,15,0.36,2,2,2,0,0.03,0,0,2,15,0.07,0,2,3
153,43,2,0,2,0,4,0,1,MOVING_TO_FIELD,Field_4,1,MOVING_TO_FIELD,Field_4,1,IDLE,,1,IDLE,,1,MOVING_TO_FIELD,Field_2,1,MOVING_TO_FIELD,Field_2,1,PROTECTING,Field_2,1,PROTECTING,Field_2,9,0.01,0,0,4,18,0.36,2,2,2,0,0.01,0,0,2,16,0.06,0,2,3
154,45,2,0,2,0,4,0,1,MOVING_TO_FIELD,Field_4,1,MOVING_TO_FIELD,Field_4,1,IDLE,,1,IDLE,,1,MOVING_TO_FIELD,Field_2,1,MOVING_TO_FIELD,Field_2,1,PROTECTING,Field_2,1,PROTECTING,Field_2,9,0.00,0,0,4,20,0.38,2,2,2,0,0.01,0,0,2,16,0.10,0,2,3
155,47,2,0,2,0,4,0,1,MOVING_TO_FIELD,Field_4,1,MOVING_TO_FIELD,Field_4,1,IDLE,,1,IDLE,,1,MOVING_TO_FIELD,Field_2,1,MOVING_TO_FIELD,Field_2,1,PROTECTING,Field_2,1,PROTECTING,Field_2,9,0.00,0,0,4,22,0.39,2,2,2,0,0.01,0,0,2,16,0.12,0,2,3
156,49,2,0,2,0,4,0,1,MOVING_TO_FIELD,Field_4,1,MOVING_TO_FIELD,Field_4,1,IDLE,,1,IDLE,,1,MOVING_TO_FIELD,Field_2,1,MOVING_TO_FIELD,Field_2,1,PROTECTING,Field_2,1,PROTECTING,Field_2,9,0.00,0,0,4,24,0.39,2,2,2,0,0.01,0,0,2,16,0.12,0,2,3
157,50,2,0,2,0,4,0,1,MOVING_TO_FIELD,Field_4,1,MOVING_TO_FIELD,Field_4,1,IDLE,,1,IDLE,,1,MOVING_TO_FIELD,Field_2,1,MOVING_TO_FIELD,Field_2,1,PROTECTING,Field_2,1,PROTECTING,Field_2,9,0.00,0,0,4,25,0.39,2,2,2,0,0.03,0,0,2,16,0.14,0,2,3
158,52,2,0,2,0,4,0,1,MOVING_TO_FIELD,Field_4,1,MOVING_TO_FIELD,Field_4,1,IDLE,,1,IDLE,,1,MOVING_TO_FIELD,Field_2,1,MOVING_TO_FIELD,Field_2,1,PROTECTING,Field_2,1,PROTECTING,Field_2,9,0.00,0,0,4,27,0.40,2,2,2,0,0.03,0,0,2,16,0.12,0,2,3
159,52,2,0,2,0,4,0,1,MOVING_TO_FIELD,Field_4,1,MOVING_TO_FIELD,Field_4,1,IDLE,,1,IDLE,,1,MOVING_TO_FIELD,Field_2,1,MOVING_TO_FIELD,Field_2,1,PROTECTING,Field_2,1,PROTECTING,Field_2,9,0.00,0,0,4,27,0.41,2,2,2,0,0.04,0,0,2,16,0.12,0,2,3
160,54,2,0,2,0,4,0,1,MOVING_TO_FIELD,Field_4,1,MOVING_TO_FIELD,Field_4,1,IDLE,,1,IDLE,,1,MOVING_TO_FIELD,Field_2,1,MOVING_TO_FIELD,Field_2,1,PROTECTING,Field_2,1,PROTECTING,Field_2,9,0.01,0,0,4,29,0.42,2,2,2,0,0.04,0,0,2,16,0.14,0,2,3
161,56,1,0,2,0,5,0,1,MOVING_TO_FIELD,Field_4,1,MOVING_TO_FIELD,Field_4,1,MOVING_TO_FIELD,Field_4,1,IDLE,,1,MOVING_TO_FIELD,Field_2,1,MOVING_TO_FIELD,Field_2,1,PROTECTING,Field_2,1,PROTECTING,Field_2,9,0.01,0,0,4,31,0.45,2,2,2,0,0.04,0,0,2,16,0.11,0,3,3
162,57,1,0,2,0,5,0,1,MOVING_TO_FIELD,Field_4,1,MOVING_TO_FIELD,Field_4,1,MOVING_TO_FIELD,Field_4,1,IDLE,,1,MOVING_TO_FIELD,Field_2,1,MOVING_TO_FIELD,Field_2,1,PROTECTING,Field_2,1,PROTECTING,Field_2,9,0.01,0,0,4,32,0.45,2,2,2,0,0.05,0,0,2,16,0.09,0,3,3
163,57,1,0,4,0,3,0,1,PROTECTING,Field_4,1,PROTECTING,Field_4,1,MOVING_TO_FIELD,Field_4,1,IDLE,,1,MOVING_TO_FIELD,Field_2,1,MOVING_TO_FIELD,Field_2,1,PROTECTING,Field_2,1,PROTECTING,Field_2,9,0.01,0,0,4,32,0.45,2,2,2,0,0.05,0,0,2,16,0.09,2,1,1
164,58,1,0,4,0,3,0,1,PROTECTING,Field_4,1,PROTECTING,Field_4,1,MOVING_TO_FIELD,Field_4,1,IDLE,,1,MOVING_TO_FIELD,Field_2,1,MOVING_TO_FIELD,Field_2,1,PROTECTING,Field_2,1,PROTECTING,Field_2,9,0.03,0,0,4,33,0.44,2,2,2,0,0.05,0,0,2,16,0.09,2,1,1
165,58,1,0,4,0,3,0,1,PROTECTING,Field_4,1,PROTECTING,Field_4,1,MOVING_TO_FIELD,Field_4,1,IDLE,,1,MOVING_TO_FIELD,Field_2,1,MOVING_TO_FIELD,Field_2,1,PROTECTING,Field_2,1,PROTECTING,Field_2,9,0.03,0,0,4,33,0.45,2,2,2,0,0.05,0,0,2,16,0.09,2,1,1
166,58,1,0,4,0,3,0,1,PROTECTING,Field_4,1,PROTECTING,Field_4,1,MOVING_TO_FIELD,Field_4,1,IDLE,,1,MOVING_TO_FIELD,Field_2,1,MOVING_TO_FIELD,Field_2,1,PROTECTING,Field_2,1,PROTECTING,Field_2,9,0.03,0,0,4,33,0.47,2,2,2,0,0.05,0,0,2,16,0.09,2,1,1
167,59,1,0,4,0,3,0,1,PROTECTING,Field_4,1,PROTECTING,Field_4,1,MOVING_TO_FIELD,Field_4,1,IDLE,,1,MOVING_TO_FIELD,Field_2,1,MOVING_TO_FIELD,Field_2,1,PROTECTING,Field_2,1,PROTECTING,Field_2,9,0.03,0,0,4,34,0.47,2,2,2,0,0.07,0,0,2,16,0.07,2,1,1
168,59,1,0,5,0,2,0,1,PROTECTING,Field_4,1,PROTECTING,Field_4,1,MOVING_TO_FIELD,Field_4,1,IDLE,,1,MOVING_TO_FIELD,Field_2,1,PROTECTING,Field_2,1,PROTECTING,Field_2,1,PROTECTING,Field_2,9,0.01,0,0,4,34,0.49,3,1,1,0,0.09,0,0,2,16,0.07,2,1,1
169,59,1,0,5,0,2,0,1,PROTECTING,Field_4,1,PROTECTING,Field_4,1,MOVING_TO_FIELD,Field_4,1,IDLE,,1,MOVING_TO_FIELD,Field_2,1,PROTECTING,Field_2,1,PROTECTING,Field_2,1,PROTECTING,Field_2,9,0.01,0,0,4,34,0.49,3,1,1,0,0.10,0,0,2,16,0.06,2,1,1
170,59,1,0,5,0,2,0,1,PROTECTING,Field_4,1,PROTECTING,Field_4,1,MOVING_TO_FIELD,Field_4,1,IDLE,,1,MOVING_TO_FIELD,Field_2,1,PROTECTING,Field_2,1,PROTECTING,Field_2,1,PROTECTING,Field_2,9,0.01,0,0,4,34,0.47,3,1,1,0,0.11,0,0,2,16,0.07,2,1,1
171,59,1,0,6,0,1,0,1,PROTECTING,Field_4,1,PROTECTING,Field_4,1,MOVING_TO_FIELD,Field_4,1,IDLE,,1,PROTECTING,Field_2,1,PROTECTING,Field_2,1,PROTECTING,Field_2,1,PROTECTING,Field_2,9,0.01,0,0,4,34,0.47,4,0,0,0,0.11,0,0,2,16,0.10,2,1,1
172,59,1,0,6,0,1,0,1,PROTECTING,Field_4,1,PROTECTING,Field_4,1,MOVING_TO_FIELD,Field_4,1,IDLE,,1,PROTECTING,Field_2,1,PROTECTING,Field_2,1,PROTECTING,Field_2,1,PROTECTING,Field_2,9,0.01,0,0,4,34,0.45,4,0,0,0,0.11,0,0,2,16,0.10,2,1,1
173,59,1,0,6,0,1,0,1,PROTECTING,Field_4,1,PROTECTING,Field_4,1,MOVING_TO_FIELD,Field_4,1,IDLE,,1,PROTECTING,Field_2,1,PROTECTING,Field_2,1,PROTECTING,Field_2,1,PROTECTING,Field_2,9,0.01,0,0,4,34,0.42,4,0,0,0,0.10,0,0,2,16,0.11,2,1,1
174,59,1,0,6,0,1,0,1,PROTECTING,Field_4,1,PROTECTING,Field_4,1,MOVING_TO_FIELD,Field_4,1,IDLE,,1,PROTECTING,Field_2,1,PROTECTING,Field_2,1,PROTECTING,Field_2,1,PROTECTING,Field_2,9,0.01,0,0,4,34,0.41,4,0,0,0,0.09,0,0,2,16,0.10,2,1,1
175,59,1,0,6,0,1,0,1,PROTECTING,Field_4,1,PROTECTING,Field_4,1,MOVING_TO_FIELD,Field_4,1,IDLE,,1,PROTECTING,Field_2,1,PROTECTING,Field_2,1,PROTECTING,Field_2,1,PROTECTING,Field_2,9,0.01,0,0,4,34,0.40,4,0,0,0,0.09,0,0,2,16,0.10,2,1,1
176,59,1,0,6,0,1,0,1,PROTECTING,Field_4,1,PROTECTING,Field_4,1,MOVING_TO_FIELD,Field_4,1,IDLE,,1,PROTECTING,Field_2,1,PROTECTING,Field_2,1,PROTECTING,Field_2,1,PROTECTING,Field_2,9,0.01,0,0,4,34,0.40,4,0,0,0,0.09,0,0,2,16,0.14,2,1,1
177,60,1,0,6,0,1,0,1,PROTECTING,Field_4,1,PROTECTING,Field_4,1,MOVING_TO_FIELD,Field_4,1,IDLE,,1,PROTECTING,Field_2,1,PROTECTING,Field_2,1,PROTECTING,Field_2,1,PROTECTING,Field_2,9,0.01,0,0,4,34,0.41,4,0,0,1,0.07,0,0,2,16,0.15,2,1,1
178,60,1,0,7,0,0,0,1,PROTECTING,Field_4,1,PROTECTING,Field_4,1,PROTECTING,Field_4,1,IDLE,,1,PROTECTING,Field_2,1,PROTECTING,Field_2,1,PROTECTING,Field_2,1,PROTECTING,Field_2,9,0.01,0,0,4,34,0.39,4,0,0,1,0.07,0,0,2,16,0.12,3,0,0
179,60,1,0,7,0,0,0,1,PROTECTING,Field_4,1,PROTECTING,Field_4,1,PROTECTING,Field_4,1,IDLE,,1,PROTECTING,Field_2,1,PROTECTING,Field_2,1,PROTECTING,Field_2,1,PROTECTING,Field_2,9,0.01,0,0,4,34,0.34,4,0,0,1,0.07,0,0,2,16,0.11,3,0,0
180,61,1,0,7,0,0,0,1,PROTECTING,Field_4,1,PROTECTING,Field_4,1,PROTECTING,Field_4,1,IDLE,,1,PROTECTING,Field_2,1,PROTECTING,Field_2,1,PROTECTING,Field_2,1,PROTECTING,Field_2,9,0.01,0,0,4,34,0.31,4,0,0,2,0.07,0,0,2,16,0.10,3,0,0
181,61,0,0,7,0,1,0,1,PROTECTING,Field_4,1,PROTECTING,Field_4,1,PROTECTING,Field_4,1,MOVING_TO_FIELD,Field_3,1,PROTECTING,Field_2,1,PROTECTING,Field_2,1,PROTECTING,Field_2,1,PROTECTING,Field_2,9,0.01,0,0,4,34,0.30,4,0,0,2,0.09,0,1,2,16,0.09,3,0,0
182,61,0,0,7,0,1,0,1,PROTECTING,Field_4,1,PROTECTING,Field_4,1,PROTECTING,Field_4,1,MOVING_TO_FIELD,Field_3,1,PROTECTING,Field_2,1,PROTECTING,Field_2,1,PROTECTING,Field_2,1,PROTECTING,Field_2,9,0.01,0,0,4,34,0.28,4,0,0,2,0.09,0,1,2,16,0.07,3,0,0
183,61,0,0,7,0,1,0,1,PROTECTING,Field_4,1,PROTECTING,Field_4,1,PROTECTING,Field_4,1,MOVING_TO_FIELD,Field_3,1,PROTECTING,Field_2,1,PROTECTING,Field_2,1,PROTECTING,Field_2,1,PROTECTING,Field_2,9,0.01,0,0,4,34,0.26,4,0,0,2,0.07,0,1,2,16,0.07,3,0,0
184,61,0,0,7,0,1,0,1,PROTECTING,Field_4,1,PROTECTING,Field_4,1,PROTECTING,Field_4,1,MOVING_TO_FIELD,Field_3,1,PROTECTING,Field_2,1,PROTECTING,Field_2,1,PROTECTING,Field_2,1,PROTECTING,Field_2,9,0.01,0,0,4,34,0.24,4,0,0,2,0.06,0,1,2,16,0.05,3,0,0
185,61,0,0,7,0,1,0,1,PROTECTING,Field_4,1,PROTECTING,Field_4,1,PROTECTING,Field_4,1,MOVING_TO_FIELD,Field_3,1,PROTECTING,Field_2,1,PROTECTING,Field_2,1,PROTECTING,Field_2,1,PROTECTING,Field_2,9,0.01,0,0,4,34,0.20,4,0,0,2,0.04,0,1,2,16,0.05,3,0,0
186,61,0,0,7,0,1,0,1,PROTECTING,Field_4,1,PROTECTING,Field_4,1,PROTECTING,Field_4,1,MOVING_TO_FIELD,Field_3,1,PROTECTING,Field_2,1,PROTECTING,Field_2,1,PROTECTING,Field_2,1,PROTECTING,Field_2,9,0.03,0,0,4,34,0.16,4,0,0,2,0.05,0,1,2,16,0.05,3,0,0
187,61,0,0,7,0,1,0,1,PROTECTING,Field_4,1,PROTECTING,Field_4,1,PROTECTING,Field_4,1,MOVING_TO_FIELD,Field_3,1,PROTECTING,Field_2,1,PROTECTING,Field_2,1,PROTECTING,Field_2,1,PROTECTING,Field_2,9,0.03,0,0,4,34,0.15,4,0,0,2,0.05,0,1,2,16,0.04,3,0,0
188,61,0,0,7,0,1,0,1,PROTECTING,Field_4,1,PROTECTING,Field_4,1,PROTECTING,Field_4,1,MOVING_TO_FIELD,Field_3,1,PROTECTING,Field_2,1,PROTECTING,Field_2,1,PROTECTING,Field_2,1,PROTECTING,Field_2,9,0.04,0,0,4,34,0.14,4,0,0,2,0.05,0,1,2,16,0.03,3,0,0
189,61,0,0,7,0,1,0,1,PROTECTING,Field_4,1,PROTECTING,Field_4,1,PROTECTING,Field_4,1,MOVING_TO_FIELD,Field_3,1,PROTECTING,Field_2,1,PROTECTING,Field_2,1,PROTECTING,Field_2,1,PROTECTING,Field_2,9,0.05,0,0,4,34,0.12,4,0,0,2,0.05,0,1,2,16,0.01,3,0,0
190,61,0,0,7,0,1,0,1,PROTECTING,Field_4,1,PROTECTING,Field_4,1,PROTECTING,Field_4,1,MOVING_TO_FIELD,Field_3,1,PROTECTING,Field_2,1,PROTECTING,Field_2,1,PROTECTING,Field_2,1,PROTECTING,Field_2,9,0.06,0,0,4,34,0.14,4,0,0,2,0.05,0,1,2,16,0.01,3,0,0
191,61,0,0,7,0,1,0,1,PROTECTING,Field_4,1,PROTECTING,Field_4,1,PROTECTING,Field_4,1,MOVING_TO_FIELD,Field_3,1,PROTECTING,Field_2,1,PROTECTING,Field_2,1,PROTECTING,Field_2,1,PROTECTING,Field_2,9,0.06,0,0,4,34,0.10,4,0,0,2,0.05,0,1,2,16,0.03,3,0,0
192,61,0,0,7,0,1,0,1,PROTECTING,Field_4,1,PROTECTING,Field_4,1,PROTECTING,Field_4,1,MOVING_TO_FIELD,Field_3,1,PROTECTING,Field_2,1,PROTECTING,Field_2,1,PROTECTING,Field_2,1,PROTECTING,Field_2,9,0.06,0,0,4,34,0.10,4,0,0,2,0.05,0,1,2,16,0.03,3,0,0
193,61,0,0,7,0,1,0,1,PROTECTING,Field_4,1,PROTECTING,Field_4,1,PROTECTING,Field_4,1,MOVING_TO_FIELD,Field_3,1,PROTECTING,Field_2,1,PROTECTING,Field_2,1,PROTECTING,Field_2,1,PROTECTING,Field_2,9,0.06,0,0,4,34,0.09,4,0,0,2,0.05,0,1,2,16,0.04,3,0,0
194,61,0,0,7,0,1,0,1,PROTECTING,Field_4,1,PROTECTING,Field_4,1,PROTECTING,Field_4,1,MOVING_TO_FIELD,Field_3,1,PROTECTING,Field_2,1,PROTECTING,Field_2,1,PROTECTING,Field_2,1,PROTECTING,Field_2,9,0.06,0,0,4,34,0.09,4,0,0,2,0.05,0,1,2,16,0.05,3,0,0
195,61,0,0,7,0,1,0,1,PROTECTING,Field_4,1,PROTECTING,Field_4,1,PROTECTING,Field_4,1,MOVING_TO_FIELD,Field_3,1,PROTECTING,Field_2,1,PROTECTING,Field_2,1,PROTECTING,Field_2,1,PROTECTING,Field_2,9,0.06,0,0,4,34,0.09,4,0,0,2,0.05,0,1,2,16,0.04,3,0,0
196,61,0,0,7,0,1,0,1,PROTECTING,Field_4,1,PROTECTING,Field_4,1,PROTECTING,Field_4,1,MOVING_TO_FIELD,Field_3,1,PROTECTING,Field_2,1,PROTECTING,Field_2,1,PROTECTING,Field_2,1,PROTECTING,Field_2,9,0.10,0,0,4,34,0.09,4,0,0,2,0.07,0,1,2,16,0.04,3,0,0
197,61,0,0,7,0,1,0,1,PROTECTING,Field_4,1,PROTECTING,Field_4,1,PROTECTING,Field_4,1,MOVING_TO_FIELD,Field_3,1,PROTECTING,Field_2,1,PROTECTING,Field_2,1,PROTECTING,Field_2,1,PROTECTING,Field_2,9,0.11,0,0,4,34,0.07,4,0,0,2,0.07,0,1,2,16,0.03,3,0,0
198,61,0,0,7,0,1,0,1,PROTECTING,Field_4,1,PROTECTING,Field_4,1,PROTECTING,Field_4,1,MOVING_TO_FIELD,Field_3,1,PROTECTING,Field_2,1,PROTECTING,Field_2,1,PROTECTING,Field_2,1,PROTECTING,Field_2,9,0.12,0,0,4,34,0.07,4,0,0,2,0.09,0,1,2,16,0.03,3,0,0
199,61,0,0,7,0,1,0,1,PROTECTING,Field_4,1,PROTECTING,Field_4,1,PROTECTING,Field_4,1,MOVING_TO_FIELD,Field_3,1,PROTECTING,Field_2,1,PROTECTING,Field_2,1,PROTECTING,Field_2,1,PROTECTING,Field_2,9,0.15,0,0,4,34,0.06,4,0,0,2,0.09,0,1,2,16,0.03,3,0,0
200,61,0,0,7,0,1,0,1,PROTECTING,Field_4,1,PROTECTING,Field_4,1,PROTECTING,Field_4,1,MOVING_TO_FIELD,Field_3,1,PROTECTING,Field_2,1,PROTECTING,Field_2,1,PROTECTING,Field_2,1,PROTECTING,Field_2,9,0.15,0,0,4,34,0.07,4,0,0,2,0.10,0,1,2,16,0.04,3,0,0
201,61,0,0,7,0,1,0,1,PROTECTING,Field_4,1,PROTECTING,Field_4,1,PROTECTING,Field_4,1,MOVING_TO_FIELD,Field_3,1,PROTECTING,Field_2,1,PROTECTING,Field_2,1,PROTECTING,Field_2,1,PROTECTING,Field_2,9,0.16,0,0,4,34,0.07,4,0,0,2,0.10,0,1,2,16,0.05,3,0,0
202,61,0,0,8,0,0,0,1,PROTECTING,Field_4,1,PROTECTING,Field_4,1,PROTECTING,Field_4,1,PROTECTING,Field_3,1,PROTECTING,Field_2,1,PROTECTING,Field_2,1,PROTECTING,Field_2,1,PROTECTING,Field_2,9,0.15,0,0,4,34,0.06,4,0,0,2,0.10,1,0,1,16,0.04,3,0,0
203,61,0,0,8,0,0,0,1,PROTECTING,Field_4,1,PROTECTING,Field_4,1,PROTECTING,Field_4,1,PROTECTING,Field_3,1,PROTECTING,Field_2,1,PROTECTING,Field_2,1,PROTECTING,Field_2,1,PROTECTING,Field_2,9,0.16,0,0,4,34,0.06,4,0,0,2,0.09,1,0,1,16,0.05,3,0,0
204,61,0,0,8,0,0,0,1,PROTECTING,Field_4,1,PROTECTING,Field_4,1,PROTECTING,Field_4,1,PROTECTING,Field_3,1,PROTECTING,Field_2,1,PROTECTING,Field_2,1,PROTECTING,Field_2,1,PROTECTING,Field_2,9,0.14,0,0,4,34,0.06,4,0,0,2,0.09,1,0,1,16,0.07,3,0,0
205,61,0,0,8,0,0,0,1,PROTECTING,Field_4,1,PROTECTING,Field_4,1,PROTECTING,Field_4,1,PROTECTING,Field_3,1,PROTECTING,Field_2,1,PROTECTING,Field_2,1,PROTECTING,Field_2,1,PROTECTING,Field_2,9,0.14,0,0,4,34,0.07,4,0,0,2,0.10,1,0,1,16,0.09,3,0,0
206,61,0,0,8,0,0,0,1,PROTECTING,Field_4,1,PROTECTING,Field_4,1,PROTECTING,Field_4,1,PROTECTING,Field_3,1,PROTECTING,Field_2,1,PROTECTING,Field_2,1,PROTECTING,Field_2,1,PROTECTING,Field_2,9,0.14,0,0,4,34,0.09,4,0,0,2,0.10,1,0,1,16,0.09,3,0,0
207,61,0,0,8,0,0,0,1,PROTECTING,Field_4,1,PROTECTING,Field_4,1,PROTECTING,Field_4,1,PROTECTING,Field_3,1,PROTECTING,Field_2,1,PROTECTING,Field_2,1,PROTECTING,Field_2,1,PROTECTING,Field_2,9,0.14,0,0,4,34,0.07,4,0,0,2,0.12,1,0,1,16,0.07,3,0,0
208,61,0,0,8,0,0,0,1,PROTECTING,Field_4,1,PROTECTING,Field_4,1,PROTECTING,Field_4,1,PROTECTING,Field_3,1,PROTECTING,Field_2,1,PROTECTING,Field_2,1,PROTECTING,Field_2,1,PROTECTING,Field_2,9,0.14,0,0,4,34,0.10,4,0,0,2,0.12,1,0,1,16,0.07,3,0,0
209,61,0,0,8,0,0,0,1,PROTECTING,Field_4,1,PROTECTING,Field_4,1,PROTECTING,Field_4,1,PROTECTING,Field_3,1,PROTECTING,Field_2,1,PROTECTING,Field_2,1,PROTECTING,Field_2,1,PROTECTING,Field_2,9,0.14,0,0,4,34,0.10,4,0,0,2,0.12,1,0,1,16,0.07,3,0,0
210,61,0,0,8,0,0,0,1,PROTECTING,Field_4,1,PROTECTING,Field_4,1,PROTECTING,Field_4,1,PROTECTING,Field_3,1,PROTECTING,Field_2,1,PROTECTING,Field_2,1,PROTECTING,Field_2,1,PROTECTING,Field_2,9,0.12,0,0,4,34,0.10,4,0,0,2,0.11,1,0,1,16,0.06,3,0,0
211,61,0,0,4,0,4,0,1,MOVING_TO_FIELD,Field_1,1,MOVING_TO_FIELD,Field_1,1,MOVING_TO_FIELD,Field_1,1,MOVING_TO_FIELD,Field_1,1,PROTECTING,Field_2,1,PROTECTING,Field_2,1,PROTECTING,Field_2,1,PROTECTING,Field_2,9,0.12,0,4,4,34,0.09,4,0,0,2,0.11,0,0,2,16,0.05,0,0,3
212,62,0,0,4,0,4,0,1,MOVING_TO_FIELD,Field_1,1,MOVING_TO_FIELD,Field_1,1,MOVING_TO_FIELD,Field_1,1,MOVING_TO_FIELD,Field_1,1,PROTECTING,Field_2,1,PROTECTING,Field_2,1,PROTECTING,Field_2,1,PROTECTING,Field_2,9,0.12,0,4,4,34,0.09,4,0,0,3,0.11,0,0,2,16,0.06,0,0,3
213,62,0,0,4,0,4,0,1,MOVING_TO_FIELD,Field_1,1,MOVING_TO_FIELD,Field_1,1,MOVING_TO_FIELD,Field_1,1,MOVING_TO_FIELD,Field_1,1,PROTECTING,Field_2,1,PROTECTING,Field_2,1,PROTECTING,Field_2,1,PROTECTING,Field_2,9,0.12,0,4,4,34,0.07,4,0,0,3,0.11,0,0,2,16,0.06,0,0,3
214,62,0,0,4,0,4,0,1,MOVING_TO_FIELD,Field_1,1,MOVING_TO_FIELD,Field_1,1,MOVING_TO_FIELD,Field_1,1,MOVING_TO_FIELD,Field_1,1,PROTECTING,Field_2,1,PROTECTING,Field_2,1,PROTECTING,Field_2,1,PROTECTING,Field_2,9,0.11,0,4,4,34,0.07,4,0,0,3,0.11,0,0,2,16,0.06,0,0,3
215,62,0,0,4,0,4,0,1,MOVING_TO_FIELD,Field_1,1,MOVING_TO_FIELD,Field_1,1,MOVING_TO_FIELD,Field_1,1,MOVING_TO_FIELD,Field_1,1,PROTECTING,Field_2,1,PROTECTING,Field_2,1,PROTECTING,Field_2,1,PROTECTING,Field_2,9,0.14,0,4,4,34,0.09,4,0,0,3,0.11,0,0,2,16,0.06,0,0,3
216,62,0,0,4,0,4,0,1,MOVING_TO_FIELD,Field_1,1,MOVING_TO_FIELD,Field_1,1,MOVING_TO_FIELD,Field_1,1,MOVING_TO_FIELD,Field_1,1,PROTECTING,Field_2,1,PROTECTING,Field_2,1,PROTECTING,Field_2,1,PROTECTING,Field_2,9,0.14,0,4,4,34,0.09,4,0,0,3,0.11,0,0,2,16,0.07,0,0,3
217,62,0,0,4,0,4,0,1,MOVING_TO_FIELD,Field_1,1,MOVING_TO_FIELD,Field_1,1,MOVING_TO_FIELD,Field_1,1,MOVING_TO_FIELD,Field_1,1,PROTECTING,Field_2,1,PROTECTING,Field_2,1,PROTECTING,Field_2,1,PROTECTING,Field_2,9,0.14,0,4,4,34,0.07,4,0,0,3,0.12,0,0,2,16,0.07,0,0,3
218,63,0,0,4,0,4,0,1,MOVING_TO_FIELD,Field_1,1,MOVING_TO_FIELD,Field_1,1,MOVING_TO_FIELD,Field_1,1,MOVING_TO_FIELD,Field_1,1,PROTECTING,Field_2,1,PROTECTING,Field_2,1,PROTECTING,Field_2,1,PROTECTING,Field_2,9,0.14,0,4,4,34,0.07,4,0,0,4,0.11,0,0,2,16,0.06,0,0,3
219,63,0,0,4,0,4,0,1,MOVING_TO_FIELD,Field_1,1,MOVING_TO_FIELD,Field_1,1,MOVING_TO_FIELD,Field_1,1,MOVING_TO_FIELD,Field_1,1,PROTECTING,Field_2,1,PROTECTING,Field_2,1,PROTECTING,Field_2,1,PROTECTING,Field_2,9,0.16,0,4,4,34,0.07,4,0,0,4,0.11,0,0,2,16,0.06,0,0,3
220,64,0,0,4,0,4,0,1,MOVING_TO_FIELD,Field_1,1,MOVING_TO_FIELD,Field_1,1,MOVING_TO_FIELD,Field_1,1,MOVING_TO_FIELD,Field_1,1,PROTECTING,Field_2,1,PROTECTING,Field_2,1,PROTECTING,Field_2,1,PROTECTING,Field_2,9,0.16,0,4,4,34,0.07,4,0,0,5,0.11,0,0,2,16,0.07,0,0,3
221,65,0,0,4,0,4,0,1,MOVING_TO_FIELD,Field_1,1,MOVING_TO_FIELD,Field_1,1,MOVING_TO_FIELD,Field_1,1,MOVING_TO_FIELD,Field_1,1,PROTECTING,Field_2,1,PROTECTING,Field_2,1,PROTECTING,Field_2,1,PROTECTING,Field_2,9,0.17,0,4,4,34,0.07,4,0,0,6,0.11,0,0,2,16,0.10,0,0,3
222,65,0,0,4,0,4,0,1,MOVING_TO_FIELD,Field_1,1,MOVING_TO_FIELD,Field_1,1,MOVING_TO_FIELD,Field_1,1,MOVING_TO_FIELD,Field_1,1,PROTECTING,Field_2,1,PROTECTING,Field_2,1,PROTECTING,Field_2,1,PROTECTING,Field_2,9,0.17,0,4,4,34,0.09,4,0,0,6,0.14,0,0,2,16,0.09,0,0,3
223,65,0,0,6,0,2,0,1,PROTECTING,Field_1,1,PROTECTING,Field_1,1,MOVING_TO_FIELD,Field_1,1,MOVING_TO_FIELD,Field_1,1,PROTECTING,Field_2,1,PROTECTING,Field_2,1,PROTECTING,Field_2,1,PROTECTING,Field_2,9,0.17,2,2,2,34,0.09,4,0,0,6,0.14,0,0,2,16,0.09,0,0,3
224,65,0,0,6,0,2,0,1,PROTECTING,Field_1,1,PROTECTING,Field_1,1,MOVING_TO_FIELD,Field_1,1,MOVING_TO_FIELD,Field_1,1,PROTECTING,Field_2,1,PROTECTING,Field_2,1,PROTECTING,Field_2,1,PROTECTING,Field_2,9,0.17,2,2,2,34,0.10,4,0,0,6,0.15,0,0,2,16,0.09,0,0,3
225,65,0,0,6,0,2,0,1,PROTECTING,Field_1,1,PROTECTING,Field_1,1,MOVING_TO_FIELD,Field_1,1,MOVING_TO_FIELD,Field_1,1,PROTECTING,Field_2,1,PROTECTING,Field_2,1,PROTECTING,Field_2,1,PROTECTING,Field_2,9,0.16,2,2,2,34,0.10,4,0,0,6,0.15,0,0,2,16,0.09,0,0,3
226,66,0,0,6,0,2,0,1,PROTECTING,Field_1,1,PROTECTING,Field_1,1,MOVING_TO_FIELD,Field_1,1,MOVING_TO_FIELD,Field_1,1,PROTECTING,Field_2,1,PROTECTING,Field_2,1,PROTECTING,Field_2,1,PROTECTING,Field_2,9,0.15,2,2,2,34,0.09,4,0,0,7,0.15,0,0,2,16,0.07,0,0,3
227,66,0,0,6,0,2,0,1,PROTECTING,Field_1,1,PROTECTING,Field_1,1,MOVING_TO_FIELD,Field_1,1,MOVING_TO_FIELD,Field_1,1,PROTECTING,Field_2,1,PROTECTING,Field_2,1,PROTECTING,Field_2,1,PROTECTING,Field_2,9,0.14,2,2,2,34,0.09,4,0,0,7,0.15,0,0,2,16,0.07,0,0,3
228,66,0,0,7,0,1,0,1,PROTECTING,Field_1,1,PROTECTING,Field_1,1,PROTECTING,Field_1,1,MOVING_TO_FIELD,Field_1,1,PROTECTING,Field_2,1,PROTECTING,Field_2,1,PROTECTING,Field_2,1,PROTECTING,Field_2,9,0.15,3,1,1,34,0.09,4,0,0,7,0.16,0,0,2,16,0.09,0,0,3
229,66,0,0,7,0,1,0,1,PROTECTING,Field_1,1,PROTECTING,Field_1,1,PROTECTING,Field_1,1,MOVING_TO_FIELD,Field_1,1,PROTECTING,Field_2,1,PROTECTING,Field_2,1,PROTECTING,Field_2,1,PROTECTING,Field_2,9,0.15,3,1,1,34,0.09,4,0,0,7,0.17,0,0,2,16,0.11,0,0,3
230,66,0,0,7,0,1,0,1,PROTECTING,Field_1,1,PROTECTING,Field_1,1,PROTECTING,Field_1,1,MOVING_TO_FIELD,Field_1,1,PROTECTING,Field_2,1,PROTECTING,Field_2,1,PROTECTING,Field_2,1,PROTECTING,Field_2,9,0.17,3,1,1,34,0.09,4,0,0,7,0.17,0,0,2,16,0.11,0,0,3
231,67,0,0,5,0,3,0,1,PROTECTING,Field_1,1,PROTECTING,Field_1,1,PROTECTING,Field_1,1,MOVING_TO_FIELD,Field_1,1,PROTECTING,Field_2,1,PROTECTING,Field_2,1,MOVING_TO_FIELD,Field_3,1,MOVING_TO_FIELD,Field_3,9,0.17,3,1,1,34,0.09,2,0,2,8,0.19,0,2,2,16,0.11,0,0,3
232,69,0,0,6,0,2,0,1,PROTECTING,Field_1,1,PROTECTING,Field_1,1,PROTECTING,Field_1,1,PROTECTING,Field_1,1,PROTECTING,Field_2,1,PROTECTING,Field_2,1,MOVING_TO_FIELD,Field_3,1,MOVING_TO_FIELD,Field_3,9,0.16,4,0,0,34,0.09,2,0,2,10,0.19,0,2,2,16,0.11,0,0,3
233,69,0,0,6,0,2,0,1,PROTECTING,Field_1,1,PROTECTING,Field_1,1,PROTECTING,Field_1,1,PROTECTING,Field_1,1,PROTECTING,Field_2,1,PROTECTING,Field_2,1,MOVING_TO_FIELD,Field_3,1,MOVING_TO_FIELD,Field_3,9,0.16,4,0,0,34,0.09,2,0,2,10,0.19,0,2,2,16,0.11,0,0,3
234,71,0,0,6,0,2,0,1,PROTECTING,Field_1,1,PROTECTING,Field_1,1,PROTECTING,Field_1,1,PROTECTING,Field_1,1,PROTECTING,Field_2,1,PROTECTING,Field_2,1,MOVING_TO_FIELD,Field_3,1,MOVING_TO_FIELD,Field_3,9,0.16,4,0,0,34,0.07,2,0,2,11,0.17,0,2,2,17,0.11,0,0,3
235,72,0,0,6,0,2,0,1,PROTECTING,Field_1,1,PROTECTING,Field_1,1,PROTECTING,Field_1,1,PROTECTING,Field_1,1,PROTECTING,Field_2,1,PROTECTING,Field_2,1,MOVING_TO_FIELD,Field_3,1,MOVING_TO_FIELD,Field_3,9,0.17,4,0,0,34,0.07,2,0,2,12,0.19,0,2,2,17,0.11,0,0,3
236,73,0,0,6,0,2,0,1,PROTECTING,Field_1,1,PROTECTING,Field_1,1,PROTECTING,Field_1,1,PROTECTING,Field_1,1,PROTECTING,Field_2,1,PROTECTING,Field_2,1,MOVING_TO_FIELD,Field_3,1,MOVING_TO_FIELD,Field_3,9,0.16,4,0,0,34,0.07,2,0,2,13,0.20,0,2,2,17,0.14,0,0,3
237,73,0,0,6,0,2,0,1,PROTECTING,Field_1,1,PROTECTING,Field_1,1,PROTECTING,Field_1,1,PROTECTING,Field_1,1,PROTECTING,Field_2,1,PROTECTING,Field_2,1,MOVING_TO_FIELD,Field_3,1,MOVING_TO_FIELD,Field_3,9,0.16,4,0,0,34,0.06,2,0,2,13,0.20,0,2,2,17,0.15,0,0,3
238,74,0,0,6,0,2,0,1,PROTECTING,Field_1,1,PROTECTING,Field_1,1,PROTECTING,Field_1,1,PROTECTING,Field_1,1,PROTECTING,Field_2,1,PROTECTING,Field_2,1,MOVING_TO_FIELD,Field_3,1,MOVING_TO_FIELD,Field_3,9,0.16,4,0,0,34,0.05,2,0,2,14,0.19,0,2,2,17,0.15,0,0,3
239,74,0,0,6,0,2,0,1,PROTECTING,Field_1,1,PROTECTING,Field_1,1,PROTECTING,Field_1,1,PROTECTING,Field_1,1,PROTECTING,Field_2,1,PROTECTING,Field_2,1,MOVING_TO_FIELD,Field_3,1,MOVING_TO_FIELD,Field_3,9,0.15,4,0,0,34,0.05,2,0,2,14,0.20,0,2,2,17,0.15,0,0,3
240,75,0,0,6,0,2,0,1,PROTECTING,Field_1,1,PROTECTING,Field_1,1,PROTECTING,Field_1,1,PROTECTING,Field_1,1,PROTECTING,Field_2,1,PROTECTING,Field_2,1,MOVING_TO_FIELD,Field_3,1,MOVING_TO_FIELD,Field_3,9,0.15,4,0,0,34,0.05,2,0,2,14,0.21,0,2,2,18,0.15,0,0,3
241,75,0,0,8,0,0,0,1,PROTECTING,Field_1,1,PROTECTING,Field_1,1,PROTECTING,Field_1,1,PROTECTING,Field_1,1,PROTECTING,Field_2,1,PROTECTING,Field_2,1,PROTECTING,Field_3,1,PROTECTING,Field_3,9,0.15,4,0,0,34,0.03,2,0,2,14,0.24,2,0,0,18,0.15,0,0,3
242,76,0,0,8,0,0,0,1,PROTECTING,Field_1,1,PROTECTING,Field_1,1,PROTECTING,Field_1,1,PROTECTING,Field_1,1,PROTECTING,Field_2,1,PROTECTING,Field_2,1,PROTECTING,Field_3,1,PROTECTING,Field_3,9,0.12,4,0,0,34,0.03,2,0,2,14,0.25,2,0,0,19,0.16,0,0,3
243,77,0,0,8,0,0,0,1,PROTECTING,Field_1,1,PROTECTING,Field_1,1,PROTECTING,Field_1,1,PROTECTING,Field_1,1,PROTECTING,Field_2,1,PROTECTING,Field_2,1,PROTECTING,Field_3,1,PROTECTING,Field_3,9,0.12,4,0,0,34,0.03,2,0,2,14,0.25,2,0,0,20,0.16,0,0,3
244,77,0,0,8,0,0,0,1,PROTECTING,Field_1,1,PROTECTING,Field_1,1,PROTECTING,Field_1,1,PROTECTING,Field_1,1,PROTECTING,Field_2,1,PROTECTING,Field_2,1,PROTECTING,Field_3,1,PROTECTING,Field_3,9,0.12,4,0,0,34,0.00,2,0,2,14,0.25,2,0,0,20,0.15,0,0,3
245,77,0,0,8,0,0,0,1,PROTECTING,Field_1,1,PROTECTING,Field_1,1,PROTECTING,Field_1,1,PROTECTING,Field_1,1,PROTECTING,Field_2,1,PROTECTING,Field_2,1,PROTECTING,Field_3,1,PROTECTING,Field_3,9,0.12,4,0,0,34,0.00,2,0,2,14,0.25,2,0,0,20,0.15,0,0,3
246,78,0,0,8,0,0,0,1,PROTECTING,Field_1,1,PROTECTING,Field_1,1,PROTECTING,Field_1,1,PROTECTING,Field_1,1,PROTECTING,Field_2,1,PROTECTING,Field_2,1,PROTECTING,Field_3,1,PROTECTING,Field_3,9,0.12,4,0,0,34,0.00,2,0,2,14,0.26,2,0,0,21,0.16,0,0,3
247,78,0,0,8,0,0,0,1,PROTECTING,Field_1,1,PROTECTING,Field_1,1,PROTECTING,Field_1,1,PROTECTING,Field_1,1,PROTECTING,Field_2,1,PROTECTING,Field_2,1,PROTECTING,Field_3,1,PROTECTING,Field_3,9,0.12,4,0,0,34,0.00,2,0,2,14,0.25,2,0,0,21,0.17,0,0,3
248,79,0,0,8,0,0,0,1,PROTECTING,Field_1,1,PROTECTING,Field_1,1,PROTECTING,Field_1,1,PROTECTING,Field_1,1,PROTECTING,Field_2,1,PROTECTING,Field_2,1,PROTECTING,Field_3,1,PROTECTING,Field_3,9,0.12,4,0,0,34,0.00,2,0,2,14,0.25,2,0,0,22,0.19,0,0,3
249,79,0,0,8,0,0,0,1,PROTECTING,Field_1,1,PROTECTING,Field_1,1,PROTECTING,Field_1,1,PROTECTING,Field_1,1,PROTECTING,Field_2,1,PROTECTING,Field_2,1,PROTECTING,Field_3,1,PROTECTING,Field_3,9,0.11,4,0,0,34,0.00,2,0,2,14,0.25,2,0,0,22,0.19,0,0,3
250,80,0,0,8,0,0,0,1,PROTECTING,Field_1,1,PROTECTING,Field_1,1,PROTECTING,Field_1,1,PROTECTING,Field_1,1,PROTECTING,Field_2,1,PROTECTING,Field_2,1,PROTECTING,Field_3,1,PROTECTING,Field_3,9,0.11,4,0,0,34,0.00,2,0,2,14,0.24,2,0,0,23,0.20,0,0,3
251,80,0,0,8,0,0,0,1,PROTECTING,Field_1,1,PROTECTING,Field_1,1,PROTECTING,Field_1,1,PROTECTING,Field_1,1,PROTECTING,Field_2,1,PROTECTING,Field_2,1,PROTECTING,Field_3,1,PROTECTING,Field_3,9,0.11,4,0,0,34,0.00,2,0,2,14,0.19,2,0,0,23,0.19,0,0,3
252,81,0,0,8,0,0,0,1,PROTECTING,Field_1,1,PROTECTING,Field_1,1,PROTECTING,Field_1,1,PROTECTING,Field_1,1,PROTECTING,Field_2,1,PROTECTING,Field_2,1,PROTECTING,Field_3,1,PROTECTING,Field_3,9,0.12,4,0,0,34,0.00,2,0,2,14,0.21,2,0,0,24,0.21,0,0,3
253,81,0,0,8,0,0,0,1,PROTECTING,Field_1,1,PROTECTING,Field_1,1,PROTECTING,Field_1,1,PROTECTING,Field_1,1,PROTECTING,Field_2,1,PROTECTING,Field_2,1,PROTECTING,Field_3,1,PROTECTING,Field_3,9,0.11,4,0,0,34,0.00,2,0,2,14,0.21,2,0,0,24,0.21,0,0,3
254,82,0,0,8,0,0,0,1,PROTECTING,Field_1,1,PROTECTING,Field_1,1,PROTECTING,Field_1,1,PROTECTING,Field_1,1,PROTECTING,Field_2,1,PROTECTING,Field_2,1,PROTECTING,Field_3,1,PROTECTING,Field_3,9,0.11,4,0,0,34,0.00,2,0,2,14,0.19,2,0,0,25,0.21,0,0,3
255,82,0,0,8,0,0,0,1,PROTECTING,Field_1,1,PROTECTING,Field_1,1,PROTECTING,Field_1,1,PROTECTING,Field_1,1,PROTECTING,Field_2,1,PROTECTING,Field_2,1,PROTECTING,Field_3,1,PROTECTING,Field_3,9,0.11,4,0,0,34,0.00,2,0,2,14,0.15,2,0,0,25,0.23,0,0,3
256,82,0,0,8,0,0,0,1,PROTECTING,Field_1,1,PROTECTING,Field_1,1,PROTECTING,Field_1,1,PROTECTING,Field_1,1,PROTECTING,Field_2,1,PROTECTING,Field_2,1,PROTECTING,Field_3,1,PROTECTING,Field_3,9,0.10,4,0,0,34,0.00,2,0,2,14,0.14,2,0,0,25,0.23,0,0,3
257,82,0,0,8,0,0,0,1,PROTECTING,Field_1,1,PROTECTING,Field_1,1,PROTECTING,Field_1,1,PROTECTING,Field_1,1,PROTECTING,Field_2,1,PROTECTING,Field_2,1,PROTECTING,Field_3,1,PROTECTING,Field_3,9,0.10,4,0,0,34,0.00,2,0,2,14,0.16,2,0,0,25,0.21,0,0,3
258,82,0,0,8,0,0,0,1,PROTECTING,Field_1,1,PROTECTING,Field_1,1,PROTECTING,Field_1,1,PROTECTING,Field_1,1,PROTECTING,Field_2,1,PROTECTING,Field_2,1,PROTECTING,Field_3,1,PROTECTING,Field_3,9,0.10,4,0,0,34,0.00,2,0,2,14,0.16,2,0,0,25,0.21,0,0,3
259,82,0,0,8,0,0,0,1,PROTECTING,Field_1,1,PROTECTING,Field_1,1,PROTECTING,Field_1,1,PROTECTING,Field_1,1,PROTECTING,Field_2,1,PROTECTING,Field_2,1,PROTECTING,Field_3,1,PROTECTING,Field_3,9,0.09,4,0,0,34,0.00,2,0,2,14,0.15,2,0,0,25,0.23,0,0,3
260,84,0,0,8,0,0,0,1,PROTECTING,Field_1,1,PROTECTING,Field_1,1,PROTECTING,Field_1,1,PROTECTING,Field_1,1,PROTECTING,Field_2,1,PROTECTING,Field_2,1,PROTECTING,Field_3,1,PROTECTING,Field_3,9,0.09,4,0,0,34,0.03,2,0,2,14,0.15,2,0,0,27,0.21,0,0,3
261,84,0,0,8,0,0,0,1,PROTECTING,Field_1,1,PROTECTING,Field_1,1,PROTECTING,Field_1,1,PROTECTING,Field_1,1,PROTECTING,Field_2,1,PROTECTING,Field_2,1,PROTECTING,Field_3,1,PROTECTING,Field_3,9,0.06,4,0,0,34,0.03,2,0,2,14,0.14,2,0,0,27,0.24,0,0,3
262,84,0,0,8,0,0,0,1,PROTECTING,Field_1,1,PROTECTING,Field_1,1,PROTECTING,Field_1,1,PROTECTING,Field_1,1,PROTECTING,Field_2,1,PROTECTING,Field_2,1,PROTECTING,Field_3,1,PROTECTING,Field_3,9,0.05,4,0,0,34,0.04,2,0,2,14,0.11,2,0,0,27,0.23,0,0,3
263,85,0,0,8,0,0,0,1,PROTECTING,Field_1,1,PROTECTING,Field_1,1,PROTECTING,Field_1,1,PROTECTING,Field_1,1,PROTECTING,Field_2,1,PROTECTING,Field_2,1,PROTECTING,Field_3,1,PROTECTING,Field_3,9,0.05,4,0,0,34,0.04,2,0,2,14,0.09,2,0,0,28,0.21,0,0,3
264,85,0,0,8,0,0,0,1,PROTECTING,Field_1,1,PROTECTING,Field_1,1,PROTECTING,Field_1,1,PROTECTING,Field_1,1,PROTECTING,Field_2,1,PROTECTING,Field_2,1,PROTECTING,Field_3,1,PROTECTING,Field_3,9,0.05,4,0,0,34,0.03,2,0,2,14,0.07,2,0,0,28,0.21,0,0,3
265,85,0,0,8,0,0,0,1,PROTECTING,Field_1,1,PROTECTING,Field_1,1,PROTECTING,Field_1,1,PROTECTING,Field_1,1,PROTECTING,Field_2,1,PROTECTING,Field_2,1,PROTECTING,Field_3,1,PROTECTING,Field_3,9,0.05,4,0,0,34,0.04,2,0,2,14,0.07,2,0,0,28,0.23,0,0,3
266,85,0,0,8,0,0,0,1,PROTECTING,Field_1,1,PROTECTING,Field_1,1,PROTECTING,Field_1,1,PROTECTING,Field_1,1,PROTECTING,Field_2,1,PROTECTING,Field_2,1,PROTECTING,Field_3,1,PROTECTING,Field_3,9,0.05,4,0,0,34,0.04,2,0,2,14,0.10,2,0,0,28,0.21,0,0,3
267,86,0,0,8,0,0,0,1,PROTECTING,Field_1,1,PROTECTING,Field_1,1,PROTECTING,Field_1,1,PROTECTING,Field_1,1,PROTECTING,Field_2,1,PROTECTING,Field_2,1,PROTECTING,Field_3,1,PROTECTING,Field_3,9,0.03,4,0,0,34,0.05,2,0,2,14,0.09,2,0,0,29,0.23,0,0,3
268,86,0,0,8,0,0,0,1,PROTECTING,Field_1,1,PROTECTING,Field_1,1,PROTECTING,Field_1,1,PROTECTING,Field_1,1,PROTECTING,Field_2,1,PROTECTING,Field_2,1,PROTECTING,Field_3,1,PROTECTING,Field_3,9,0.03,4,0,0,34,0.05,2,0,2,14,0.06,2,0,0,29,0.21,0,0,3
269,87,0,0,8,0,0,0,1,PROTECTING,Field_1,1,PROTECTING,Field_1,1,PROTECTING,Field_1,1,PROTECTING,Field_1,1,PROTECTING,Field_2,1,PROTECTING,Field_2,1,PROTECTING,Field_3,1,PROTECTING,Field_3,9,0.03,4,0,0,34,0.05,2,0,2,14,0.05,2,0,0,30,0.25,0,0,3
270,88,0,0,8,0,0,0,1,PROTECTING,Field_1,1,PROTECTING,Field_1,1,PROTECTING,Field_1,1,PROTECTING,Field_1,1,PROTECTING,Field_2,1,PROTECTING,Field_2,1,PROTECTING,Field_3,1,PROTECTING,Field_3,9,0.03,4,0,0,34,0.05,2,0,2,14,0.04,2,0,0,31,0.25,0,0,3
271,89,0,0,5,0,3,0,1,MOVING_TO_FIELD,Field_4,1,MOVING_TO_FIELD,Field_4,1,MOVING_TO_FIELD,Field_4,1,PROTECTING,Field_1,1,PROTECTING,Field_2,1,PROTECTING,Field_2,1,PROTECTING,Field_3,1,PROTECTING,Field_3,9,0.03,1,0,3,34,0.05,2,0,2,14,0.04,2,0,0,32,0.25,0,3,3
272,89,0,0,5,0,3,0,1,MOVING_TO_FIELD,Field_4,1,MOVING_TO_FIELD,Field_4,1,MOVING_TO_FIELD,Field_4,1,PROTECTING,Field_1,1,PROTECTING,Field_2,1,PROTECTING,Field_2,1,PROTECTING,Field_3,1,PROTECTING,Field_3,9,0.03,1,0,3,34,0.05,2,0,2,14,0.04,2,0,0,32,0.23,0,3,3
273,89,0,0,5,0,3,0,1,MOVING_TO_FIELD,Field_4,1,MOVING_TO_FIELD,Field_4,1,MOVING_TO_FIELD,Field_4,1,PROTECTING,Field_1,1,PROTECTING,Field_2,1,PROTECTING,Field_2,1,PROTECTING,Field_3,1,PROTECTING,Field_3,9,0.03,1,0,3,34,0.06,2,0,2,14,0.04,2,0,0,32,0.24,0,3,3
274,89,0,0,5,0,3,0,1,MOVING_TO_FIELD,Field_4,1,MOVING_TO_FIELD,Field_4,1,MOVING_TO_FIELD,Field_4,1,PROTECTING,Field_1,1,PROTECTING,Field_2,1,PROTECTING,Field_2,1,PROTECTING,Field_3,1,PROTECTING,Field_3,9,0.03,1,0,3,34,0.06,2,0,2,14,0.04,2,0,0,32,0.28,0,3,3
275,89,0,0,5,0,3,0,1,MOVING_TO_FIELD,Field_4,1,MOVING_TO_FIELD,Field_4,1,MOVING_TO_FIELD,Field_4,1,PROTECTING,Field_1,1,PROTECTING,Field_2,1,PROTECTING,Field_2,1,PROTECTING,Field_3,1,PROTECTING,Field_3,9,0.01,1,0,3,34,0.07,2,0,2,14,0.03,2,0,0,32,0.28,0,3,3
276,90,0,0,5,0,3,0,1,MOVING_TO_FIELD,Field_4,1,MOVING_TO_FIELD,Field_4,1,MOVING_TO_FIELD,Field_4,1,PROTECTING,Field_1,1,PROTECTING,Field_2,1,PROTECTING,Field_2,1,PROTECTING,Field_3,1,PROTECTING,Field_3,9,0.03,1,0,3,34,0.07,2,0,2,14,0.03,2,0,0,33,0.25,0,3,3
277,90,0,0,5,0,3,0,1,MOVING_TO_FIELD,Field_4,1,MOVING_TO_FIELD,Field_4,1,MOVING_TO_FIELD,Field_4,1,PROTECTING,Field_1,1,PROTECTING,Field_2,1,PROTECTING,Field_2,1,PROTECTING,Field_3,1,PROTECTING,Field_3,9,0.01,1,0,3,34,0.07,2,0,2,14,0.01,2,0,0,33,0.26,0,3,3
278,90,0,0,5,0,3,0,1,MOVING_TO_FIELD,Field_4,1,MOVING_TO_FIELD,Field_4,1,MOVING_TO_FIELD,Field_4,1,PROTECTING,Field_1,1,PROTECTING,Field_2,1,PROTECTING,Field_2,1,PROTECTING,Field_3,1,PROTECTING,Field_3,9,0.04,1,0,3,34,0.07,2,0,2,14,0.01,2,0,0,33,0.25,0,3,3
279,90,0,0,5,0,3,0,1,MOVING_TO_FIELD,Field_4,1,MOVING_TO_FIELD,Field_4,1,MOVING_TO_FIELD,Field_4,1,PROTECTING,Field_1,1,PROTECTING,Field_2,1,PROTECTING,Field_2,1,PROTECTING,Field_3,1,PROTECTING,Field_3,9,0.05,1,0,3,34,0.06,2,0,2,14,0.01,2,0,0,33,0.25,0,3,3
280,90,0,0,5,0,3,0,1,MOVING_TO_FIELD,Field_4,1,MOVING_TO_FIELD,Field_4,1,MOVING_TO_FIELD,Field_4,1,PROTECTING,Field_1,1,PROTECTING,Field_2,1,PROTECTING,Field_2,1,PROTECTING,Field_3,1,PROTECTING,Field_3,9,0.05,1,0,3,34,0.05,2,0,2,14,0.01,2,0,0,33,0.29,0,3,3
281,90,0,0,5,0,3,0,1,MOVING_TO_FIELD,Field_4,1,MOVING_TO_FIELD,Field_4,1,MOVING_TO_FIELD,Field_4,1,PROTECTING,Field_1,1,PROTECTING,Field_2,1,PROTECTING,Field_2,1,PROTECTING,Field_3,1,PROTECTING,Field_3,9,0.05,1,0,3,34,0.05,2,0,2,14,0.01,2,0,0,33,0.29,0,3,3
282,90,0,0,5,0,3,0,1,MOVING_TO_FIELD,Field_4,1,MOVING_TO_FIELD,Field_4,1,MOVING_TO_FIELD,Field_4,1,PROTECTING,Field_1,1,PROTECTING,Field_2,1,PROTECTING,Field_2,1,PROTECTING,Field_3,1,PROTECTING,Field_3,9,0.05,1,0,3,34,0.05,2,0,2,14,0.01,2,0,0,33,0.29,0,3,3
283,90,0,0,7,0,1,0,1,PROTECTING,Field_4,1,PROTECTING,Field_4,1,MOVING_TO_FIELD,Field_4,1,PROTECTING,Field_1,1,PROTECTING,Field_2,1,PROTECTING,Field_2,1,PROTECTING,Field_3,1,PROTECTING,Field_3,9,0.05,1,0,3,34,0.05,2,0,2,14,0.04,2,0,0,33,0.30,2,1,1
284,90,0,0,7,0,1,0,1,PROTECTING,Field_4,1,PROTECTING,Field_4,1,MOVING_TO_FIELD,Field_4,1,PROTECTING,Field_1,1,PROTECTING,Field_2,1,PROTECTING,Field_2,1,PROTECTING,Field_3,1,PROTECTING,Field_3,9,0.05,1,0,3,34,0.06,2,0,2,14,0.04,2,0,0,33,0.34,2,1,1
285,90,0,0,7,0,1,0,1,PROTECTING,Field_4,1,PROTECTING,Field_4,1,MOVING_TO_FIELD,Field_4,1,PROTECTING,Field_1,1,PROTECTING,Field_2,1,PROTECTING,Field_2,1,PROTECTING,Field_3,1,PROTECTING,Field_3,9,0.07,1,0,3,34,0.05,2,0,2,14,0.05,2,0,0,33,0.36,2,1,1
286,90,0,0,7,0,1,0,1,PROTECTING,Field_4,1,PROTECTING,Field_4,1,MOVING_TO_FIELD,Field_4,1,PROTECTING,Field_1,1,PROTECTING,Field_2,1,PROTECTING,Field_2,1,PROTECTING,Field_3,1,PROTECTING,Field_3,9,0.10,1,0,3,34,0.06,2,0,2,14,0.05,2,0,0,33,0.38,2,1,1
287,90,0,0,7,0,1,0,1,PROTECTING,Field_4,1,PROTECTING,Field_4,1,MOVING_TO_FIELD,Field_4,1,PROTECTING,Field_1,1,PROTECTING,Field_2,1,PROTECTING,Field_2,1,PROTECTING,Field_3,1,PROTECTING,Field_3,9,0.10,1,0,3,34,0.06,2,0,2,14,0.06,2,0,0,33,0.35,2,1,1
288,90,0,0,8,0,0,0,1,PROTECTING,Field_4,1,PROTECTING,Field_4,1,PROTECTING,Field_4,1,PROTECTING,Field_1,1,PROTECTING,Field_2,1,PROTECTING,Field_2,1,PROTECTING,Field_3,1,PROTECTING,Field_3,9,0.09,1,0,3,34,0.06,2,0,2,14,0.06,2,0,0,33,0.34,3,0,0
289,90,0,0,8,0,0,0,1,PROTECTING,Field_4,1,PROTECTING,Field_4,1,PROTECTING,Field_4,1,PROTECTING,Field_1,1,PROTECTING,Field_2,1,PROTECTING,Field_2,1,PROTECTING,Field_3,1,PROTECTING,Field_3,9,0.09,1,0,3,34,0.06,2,0,2,14,0.06,2,0,0,33,0.31,3,0,0
290,90,0,0,8,0,0,0,1,PROTECTING,Field_4,1,PROTECTING,Field_4,1,PROTECTING,Field_4,1,PROTECTING,Field_1,1,PROTECTING,Field_2,1,PROTECTING,Field_2,1,PROTECTING,Field_3,1,PROTECTING,Field_3,9,0.09,1,0,3,34,0.06,2,0,2,14,0.05,2,0,0,33,0.30,3,0,0
291,90,0,0,8,0,0,0,1,PROTECTING,Field_4,1,PROTECTING,Field_4,1,PROTECTING,Field_4,1,PROTECTING,Field_1,1,PROTECTING,Field_2,1,PROTECTING,Field_2,1,PROTECTING,Field_3,1,PROTECTING,Field_3,9,0.07,1,0,3,34,0.06,2,0,2,14,0.04,2,0,0,33,0.29,3,0,0
292,90,0,0,8,0,0,0,1,PROTECTING,Field_4,1,PROTECTING,Field_4,1,PROTECTING,Field_4,1,PROTECTING,Field_1,1,PROTECTING,Field_2,1,PROTECTING,Field_2,1,PROTECTING,Field_3,1,PROTECTING,Field_3,9,0.07,1,0,3,34,0.04,2,0,2,14,0.03,2,0,0,33,0.28,3,0,0
293,90,0,0,8,0,0,0,1,PROTECTING,Field_4,1,PROTECTING,Field_4,1,PROTECTING,Field_4,1,PROTECTING,Field_1,1,PROTECTING,Field_2,1,PROTECTING,Field_2,1,PROTECTING,Field_3,1,PROTECTING,Field_3,9,0.07,1,0,3,34,0.04,2,0,2,14,0.04,2,0,0,33,0.25,3,0,0
294,90,0,0,8,0,0,0,1,PROTECTING,Field_4,1,PROTECTING,Field_4,1,PROTECTING,Field_4,1,PROTECTING,Field_1,1,PROTECTING,Field_2,1,PROTECTING,Field_2,1,PROTECTING,Field_3,1,PROTECTING,Field_3,9,0.07,1,0,3,34,0.01,2,0,2,14,0.03,2,0,0,33,0.23,3,0,0
295,90,0,0,8,0,0,0,1,PROTECTING,Field_4,1,PROTECTING,Field_4,1,PROTECTING,Field_4,1,PROTECTING,Field_1,1,PROTECTING,Field_2,1,PROTECTING,Field_2,1,PROTECTING,Field_3,1,PROTECTING,Field_3,9,0.05,1,0,3,34,0.03,2,0,2,14,0.03,2,0,0,33,0.24,3,0,0
296,90,0,0,8,0,0,0,1,PROTECTING,Field_4,1,PROTECTING,Field_4,1,PROTECTING,Field_4,1,PROTECTING,Field_1,1,PROTECTING,Field_2,1,PROTECTING,Field_2,1,PROTECTING,Field_3,1,PROTECTING,Field_3,9,0.05,1,0,3,34,0.03,2,0,2,14,0.03,2,0,0,33,0.23,3,0,0
297,90,0,0,8,0,0,0,1,PROTECTING,Field_4,1,PROTECTING,Field_4,1,PROTECTING,Field_4,1,PROTECTING,Field_1,1,PROTECTING,Field_2,1,PROTECTING,Field_2,1,PROTECTING,Field_3,1,PROTECTING,Field_3,9,0.07,1,0,3,34,0.03,2,0,2,14,0.03,2,0,0,33,0.24,3,0,0
298,90,0,0,8,0,0,0,1,PROTECTING,Field_4,1,PROTECTING,Field_4,1,PROTECTING,Field_4,1,PROTECTING,Field_1,1,PROTECTING,Field_2,1,PROTECTING,Field_2,1,PROTECTING,Field_3,1,PROTECTING,Field_3,9,0.09,1,0,3,34,0.03,2,0,2,14,0.01,2,0,0,33,0.17,3,0,0
299,90,0,0,8,0,0,0,1,PROTECTING,Field_4,1,PROTECTING,Field_4,1,PROTECTING,Field_4,1,PROTECTING,Field_1,1,PROTECTING,Field_2,1,PROTECTING,Field_2,1,PROTECTING,Field_3,1,PROTECTING,Field_3,9,0.09,1,0,3,34,0.04,2,0,2,14,0.03,2,0,0,33,0.16,3,0,0
300,90,0,0,8,0,0,0,1,PROTECTING,Field_4,1,PROTECTING,Field_4,1,PROTECTING,Field_4,1,PROTECTING,Field_1,1,PROTECTING,Field_2,1,PROTECTING,Field_2,1,PROTECTING,Field_3,1,PROTECTING,Field_3,9,0.09,1,0,3,34,0.04,2,0,2,14,0.03,2,0,0,33,0.12,3,0,0
