step,damage,IDLE,CHARGING,PROTECTING,MOVING_TO_CHARGER,MOVING_TO_FIELD,TERMINATED,Drone_1_battery,Drone_1_state,Drone_1_target,Drone_2_battery,Drone_2_state,Drone_2_target,Drone_3_battery,Drone_3_state,Drone_3_target,Drone_4_battery,Drone_4_state,Drone_4_target,Drone_5_battery,Drone_5_state,Drone_5_target,Drone_6_battery,Drone_6_state,Drone_6_target,Drone_7_battery,Drone_7_state,Drone_7_target,Drone_8_battery,Drone_8_state,Drone_8_target,Drone_9_battery,Drone_9_state,Drone_9_target,Drone_10_battery,Drone_10_state,Drone_10_target,Drone_11_battery,Drone_11_state,Drone_11_target,Drone_12_battery,Drone_12_state,Drone_12_target,Field_1_damage,Field_1_threat_level,Field_1_protecting_drones,Field_1_drones_for_full_protection,Field_2_damage,Field_2_threat_level,Field_2_protecting_drones,Field_2_drones_for_full_protection,Field_3_damage,Field_3_threat_level,Field_3_protecting_drones,Field_3_drones_for_full_protection
1,0,4,0,0,0,8,0,0.99,MOVING_TO_FIELD,Field_1,0.99,MOVING_TO_FIELD,Field_1,0.99,MOVING_TO_FIELD,Field_1,1,IDLE,,0.99,MOVING_TO_FIELD,Field_1,0.99,MOVING_TO_FIELD,Field_3,0.99,MOVING_TO_FIELD,Field_1,0.99,MOVING_TO_FIELD,Field_2,0.99,MOVING_TO_FIELD,Field_2,1,IDLE,,1,IDLE,,1,IDLE,,0,0.10,0,4,0,0.12,0,6,0,0.10,0,3
2,0,4,0,0,0,8,0,0.98,MOVING_TO_FIELD,Field_1,0.98,MOVING_TO_FIELD,Field_1,0.98,MOVING_TO_FIELD,Field_1,1,IDLE,,0.98,MOVING_TO_FIELD,Field_1,0.98,MOVING_TO_FIELD,Field_3,0.98,MOVING_TO_FIELD,Field_1,0.98,MOVING_TO_FIELD,Field_2,0.98,MOVING_TO_FIELD,Field_2,1,IDLE,,1,IDLE,,1,IDLE,,0,0.10,0,4,0,0.12,0,6,0,0.09,0,3
3,0,4,0,0,0,8,0,0.97,MOVING_TO_FIELD,Field_1,0.97,MOVING_TO_FIELD,Field_1,0.97,MOVING_TO_FIELD,Field_1,1,IDLE,,0.97,MOVING_TO_FIELD,Field_1,0.97,MOVING_TO_FIELD,Field_3,0.97,MOVING_TO_FIELD,Field_1,0.97,MOVING_TO_FIELD,Field_2,0.97,MOVING_TO_FIELD,Field_2,1,IDLE,,1,IDLE,,1,IDLE,,0,0.10,0,4,0,0.12,0,6,0,0.09,0,3
4,0,4,0,0,0,8,0,0.96,MOVING_TO_FIELD,Field_1,0.96,MOVING_TO_FIELD,Field_1,0.96,MOVING_TO_FIELD,Field_1,1,IDLE,,0.96,MOVING_TO_FIELD,Field_1,0.96,MOVING_TO_FIELD,Field_3,0.96,MOVING_TO_FIELD,Field_1,0.96,MOVING_TO_FIELD,Field_2,0.96,MOVING_TO_FIELD,Field_2,1,IDLE,,1,IDLE,,1,IDLE,,0,0.11,0,4,0,0.10,0,6,0,0.11,0,3
5,1,4,0,0,0,8,0,0.95,MOVING_TO_FIELD,Field_1,0.95,MOVING_TO_FIELD,Field_1,0.95,MOVING_TO_FIELD,Field_1,1,IDLE,,0.95,MOVING_TO_FIELD,Field_1,0.95,MOVING_TO_FIELD,Field_3,0.95,MOVING_TO_FIELD,Field_1,0.95,MOVING_TO_FIELD,Field_2,0.95,MOVING_TO_FIELD,Field_2,1,IDLE,,1,IDLE,,1,IDLE,,0,0.11,0,4,0,0.10,0,6,1,0.12,0,3
6,2,4,0,1,0,7,0,0.94,MOVING_TO_FIELD,Field_1,0.94,MOVING_TO_FIELD,Field_1,0.94,MOVING_TO_FIELD,Field_1,1,IDLE,,0.94,MOVING_TO_FIELD,Field_1,0.94,MOVING_TO_FIELD,Field_3,0.94,PROTECTING,Field_1,0.94,MOVING_TO_FIELD,Field_2,0.94,MOVING_TO_FIELD,Field_2,1,IDLE,,1,IDLE,,1,IDLE,,0,0.11,1,3,1,0.11,0,6,1,0.12,0,3
7,3,4,0,2,0,6,0,0.93,MOVING_TO_FIELD,Field_1,0.93,MOVING_TO_FIELD,Field_1,0.93,MOVING_TO_FIELD,Field_1,1,IDLE,,0.93,MOVING_TO_FIELD,Field_1,0.93,MOVING_TO_FIELD,Field_3,0.93,PROTECTING,Field_1,0.93,MOVING_TO_FIELD,Field_2,0.93,PROTECTING,Field_2,1,IDLE,,1,IDLE,,1,IDLE,,0,0.11,1,3,2,0.10,1,5,1,0.14,0,3
8,3,4,0,3,0,5,0,0.92,MOVING_TO_FIELD,Field_1,0.92,MOVING_TO_FIELD,Field_1,0.92,MOVING_TO_FIELD,Field_1,1,IDLE,,0.92,MOVING_TO_FIELD,Field_1,0.92,MOVING_TO_FIELD,Field_3,0.93,PROTECTING,Field_1,0.92,PROTECTING,Field_2,0.92,PROTECTING,Field_2,1,IDLE,,1,IDLE,,1,IDLE,,0,0.12,1,3,2,0.11,2,4,1,0.12,0,3
9,3,4,0,4,0,4,0,0.91,MOVING_TO_FIELD,Field_1,0.91,MOVING_TO_FIELD,Field_1,0.91,PROTECTING,Field_1,1,IDLE,,0.91,MOVING_TO_FIELD,Field_1,0.91,MOVING_TO_FIELD,Field_3,0.92,PROTECTING,Field_1,0.91,PROTECTING,Field_2,0.92,PROTECTING,Field_2,1,IDLE,,1,IDLE,,1,IDLE,,0,0.14,2,2,2,0.12,2,4,1,0.13,0,3
10,5,4,0,5,0,3,0,0.90,MOVING_TO_FIELD,Field_1,0.90,MOVING_TO_FIELD,Field_1,0.90,PROTECTING,Field_1,1,IDLE,,0.90,MOVING_TO_FIELD,Field_1,0.90,PROTECTING,Field_3,0.91,PROTECTING,Field_1,0.91,PROTECTING,Field_2,0.91,PROTECTING,Field_2,1,IDLE,,1,IDLE,,1,IDLE,,0,0.14,2,2,3,0.12,2,4,2,0.13,1,2
11,5,4,0,1,2,5,0,0.89,MOVING_TO_FIELD,Field_1,0.89,MOVING_TO_CHARGER,Charger_1,0.89,MOVING_TO_CHARGER,Charger_1,0.99,MOVING_TO_FIELD,Field_2,0.89,MOVING_TO_FIELD,Field_2,0.90,IDLE,,0.91,IDLE,,0.90,MOVING_TO_FIELD,Field_3,0.90,PROTECTING,Field_2,1,IDLE,,1,IDLE,,0.99,MOVING_TO_FIELD,Field_3,0,0.14,0,4,3,0.12,1,5,2,0.11,0,3
12,6,4,0,1,2,5,0,0.88,MOVING_TO_FIELD,Field_1,0.88,MOVING_TO_CHARGER,Charger_1,0.88,MOVING_TO_CHARGER,Charger_1,0.98,MOVING_TO_FIELD,Field_2,0.88,MOVING_TO_FIELD,Field_2,0.90,IDLE,,0.91,IDLE,,0.89,MOVING_TO_FIELD,Field_3,0.89,PROTECTING,Field_2,1,IDLE,,1,IDLE,,0.98,MOVING_TO_FIELD,Field_3,0,0.16,0,4,3,0.15,1,5,3,0.09,0,3
13,6,4,0,1,2,5,0,0.87,MOVING_TO_FIELD,Field_1,0.87,MOVING_TO_CHARGER,Charger_1,0.87,MOVING_TO_CHARGER,Charger_1,0.97,MOVING_TO_FIELD,Field_2,0.87,MOVING_TO_FIELD,Field_2,0.90,IDLE,,0.91,IDLE,,0.88,MOVING_TO_FIELD,Field_3,0.89,PROTECTING,Field_2,1,IDLE,,1,IDLE,,0.97,MOVING_TO_FIELD,Field_3,0,0.16,0,4,3,0.15,1,5,3,0.09,0,3
14,7,4,0,3,2,3,0,0.86,PROTECTING,Field_1,0.86,MOVING_TO_CHARGER,Charger_1,0.86,MOVING_TO_CHARGER,Charger_1,0.96,MOVING_TO_FIELD,Field_2,0.86,MOVING_TO_FIELD,Field_2,0.90,IDLE,,0.91,IDLE,,0.87,MOVING_TO_FIELD,Field_3,0.88,PROTECTING,Field_2,1,IDLE,,1,IDLE,,0.96,PROTECTING,Field_3,1,0.16,1,3,3,0.15,1,5,3,0.07,1,2
15,9,4,0,4,2,2,0,0.85,PROTECTING,Field_1,0.85,MOVING_TO_CHARGER,Charger_1,0.85,MOVING_TO_CHARGER,Charger_1,0.95,PROTECTING,Field_2,0.85,MOVING_TO_FIELD,Field_2,0.90,IDLE,,0.91,IDLE,,0.86,MOVING_TO_FIELD,Field_3,0.87,PROTECTING,Field_2,1,IDLE,,1,IDLE,,0.95,PROTECTING,Field_3,2,0.16,1,3,4,0.18,2,4,3,0.09,1,2
16,11,4,0,4,2,2,0,0.85,PROTECTING,Field_1,0.84,MOVING_TO_CHARGER,Charger_1,0.84,MOVING_TO_CHARGER,Charger_1,0.94,PROTECTING,Field_2,0.84,MOVING_TO_FIELD,Field_2,0.90,IDLE,,0.91,IDLE,,0.85,MOVING_TO_FIELD,Field_3,0.87,PROTECTING,Field_2,1,IDLE,,1,IDLE,,0.95,PROTECTING,Field_3,2,0.17,1,3,6,0.18,2,4,3,0.10,1,2
17,11,4,0,4,2,2,0,0.84,PROTECTING,Field_1,0.83,MOVING_TO_CHARGER,Charger_1,0.83,MOVING_TO_CHARGER,Charger_1,0.94,PROTECTING,Field_2,0.83,MOVING_TO_FIELD,Field_2,0.90,IDLE,,0.91,IDLE,,0.84,MOVING_TO_FIELD,Field_3,0.86,PROTECTING,Field_2,1,IDLE,,1,IDLE,,0.94,PROTECTING,Field_3,2,0.18,1,3,6,0.18,2,4,3,0.10,1,2
18,12,4,1,4,1,2,0,0.83,PROTECTING,Field_1,0.83,CHARGING,Charger_1,0.82,MOVING_TO_CHARGER,Charger_1,0.93,PROTECTING,Field_2,0.82,MOVING_TO_FIELD,Field_2,0.90,IDLE,,0.91,IDLE,,0.83,MOVING_TO_FIELD,Field_3,0.85,PROTECTING,Field_2,1,IDLE,,1,IDLE,,0.93,PROTECTING,Field_3,3,0.19,1,3,6,0.18,2,4,3,0.10,1,2
19,13,4,1,4,1,2,0,0.82,PROTECTING,Field_1,0.84,CHARGING,Charger_1,0.81,MOVING_TO_CHARGER,Charger_1,0.92,PROTECTING,Field_2,0.81,MOVING_TO_FIELD,Field_2,0.90,IDLE,,0.91,IDLE,,0.82,MOVING_TO_FIELD,Field_3,0.85,PROTECTING,Field_2,1,IDLE,,1,IDLE,,0.92,PROTECTING,Field_3,3,0.19,1,3,7,0.18,2,4,3,0.09,1,2
20,15,4,2,4,0,2,0,0.82,PROTECTING,Field_1,0.85,CHARGING,Charger_1,0.81,CHARGING,Charger_1,0.91,PROTECTING,Field_2,0.80,MOVING_TO_FIELD,Field_2,0.90,IDLE,,0.91,IDLE,,0.81,MOVING_TO_FIELD,Field_3,0.84,PROTECTING,Field_2,1,IDLE,,1,IDLE,,0.92,PROTECTING,Field_3,4,0.16,1,3,8,0.19,2,4,3,0.13,1,2
21,19,4,1,0,0,7,0,0.81,MOVING_TO_FIELD,Field_2,0.84,MOVING_TO_FIELD,Field_1,0.82,CHARGING,Charger_1,0.90,MOVING_TO_FIELD,Field_1,0.79,MOVING_TO_FIELD,Field_2,0.90,IDLE,,0.90,MOVING_TO_FIELD,Field_3,0.81,IDLE,,0.84,IDLE,,0.99,MOVING_TO_FIELD,Field_3,0.99,MOVING_TO_FIELD,Field_3,0.92,IDLE,,7,0.19,0,4,9,0.20,0,6,3,0.13,0,3
22,21,4,1,0,0,7,0,0.80,MOVING_TO_FIELD,Field_2,0.83,MOVING_TO_FIELD,Field_1,0.83,CHARGING,Charger_1,0.89,MOVING_TO_FIELD,Field_1,0.78,MOVING_TO_FIELD,Field_2,0.90,IDLE,,0.89,MOVING_TO_FIELD,Field_3,0.81,IDLE,,0.84,IDLE,,0.98,MOVING_TO_FIELD,Field_3,0.98,MOVING_TO_FIELD,Field_3,0.92,IDLE,,7,0.21,0,4,9,0.20,0,6,5,0.14,0,3
23,22,4,1,2,0,5,0,0.79,MOVING_TO_FIELD,Field_2,0.82,MOVING_TO_FIELD,Field_1,0.84,CHARGING,Charger_1,0.88,MOVING_TO_FIELD,Field_1,0.77,PROTECTING,Field_2,0.90,IDLE,,0.88,MOVING_TO_FIELD,Field_3,0.81,IDLE,,0.84,IDLE,,0.97,MOVING_TO_FIELD,Field_3,0.97,PROTECTING,Field_3,0.92,IDLE,,8,0.22,0,4,9,0.19,1,5,5,0.15,1,2
24,24,4,1,2,0,5,0,0.78,MOVING_TO_FIELD,Field_2,0.81,MOVING_TO_FIELD,Field_1,0.85,CHARGING,Charger_1,0.87,MOVING_TO_FIELD,Field_1,0.76,PROTECTING,Field_2,0.90,IDLE,,0.87,MOVING_TO_FIELD,Field_3,0.81,IDLE,,0.84,IDLE,,0.96,MOVING_TO_FIELD,Field_3,0.96,PROTECTING,Field_3,0.92,IDLE,,9,0.21,0,4,10,0.21,1,5,5,0.16,1,2
25,26,4,1,3,0,4,0,0.77,MOVING_TO_FIELD,Field_2,0.80,PROTECTING,Field_1,0.86,CHARGING,Charger_1,0.86,MOVING_TO_FIELD,Field_1,0.76,PROTECTING,Field_2,0.90,IDLE,,0.86,MOVING_TO_FIELD,Field_3,0.81,IDLE,,0.84,IDLE,,0.95,MOVING_TO_FIELD,Field_3,0.96,PROTECTING,Field_3,0.92,IDLE,,9,0.21,1,3,10,0.22,1,5,7,0.16,1,2
26,29,4,1,4,0,3,0,0.76,MOVING_TO_FIELD,Field_2,0.79,PROTECTING,Field_1,0.87,CHARGING,Charger_1,0.85,MOVING_TO_FIELD,Field_1,0.75,PROTECTING,Field_2,0.90,IDLE,,0.85,MOVING_TO_FIELD,Field_3,0.81,IDLE,,0.84,IDLE,,0.94,PROTECTING,Field_3,0.95,PROTECTING,Field_3,0.92,IDLE,,11,0.21,1,3,10,0.22,1,5,8,0.16,2,1
27,32,4,1,4,0,3,0,0.75,MOVING_TO_FIELD,Field_2,0.79,PROTECTING,Field_1,0.88,CHARGING,Charger_1,0.84,MOVING_TO_FIELD,Field_1,0.74,PROTECTING,Field_2,0.90,IDLE,,0.84,MOVING_TO_FIELD,Field_3,0.81,IDLE,,0.84,IDLE,,0.93,PROTECTING,Field_3,0.94,PROTECTING,Field_3,0.92,IDLE,,11,0.20,1,3,11,0.23,1,5,10,0.15,2,1
28,33,4,1,4,0,3,0,0.74,MOVING_TO_FIELD,Field_2,0.78,PROTECTING,Field_1,0.89,CHARGING,Charger_1,0.83,MOVING_TO_FIELD,Field_1,0.73,PROTECTING,Field_2,0.90,IDLE,,0.83,MOVING_TO_FIELD,Field_3,0.81,IDLE,,0.84,IDLE,,0.93,PROTECTING,Field_3,0.93,PROTECTING,Field_3,0.92,IDLE,,11,0.19,1,3,11,0.23,1,5,11,0.13,2,1
29,39,4,1,4,0,3,0,0.73,MOVING_TO_FIELD,Field_2,0.77,PROTECTING,Field_1,0.90,CHARGING,Charger_1,0.82,MOVING_TO_FIELD,Field_1,0.73,PROTECTING,Field_2,0.90,IDLE,,0.82,MOVING_TO_FIELD,Field_3,0.81,IDLE,,0.84,IDLE,,0.92,PROTECTING,Field_3,0.93,PROTECTING,Field_3,0.92,IDLE,,13,0.21,1,3,14,0.24,1,5,12,0.13,2,1
30,40,4,1,4,0,3,0,0.72,MOVING_TO_FIELD,Field_2,0.76,PROTECTING,Field_1,0.91,CHARGING,Charger_1,0.81,MOVING_TO_FIELD,Field_1,0.72,PROTECTING,Field_2,0.90,IDLE,,0.81,MOVING_TO_FIELD,Field_3,0.81,IDLE,,0.84,IDLE,,0.91,PROTECTING,Field_3,0.92,PROTECTING,Field_3,0.92,IDLE,,14,0.22,1,3,14,0.24,1,5,12,0.12,2,1
31,43,4,0,0,3,5,0,0.71,MOVING_TO_FIELD,Field_3,0.76,IDLE,,0.90,MOVING_TO_FIELD,Field_3,0.81,IDLE,,0.72,IDLE,,0.89,MOVING_TO_CHARGER,Charger_1,0.80,MOVING_TO_CHARGER,Charger_1,0.80,MOVING_TO_CHARGER,Charger_1,0.84,IDLE,,0.90,MOVING_TO_FIELD,Field_2,0.91,MOVING_TO_FIELD,Field_2,0.91,MOVING_TO_FIELD,Field_2,14,0.21,0,4,17,0.24,0,6,12,0.13,0,3
32,45,4,0,0,3,5,0,0.70,MOVING_TO_FIELD,Field_3,0.76,IDLE,,0.89,MOVING_TO_FIELD,Field_3,0.81,IDLE,,0.72,IDLE,,0.88,MOVING_TO_CHARGER,Charger_1,0.79,MOVING_TO_CHARGER,Charger_1,0.79,MOVING_TO_CHARGER,Charger_1,0.84,IDLE,,0.89,MOVING_TO_FIELD,Field_2,0.90,MOVING_TO_FIELD,Field_2,0.90,MOVING_TO_FIELD,Field_2,15,0.23,0,4,18,0.24,0,6,12,0.14,0,3
33,52,4,0,0,3,5,0,0.69,MOVING_TO_FIELD,Field_3,0.76,IDLE,,0.88,MOVING_TO_FIELD,Field_3,0.81,IDLE,,0.72,IDLE,,0.87,MOVING_TO_CHARGER,Charger_1,0.78,MOVING_TO_CHARGER,Charger_1,0.78,MOVING_TO_CHARGER,Charger_1,0.84,IDLE,,0.88,MOVING_TO_FIELD,Field_2,0.89,MOVING_TO_FIELD,Field_2,0.89,MOVING_TO_FIELD,Field_2,19,0.23,0,4,21,0.24,0,6,12,0.14,0,3
34,55,4,0,0,3,5,0,0.68,MOVING_TO_FIELD,Field_3,0.76,IDLE,,0.87,MOVING_TO_FIELD,Field_3,0.81,IDLE,,0.72,IDLE,,0.86,MOVING_TO_CHARGER,Charger_1,0.77,MOVING_TO_CHARGER,Charger_1,0.77,MOVING_TO_CHARGER,Charger_1,0.84,IDLE,,0.87,MOVING_TO_FIELD,Field_2,0.88,MOVING_TO_FIELD,Field_2,0.88,MOVING_TO_FIELD,Field_2,19,0.23,0,4,23,0.24,0,6,13,0.15,0,3
35,56,4,0,0,3,5,0,0.67,MOVING_TO_FIELD,Field_3,0.76,IDLE,,0.86,MOVING_TO_FIELD,Field_3,0.81,IDLE,,0.72,IDLE,,0.85,MOVING_TO_CHARGER,Charger_1,0.76,MOVING_TO_CHARGER,Charger_1,0.76,MOVING_TO_CHARGER,Charger_1,0.84,IDLE,,0.86,MOVING_TO_FIELD,Field_2,0.87,MOVING_TO_FIELD,Field_2,0.87,MOVING_TO_FIELD,Field_2,19,0.23,0,4,24,0.25,0,6,13,0.17,0,3
36,62,4,1,0,2,5,0,0.66,MOVING_TO_FIELD,Field_3,0.76,IDLE,,0.85,MOVING_TO_FIELD,Field_3,0.81,IDLE,,0.72,IDLE,,0.84,MOVING_TO_CHARGER,Charger_1,0.76,CHARGING,Charger_1,0.75,MOVING_TO_CHARGER,Charger_1,0.84,IDLE,,0.85,MOVING_TO_FIELD,Field_2,0.86,MOVING_TO_FIELD,Field_2,0.86,MOVING_TO_FIELD,Field_2,23,0.24,0,4,24,0.26,0,6,15,0.19,0,3
37,66,4,1,0,2,5,0,0.65,MOVING_TO_FIELD,Field_3,0.76,IDLE,,0.84,MOVING_TO_FIELD,Field_3,0.81,IDLE,,0.72,IDLE,,0.83,MOVING_TO_CHARGER,Charger_1,0.77,CHARGING,Charger_1,0.74,MOVING_TO_CHARGER,Charger_1,0.84,IDLE,,0.84,MOVING_TO_FIELD,Field_2,0.85,MOVING_TO_FIELD,Field_2,0.85,MOVING_TO_FIELD,Field_2,24,0.25,0,4,26,0.26,0,6,16,0.19,0,3
38,69,4,1,0,2,5,0,0.64,MOVING_TO_FIELD,Field_3,0.76,IDLE,,0.83,MOVING_TO_FIELD,Field_3,0.81,IDLE,,0.72,IDLE,,0.82,MOVING_TO_CHARGER,Charger_1,0.78,CHARGING,Charger_1,0.73,MOVING_TO_CHARGER,Charger_1,0.84,IDLE,,0.83,MOVING_TO_FIELD,Field_2,0.84,MOVING_TO_FIELD,Field_2,0.84,MOVING_TO_FIELD,Field_2,26,0.25,0,4,26,0.27,0,6,17,0.20,0,3
39,74,4,1,0,2,5,0,0.63,MOVING_TO_FIELD,Field_3,0.76,IDLE,,0.82,MOVING_TO_FIELD,Field_3,0.81,IDLE,,0.72,IDLE,,0.81,MOVING_TO_CHARGER,Charger_1,0.79,CHARGING,Charger_1,0.72,MOVING_TO_CHARGER,Charger_1,0.84,IDLE,,0.82,MOVING_TO_FIELD,Field_2,0.83,MOVING_TO_FIELD,Field_2,0.83,MOVING_TO_FIELD,Field_2,27,0.22,0,4,29,0.28,0,6,18,0.21,0,3
40,76,4,2,2,1,3,0,0.62,PROTECTING,Field_3,0.76,IDLE,,0.81,PROTECTING,Field_3,0.81,IDLE,,0.72,IDLE,,0.80,MOVING_TO_CHARGER,Charger_1,0.80,CHARGING,Charger_1,0.72,CHARGING,Charger_1,0.84,IDLE,,0.81,MOVING_TO_FIELD,Field_2,0.82,MOVING_TO_FIELD,Field_2,0.82,MOVING_TO_FIELD,Field_2,27,0.22,0,4,30,0.29,0,6,19,0.21,2,1
41,78,4,0,0,2,6,0,0.61,MOVING_TO_FIELD,Field_1,0.75,MOVING_TO_FIELD,Field_2,0.80,MOVING_TO_FIELD,Field_2,0.81,IDLE,,0.72,IDLE,,0.79,MOVING_TO_FIELD,Field_3,0.79,MOVING_TO_FIELD,Field_3,0.72,IDLE,,0.83,MOVING_TO_CHARGER,Charger_1,0.80,MOVING_TO_CHARGER,Charger_1,0.82,IDLE,,0.81,MOVING_TO_FIELD,Field_3,28,0.22,0,4,31,0.30,0,6,19,0.22,0,3
42,82,4,0,0,2,6,0,0.60,MOVING_TO_FIELD,Field_1,0.74,MOVING_TO_FIELD,Field_2,0.79,MOVING_TO_FIELD,Field_2,0.81,IDLE,,0.72,IDLE,,0.78,MOVING_TO_FIELD,Field_3,0.78,MOVING_TO_FIELD,Field_3,0.72,IDLE,,0.82,MOVING_TO_CHARGER,Charger_1,0.79,MOVING_TO_CHARGER,Charger_1,0.82,IDLE,,0.80,MOVING_TO_FIELD,Field_3,29,0.22,0,4,32,0.32,0,6,21,0.21,0,3
43,88,4,0,0,2,6,0,0.59,MOVING_TO_FIELD,Field_1,0.73,MOVING_TO_FIELD,Field_2,0.78,MOVING_TO_FIELD,Field_2,0.81,IDLE,,0.72,IDLE,,0.77,MOVING_TO_FIELD,Field_3,0.77,MOVING_TO_FIELD,Field_3,0.72,IDLE,,0.81,MOVING_TO_CHARGER,Charger_1,0.78,MOVING_TO_CHARGER,Charger_1,0.82,IDLE,,0.79,MOVING_TO_FIELD,Field_3,33,0.25,0,4,33,0.32,0,6,22,0.22,0,3
44,95,4,0,0,2,6,0,0.58,MOVING_TO_FIELD,Field_1,0.72,MOVING_TO_FIELD,Field_2,0.77,MOVING_TO_FIELD,Field_2,0.81,IDLE,,0.72,IDLE,,0.76,MOVING_TO_FIELD,Field_3,0.76,MOVING_TO_FIELD,Field_3,0.72,IDLE,,0.80,MOVING_TO_CHARGER,Charger_1,0.77,MOVING_TO_CHARGER,Charger_1,0.82,IDLE,,0.78,MOVING_TO_FIELD,Field_3,34,0.24,0,4,37,0.30,0,6,24,0.20,0,3
45,98,4,0,0,2,6,0,0.57,MOVING_TO_FIELD,Field_1,0.71,MOVING_TO_FIELD,Field_2,0.76,MOVING_TO_FIELD,Field_2,0.81,IDLE,,0.72,IDLE,,0.75,MOVING_TO_FIELD,Field_3,0.75,MOVING_TO_FIELD,Field_3,0.72,IDLE,,0.79,MOVING_TO_CHARGER,Charger_1,0.76,MOVING_TO_CHARGER,Charger_1,0.82,IDLE,,0.77,MOVING_TO_FIELD,Field_3,35,0.23,0,4,37,0.30,0,6,26,0.21,0,3
46,100,4,1,0,1,6,0,0.56,MOVING_TO_FIELD,Field_1,0.70,MOVING_TO_FIELD,Field_2,0.75,MOVING_TO_FIELD,Field_2,0.81,IDLE,,0.72,IDLE,,0.74,MOVING_TO_FIELD,Field_3,0.74,MOVING_TO_FIELD,Field_3,0.72,IDLE,,0.78,MOVING_TO_CHARGER,Charger_1,0.76,CHARGING,Charger_1,0.82,IDLE,,0.76,MOVING_TO_FIELD,Field_3,36,0.24,0,4,38,0.30,0,6,26,0.25,0,3
47,102,4,1,0,1,6,0,0.55,MOVING_TO_FIELD,Field_1,0.69,MOVING_TO_FIELD,Field_2,0.74,MOVING_TO_FIELD,Field_2,0.81,IDLE,,0.72,IDLE,,0.73,MOVING_TO_FIELD,Field_3,0.73,MOVING_TO_FIELD,Field_3,0.72,IDLE,,0.77,MOVING_TO_CHARGER,Charger_1,0.77,CHARGING,Charger_1,0.82,IDLE,,0.75,MOVING_TO_FIELD,Field_3,38,0.23,0,4,38,0.30,0,6,26,0.24,0,3
48,104,4,1,0,1,6,0,0.54,MOVING_TO_FIELD,Field_1,0.68,MOVING_TO_FIELD,Field_2,0.73,MOVING_TO_FIELD,Field_2,0.81,IDLE,,0.72,IDLE,,0.72,MOVING_TO_FIELD,Field_3,0.72,MOVING_TO_FIELD,Field_3,0.72,IDLE,,0.76,MOVING_TO_CHARGER,Charger_1,0.78,CHARGING,Charger_1,0.82,IDLE,,0.74,MOVING_TO_FIELD,Field_3,40,0.22,0,4,38,0.30,0,6,26,0.24,0,3
49,108,4,1,2,1,4,0,0.53,MOVING_TO_FIELD,Field_1,0.67,MOVING_TO_FIELD,Field_2,0.72,MOVING_TO_FIELD,Field_2,0.81,IDLE,,0.72,IDLE,,0.71,PROTECTING,Field_3,0.71,MOVING_TO_FIELD,Field_3,0.72,IDLE,,0.75,MOVING_TO_CHARGER,Charger_1,0.79,CHARGING,Charger_1,0.82,IDLE,,0.73,PROTECTING,Field_3,41,0.22,0,4,41,0.32,0,6,26,0.24,2,1
50,114,4,1,2,1,4,0,0.52,MOVING_TO_FIELD,Field_1,0.66,MOVING_TO_FIELD,Field_2,0.71,MOVING_TO_FIELD,Field_2,0.81,IDLE,,0.72,IDLE,,0.70,PROTECTING,Field_3,0.70,MOVING_TO_FIELD,Field_3,0.72,IDLE,,0.74,MOVING_TO_CHARGER,Charger_1,0.80,CHARGING,Charger_1,0.82,IDLE,,0.72,PROTECTING,Field_3,42,0.22,0,4,43,0.31,0,6,29,0.24,2,1
51,119,4,1,0,2,5,0,0.51,MOVING_TO_FIELD,Field_2,0.65,MOVING_TO_FIELD,Field_3,0.70,MOVING_TO_FIELD,Field_3,0.80,MOVING_TO_CHARGER,Charger_1,0.72,IDLE,,0.69,MOVING_TO_CHARGER,Charger_1,0.69,MOVING_TO_FIELD,Field_3,0.72,CHARGING,Charger_1,0.74,IDLE,,0.80,IDLE,,0.81,MOVING_TO_FIELD,Field_3,0.72,IDLE,,45,0.21,0,4,44,0.32,0,6,30,0.26,0,3
52,123,4,1,1,2,4,0,0.50,MOVING_TO_FIELD,Field_2,0.64,MOVING_TO_FIELD,Field_3,0.69,MOVING_TO_FIELD,Field_3,0.79,MOVING_TO_CHARGER,Charger_1,0.72,IDLE,,0.68,MOVING_TO_CHARGER,Charger_1,0.68,PROTECTING,Field_3,0.73,CHARGING,Charger_1,0.74,IDLE,,0.80,IDLE,,0.80,MOVING_TO_FIELD,Field_3,0.72,IDLE,,47,0.22,0,4,45,0.32,0,6,31,0.26,1,2
53,124,4,1,1,2,4,0,0.49,MOVING_TO_FIELD,Field_2,0.63,MOVING_TO_FIELD,Field_3,0.68,MOVING_TO_FIELD,Field_3,0.78,MOVING_TO_CHARGER,Charger_1,0.72,IDLE,,0.67,MOVING_TO_CHARGER,Charger_1,0.67,PROTECTING,Field_3,0.74,CHARGING,Charger_1,0.74,IDLE,,0.80,IDLE,,0.79,MOVING_TO_FIELD,Field_3,0.72,IDLE,,47,0.22,0,4,45,0.32,0,6,32,0.25,1,2
54,124,4,1,1,2,4,0,0.48,MOVING_TO_FIELD,Field_2,0.62,MOVING_TO_FIELD,Field_3,0.67,MOVING_TO_FIELD,Field_3,0.77,MOVING_TO_CHARGER,Charger_1,0.72,IDLE,,0.66,MOVING_TO_CHARGER,Charger_1,0.67,PROTECTING,Field_3,0.75,CHARGING,Charger_1,0.74,IDLE,,0.80,IDLE,,0.78,MOVING_TO_FIELD,Field_3,0.72,IDLE,,47,0.24,0,4,45,0.32,0,6,32,0.25,1,2
55,128,4,1,1,2,4,0,0.47,MOVING_TO_FIELD,Field_2,0.61,MOVING_TO_FIELD,Field_3,0.66,MOVING_TO_FIELD,Field_3,0.76,MOVING_TO_CHARGER,Charger_1,0.72,IDLE,,0.65,MOVING_TO_CHARGER,Charger_1,0.66,PROTECTING,Field_3,0.76,CHARGING,Charger_1,0.74,IDLE,,0.80,IDLE,,0.77,MOVING_TO_FIELD,Field_3,0.72,IDLE,,48,0.22,0,4,46,0.29,0,6,34,0.25,1,2
56,135,4,2,1,1,4,0,0.46,MOVING_TO_FIELD,Field_2,0.60,MOVING_TO_FIELD,Field_3,0.65,MOVING_TO_FIELD,Field_3,0.76,CHARGING,Charger_1,0.72,IDLE,,0.64,MOVING_TO_CHARGER,Charger_1,0.65,PROTECTING,Field_3,0.77,CHARGING,Charger_1,0.74,IDLE,,0.80,IDLE,,0.76,MOVING_TO_FIELD,Field_3,0.72,IDLE,,50,0.21,0,4,51,0.29,0,6,34,0.23,1,2
57,136,4,2,2,1,3,0,0.45,MOVING_TO_FIELD,Field_2,0.59,MOVING_TO_FIELD,Field_3,0.64,MOVING_TO_FIELD,Field_3,0.77,CHARGING,Charger_1,0.72,IDLE,,0.63,MOVING_TO_CHARGER,Charger_1,0.65,PROTECTING,Field_3,0.78,CHARGING,Charger_1,0.74,IDLE,,0.80,IDLE,,0.75,PROTECTING,Field_3,0.72,IDLE,,51,0.20,0,4,51,0.29,0,6,34,0.23,2,1
58,139,4,2,2,1,3,0,0.44,MOVING_TO_FIELD,Field_2,0.58,MOVING_TO_FIELD,Field_3,0.63,MOVING_TO_FIELD,Field_3,0.78,CHARGING,Charger_1,0.72,IDLE,,0.62,MOVING_TO_CHARGER,Charger_1,0.64,PROTECTING,Field_3,0.79,CHARGING,Charger_1,0.74,IDLE,,0.80,IDLE,,0.74,PROTECTING,Field_3,0.72,IDLE,,51,0.19,0,4,54,0.29,0,6,34,0.22,2,1
59,145,4,2,2,1,3,0,0.43,MOVING_TO_FIELD,Field_2,0.57,MOVING_TO_FIELD,Field_3,0.62,MOVING_TO_FIELD,Field_3,0.79,CHARGING,Charger_1,0.72,IDLE,,0.61,MOVING_TO_CHARGER,Charger_1,0.63,PROTECTING,Field_3,0.80,CHARGING,Charger_1,0.74,IDLE,,0.80,IDLE,,0.74,PROTECTING,Field_3,0.72,IDLE,,55,0.20,0,4,55,0.29,0,6,35,0.22,2,1
60,146,4,3,3,0,2,0,0.42,MOVING_TO_FIELD,Field_2,0.56,MOVING_TO_FIELD,Field_3,0.61,PROTECTING,Field_3,0.80,CHARGING,Charger_1,0.72,IDLE,,0.61,CHARGING,Charger_1,0.63,PROTECTING,Field_3,0.81,CHARGING,Charger_1,0.74,IDLE,,0.80,IDLE,,0.73,PROTECTING,Field_3,0.72,IDLE,,55,0.20,0,4,55,0.28,0,6,36,0.22,3,0
61,151,2,1,0,3,6,0,0.41,MOVING_TO_FIELD,Field_1,0.55,MOVING_TO_FIELD,Field_3,0.61,IDLE,,0.79,MOVING_TO_FIELD,Field_1,0.71,MOVING_TO_CHARGER,Charger_1,0.61,IDLE,,0.62,MOVING_TO_CHARGER,Charger_1,0.80,MOVING_TO_FIELD,Field_3,0.73,MOVING_TO_FIELD,Field_3,0.80,CHARGING,Charger_1,0.72,MOVING_TO_CHARGER,Charger_1,0.71,MOVING_TO_FIELD,Field_2,56,0.19,0,4,57,0.28,0,6,38,0.23,0,3
62,154,2,1,0,3,6,0,0.40,MOVING_TO_FIELD,Field_1,0.54,MOVING_TO_FIELD,Field_3,0.61,IDLE,,0.78,MOVING_TO_FIELD,Field_1,0.70,MOVING_TO_CHARGER,Charger_1,0.61,IDLE,,0.61,MOVING_TO_CHARGER,Charger_1,0.79,MOVING_TO_FIELD,Field_3,0.72,MOVING_TO_FIELD,Field_3,0.81,CHARGING,Charger_1,0.71,MOVING_TO_CHARGER,Charger_1,0.70,MOVING_TO_FIELD,Field_2,56,0.19,0,4,57,0.28,0,6,41,0.23,0,3
63,158,2,1,1,3,5,0,0.39,MOVING_TO_FIELD,Field_1,0.53,PROTECTING,Field_3,0.61,IDLE,,0.77,MOVING_TO_FIELD,Field_1,0.69,MOVING_TO_CHARGER,Charger_1,0.61,IDLE,,0.60,MOVING_TO_CHARGER,Charger_1,0.78,MOVING_TO_FIELD,Field_3,0.71,MOVING_TO_FIELD,Field_3,0.82,CHARGING,Charger_1,0.70,MOVING_TO_CHARGER,Charger_1,0.69,MOVING_TO_FIELD,Field_2,57,0.22,0,4,60,0.29,0,6,41,0.23,1,2
64,162,2,1,1,3,5,0,0.38,MOVING_TO_FIELD,Field_1,0.53,PROTECTING,Field_3,0.61,IDLE,,0.76,MOVING_TO_FIELD,Field_1,0.68,MOVING_TO_CHARGER,Charger_1,0.61,IDLE,,0.59,MOVING_TO_CHARGER,Charger_1,0.77,MOVING_TO_FIELD,Field_3,0.70,MOVING_TO_FIELD,Field_3,0.83,CHARGING,Charger_1,0.69,MOVING_TO_CHARGER,Charger_1,0.68,MOVING_TO_FIELD,Field_2,57,0.22,0,4,62,0.28,0,6,43,0.21,1,2
65,168,2,1,1,3,5,0,0.37,MOVING_TO_FIELD,Field_1,0.52,PROTECTING,Field_3,0.61,IDLE,,0.75,MOVING_TO_FIELD,Field_1,0.67,MOVING_TO_CHARGER,Charger_1,0.61,IDLE,,0.58,MOVING_TO_CHARGER,Charger_1,0.76,MOVING_TO_FIELD,Field_3,0.69,MOVING_TO_FIELD,Field_3,0.84,CHARGING,Charger_1,0.68,MOVING_TO_CHARGER,Charger_1,0.67,MOVING_TO_FIELD,Field_2,60,0.22,0,4,63,0.28,0,6,45,0.21,1,2
66,175,2,1,1,3,5,0,0.36,MOVING_TO_FIELD,Field_1,0.51,PROTECTING,Field_3,0.61,IDLE,,0.74,MOVING_TO_FIELD,Field_1,0.66,MOVING_TO_CHARGER,Charger_1,0.61,IDLE,,0.57,MOVING_TO_CHARGER,Charger_1,0.75,MOVING_TO_FIELD,Field_3,0.68,MOVING_TO_FIELD,Field_3,0.85,CHARGING,Charger_1,0.67,MOVING_TO_CHARGER,Charger_1,0.66,MOVING_TO_FIELD,Field_2,60,0.25,0,4,65,0.28,0,6,50,0.21,1,2
67,178,2,1,1,3,5,0,0.35,MOVING_TO_FIELD,Field_1,0.51,PROTECTING,Field_3,0.61,IDLE,,0.73,MOVING_TO_FIELD,Field_1,0.65,MOVING_TO_CHARGER,Charger_1,0.61,IDLE,,0.56,MOVING_TO_CHARGER,Charger_1,0.74,MOVING_TO_FIELD,Field_3,0.67,MOVING_TO_FIELD,Field_3,0.86,CHARGING,Charger_1,0.66,MOVING_TO_CHARGER,Charger_1,0.65,MOVING_TO_FIELD,Field_2,62,0.26,0,4,66,0.29,0,6,50,0.21,1,2
68,180,2,1,2,3,4,0,0.34,MOVING_TO_FIELD,Field_1,0.50,PROTECTING,Field_3,0.61,IDLE,,0.72,PROTECTING,Field_1,0.64,MOVING_TO_CHARGER,Charger_1,0.61,IDLE,,0.55,MOVING_TO_CHARGER,Charger_1,0.73,MOVING_TO_FIELD,Field_3,0.66,MOVING_TO_FIELD,Field_3,0.87,CHARGING,Charger_1,0.65,MOVING_TO_CHARGER,Charger_1,0.64,MOVING_TO_FIELD,Field_2,62,0.26,1,3,68,0.29,0,6,50,0.21,1,2
69,183,2,1,2,3,4,0,0.33,MOVING_TO_FIELD,Field_1,0.49,PROTECTING,Field_3,0.61,IDLE,,0.72,PROTECTING,Field_1,0.63,MOVING_TO_CHARGER,Charger_1,0.61,IDLE,,0.54,MOVING_TO_CHARGER,Charger_1,0.72,MOVING_TO_FIELD,Field_3,0.65,MOVING_TO_FIELD,Field_3,0.88,CHARGING,Charger_1,0.64,MOVING_TO_CHARGER,Charger_1,0.63,MOVING_TO_FIELD,Field_2,62,0.26,1,3,71,0.29,0,6,50,0.18,1,2
70,186,2,3,3,1,3,0,0.32,MOVING_TO_FIELD,Field_1,0.49,PROTECTING,Field_3,0.61,IDLE,,0.71,PROTECTING,Field_1,0.63,CHARGING,Charger_1,0.61,IDLE,,0.53,MOVING_TO_CHARGER,Charger_1,0.71,PROTECTING,Field_3,0.64,MOVING_TO_FIELD,Field_3,0.89,CHARGING,Charger_1,0.64,CHARGING,Charger_1,0.62,MOVING_TO_FIELD,Field_2,65,0.26,1,3,71,0.29,0,6,50,0.17,2,1
71,188,1,1,1,4,5,0,0.31,MOVING_TO_CHARGER,Charger_1,0.48,MOVING_TO_CHARGER,Charger_1,0.60,MOVING_TO_FIELD,Field_1,0.70,PROTECTING,Field_1,0.64,CHARGING,Charger_1,0.60,MOVING_TO_FIELD,Field_2,0.52,MOVING_TO_FIELD,Field_1,0.71,IDLE,,0.63,MOVING_TO_CHARGER,Charger_1,0.88,MOVING_TO_FIELD,Field_1,0.63,MOVING_TO_FIELD,Field_3,0.61,MOVING_TO_CHARGER,Charger_1,67,0.26,1,3,71,0.29,0,6,50,0.15,0,3
72,190,1,1,1,4,5,0,0.30,MOVING_TO_CHARGER,Charger_1,0.47,MOVING_TO_CHARGER,Charger_1,0.59,MOVING_TO_FIELD,Field_1,0.70,PROTECTING,Field_1,0.65,CHARGING,Charger_1,0.59,MOVING_TO_FIELD,Field_2,0.51,MOVING_TO_FIELD,Field_1,0.71,IDLE,,0.62,MOVING_TO_CHARGER,Charger_1,0.87,MOVING_TO_FIELD,Field_1,0.62,MOVING_TO_FIELD,Field_3,0.60,MOVING_TO_CHARGER,Charger_1,67,0.26,1,3,73,0.29,0,6,50,0.15,0,3
73,195,1,2,1,3,5,0,0.30,CHARGING,Charger_1,0.46,MOVING_TO_CHARGER,Charger_1,0.58,MOVING_TO_FIELD,Field_1,0.69,PROTECTING,Field_1,0.66,CHARGING,Charger_1,0.58,MOVING_TO_FIELD,Field_2,0.50,MOVING_TO_FIELD,Field_1,0.71,IDLE,,0.61,MOVING_TO_CHARGER,Charger_1,0.86,MOVING_TO_FIELD,Field_1,0.61,MOVING_TO_FIELD,Field_3,0.59,MOVING_TO_CHARGER,Charger_1,68,0.26,1,3,75,0.28,0,6,52,0.17,0,3
74,197,1,2,1,3,5,0,0.31,CHARGING,Charger_1,0.45,MOVING_TO_CHARGER,Charger_1,0.57,MOVING_TO_FIELD,Field_1,0.68,PROTECTING,Field_1,0.67,CHARGING,Charger_1,0.57,MOVING_TO_FIELD,Field_2,0.49,MOVING_TO_FIELD,Field_1,0.71,IDLE,,0.60,MOVING_TO_CHARGER,Charger_1,0.85,MOVING_TO_FIELD,Field_1,0.60,MOVING_TO_FIELD,Field_3,0.58,MOVING_TO_CHARGER,Charger_1,69,0.30,1,3,75,0.27,0,6,53,0.17,0,3
75,200,1,2,3,3,3,0,0.32,CHARGING,Charger_1,0.44,MOVING_TO_CHARGER,Charger_1,0.56,MOVING_TO_FIELD,Field_1,0.68,PROTECTING,Field_1,0.68,CHARGING,Charger_1,0.56,MOVING_TO_FIELD,Field_2,0.48,PROTECTING,Field_1,0.71,IDLE,,0.59,MOVING_TO_CHARGER,Charger_1,0.84,PROTECTING,Field_1,0.59,MOVING_TO_FIELD,Field_3,0.57,MOVING_TO_CHARGER,Charger_1,71,0.29,3,1,76,0.27,0,6,53,0.16,0,3
76,202,1,3,3,2,3,0,0.33,CHARGING,Charger_1,0.43,MOVING_TO_CHARGER,Charger_1,0.55,MOVING_TO_FIELD,Field_1,0.67,PROTECTING,Field_1,0.69,CHARGING,Charger_1,0.55,MOVING_TO_FIELD,Field_2,0.47,PROTECTING,Field_1,0.71,IDLE,,0.58,MOVING_TO_CHARGER,Charger_1,0.83,PROTECTING,Field_1,0.58,MOVING_TO_FIELD,Field_3,0.57,CHARGING,Charger_1,72,0.29,3,1,76,0.26,0,6,54,0.15,0,3
77,211,1,3,3,2,3,0,0.34,CHARGING,Charger_1,0.42,MOVING_TO_CHARGER,Charger_1,0.54,MOVING_TO_FIELD,Field_1,0.66,PROTECTING,Field_1,0.70,CHARGING,Charger_1,0.54,MOVING_TO_FIELD,Field_2,0.46,PROTECTING,Field_1,0.71,IDLE,,0.57,MOVING_TO_CHARGER,Charger_1,0.83,PROTECTING,Field_1,0.57,MOVING_TO_FIELD,Field_3,0.58,CHARGING,Charger_1,76,0.29,3,1,79,0.25,0,6,56,0.14,0,3
78,216,1,3,3,2,3,0,0.35,CHARGING,Charger_1,0.41,MOVING_TO_CHARGER,Charger_1,0.53,MOVING_TO_FIELD,Field_1,0.65,PROTECTING,Field_1,0.71,CHARGING,Charger_1,0.53,MOVING_TO_FIELD,Field_2,0.45,PROTECTING,Field_1,0.71,IDLE,,0.56,MOVING_TO_CHARGER,Charger_1,0.82,PROTECTING,Field_1,0.56,MOVING_TO_FIELD,Field_3,0.59,CHARGING,Charger_1,78,0.32,3,1,80,0.24,0,6,58,0.13,0,3
79,220,1,3,3,2,3,0,0.36,CHARGING,Charger_1,0.40,MOVING_TO_CHARGER,Charger_1,0.52,MOVING_TO_FIELD,Field_1,0.65,PROTECTING,Field_1,0.72,CHARGING,Charger_1,0.52,MOVING_TO_FIELD,Field_2,0.45,PROTECTING,Field_1,0.71,IDLE,,0.55,MOVING_TO_CHARGER,Charger_1,0.81,PROTECTING,Field_1,0.55,MOVING_TO_FIELD,Field_3,0.60,CHARGING,Charger_1,79,0.32,3,1,82,0.24,0,6,59,0.13,0,3
80,224,1,5,5,0,1,0,0.37,CHARGING,Charger_1,0.40,CHARGING,Charger_1,0.51,MOVING_TO_FIELD,Field_1,0.64,PROTECTING,Field_1,0.73,CHARGING,Charger_1,0.51,PROTECTING,Field_2,0.44,PROTECTING,Field_1,0.71,IDLE,,0.55,CHARGING,Charger_1,0.81,PROTECTING,Field_1,0.54,PROTECTING,Field_3,0.61,CHARGING,Charger_1,81,0.30,3,1,82,0.23,1,5,61,0.12,1,2
81,227,4,1,1,4,2,0,0.37,IDLE,,0.41,CHARGING,Charger_1,0.50,MOVING_TO_FIELD,Field_2,0.64,IDLE,,0.73,IDLE,,0.50,MOVING_TO_CHARGER,Charger_1,0.43,PROTECTING,Field_1,0.70,MOVING_TO_CHARGER,Charger_1,0.55,IDLE,,0.80,MOVING_TO_CHARGER,Charger_1,0.53,MOVING_TO_CHARGER,Charger_1,0.60,MOVING_TO_FIELD,Field_2,83,0.30,1,3,83,0.24,0,6,61,0.12,0,3
82,232,4,1,1,4,2,0,0.37,IDLE,,0.42,CHARGING,Charger_1,0.49,MOVING_TO_FIELD,Field_2,0.64,IDLE,,0.73,IDLE,,0.49,MOVING_TO_CHARGER,Charger_1,0.43,PROTECTING,Field_1,0.69,MOVING_TO_CHARGER,Charger_1,0.55,IDLE,,0.79,MOVING_TO_CHARGER,Charger_1,0.52,MOVING_TO_CHARGER,Charger_1,0.59,MOVING_TO_FIELD,Field_2,86,0.29,1,3,83,0.24,0,6,63,0.12,0,3
83,235,4,1,1,4,2,0,0.37,IDLE,,0.43,CHARGING,Charger_1,0.48,MOVING_TO_FIELD,Field_2,0.64,IDLE,,0.73,IDLE,,0.48,MOVING_TO_CHARGER,Charger_1,0.42,PROTECTING,Field_1,0.68,MOVING_TO_CHARGER,Charger_1,0.55,IDLE,,0.78,MOVING_TO_CHARGER,Charger_1,0.51,MOVING_TO_CHARGER,Charger_1,0.58,MOVING_TO_FIELD,Field_2,86,0.29,1,3,85,0.24,0,6,64,0.11,0,3
84,240,4,1,1,4,2,0,0.37,IDLE,,0.44,CHARGING,Charger_1,0.47,MOVING_TO_FIELD,Field_2,0.64,IDLE,,0.73,IDLE,,0.47,MOVING_TO_CHARGER,Charger_1,0.41,PROTECTING,Field_1,0.67,MOVING_TO_CHARGER,Charger_1,0.55,IDLE,,0.77,MOVING_TO_CHARGER,Charger_1,0.50,MOVING_TO_CHARGER,Charger_1,0.57,MOVING_TO_FIELD,Field_2,89,0.29,1,3,86,0.24,0,6,65,0.10,0,3
85,241,4,2,1,3,2,0,0.37,IDLE,,0.45,CHARGING,Charger_1,0.46,MOVING_TO_FIELD,Field_2,0.64,IDLE,,0.73,IDLE,,0.46,MOVING_TO_CHARGER,Charger_1,0.41,PROTECTING,Field_1,0.66,MOVING_TO_CHARGER,Charger_1,0.55,IDLE,,0.77,CHARGING,Charger_1,0.49,MOVING_TO_CHARGER,Charger_1,0.56,MOVING_TO_FIELD,Field_2,90,0.28,1,3,86,0.24,0,6,65,0.10,0,3
86,245,4,2,1,3,2,0,0.37,IDLE,,0.46,CHARGING,Charger_1,0.45,MOVING_TO_FIELD,Field_2,0.64,IDLE,,0.73,IDLE,,0.45,MOVING_TO_CHARGER,Charger_1,0.40,PROTECTING,Field_1,0.65,MOVING_TO_CHARGER,Charger_1,0.55,IDLE,,0.78,CHARGING,Charger_1,0.48,MOVING_TO_CHARGER,Charger_1,0.55,MOVING_TO_FIELD,Field_2,90,0.27,1,3,89,0.23,0,6,66,0.11,0,3
87,249,4,2,1,3,2,0,0.37,IDLE,,0.47,CHARGING,Charger_1,0.44,MOVING_TO_FIELD,Field_2,0.64,IDLE,,0.73,IDLE,,0.44,MOVING_TO_CHARGER,Charger_1,0.39,PROTECTING,Field_1,0.64,MOVING_TO_CHARGER,Charger_1,0.55,IDLE,,0.79,CHARGING,Charger_1,0.47,MOVING_TO_CHARGER,Charger_1,0.54,MOVING_TO_FIELD,Field_2,92,0.26,1,3,89,0.22,0,6,68,0.09,0,3
88,251,4,2,1,3,2,0,0.37,IDLE,,0.48,CHARGING,Charger_1,0.43,MOVING_TO_FIELD,Field_2,0.64,IDLE,,0.73,IDLE,,0.43,MOVING_TO_CHARGER,Charger_1,0.38,PROTECTING,Field_1,0.63,MOVING_TO_CHARGER,Charger_1,0.55,IDLE,,0.80,CHARGING,Charger_1,0.46,MOVING_TO_CHARGER,Charger_1,0.53,MOVING_TO_FIELD,Field_2,92,0.25,1,3,90,0.22,0,6,69,0.10,0,3
89,254,4,2,1,3,2,0,0.37,IDLE,,0.49,CHARGING,Charger_1,0.42,MOVING_TO_FIELD,Field_2,0.64,IDLE,,0.73,IDLE,,0.42,MOVING_TO_CHARGER,Charger_1,0.38,PROTECTING,Field_1,0.62,MOVING_TO_CHARGER,Charger_1,0.55,IDLE,,0.81,CHARGING,Charger_1,0.45,MOVING_TO_CHARGER,Charger_1,0.52,MOVING_TO_FIELD,Field_2,93,0.24,1,3,92,0.23,0,6,69,0.10,0,3
90,256,4,5,1,0,2,0,0.37,IDLE,,0.50,CHARGING,Charger_1,0.41,MOVING_TO_FIELD,Field_2,0.64,IDLE,,0.73,IDLE,,0.42,CHARGING,Charger_1,0.37,PROTECTING,Field_1,0.62,CHARGING,Charger_1,0.55,IDLE,,0.82,CHARGING,Charger_1,0.45,CHARGING,Charger_1,0.51,MOVING_TO_FIELD,Field_2,93,0.23,1,3,93,0.22,0,6,70,0.09,0,3
91,256,3,2,1,2,4,0,0.37,CHARGING,Charger_1,0.49,MOVING_TO_FIELD,Field_3,0.40,MOVING_TO_CHARGER,Charger_1,0.63,PROTECTING,Field_1,0.72,MOVING_TO_FIELD,Field_2,0.42,IDLE,,0.37,IDLE,,0.62,IDLE,,0.55,CHARGING,Charger_1,0.81,MOVING_TO_FIELD,Field_3,0.44,MOVING_TO_FIELD,Field_1,0.50,MOVING_TO_CHARGER,Charger_1,93,0.22,1,3,93,0.22,0,6,70,0.08,0,3
92,260,3,2,1,2,4,0,0.38,CHARGING,Charger_1,0.48,MOVING_TO_FIELD,Field_3,0.39,MOVING_TO_CHARGER,Charger_1,0.62,PROTECTING,Field_1,0.71,MOVING_TO_FIELD,Field_2,0.42,IDLE,,0.37,IDLE,,0.62,IDLE,,0.56,CHARGING,Charger_1,0.80,MOVING_TO_FIELD,Field_3,0.43,MOVING_TO_FIELD,Field_1,0.49,MOVING_TO_CHARGER,Charger_1,94,0.23,1,3,95,0.22,0,6,71,0.07,0,3
93,260,3,2,1,2,4,0,0.39,CHARGING,Charger_1,0.47,MOVING_TO_FIELD,Field_3,0.38,MOVING_TO_CHARGER,Charger_1,0.62,PROTECTING,Field_1,0.70,MOVING_TO_FIELD,Field_2,0.42,IDLE,,0.37,IDLE,,0.62,IDLE,,0.57,CHARGING,Charger_1,0.79,MOVING_TO_FIELD,Field_3,0.42,MOVING_TO_FIELD,Field_1,0.48,MOVING_TO_CHARGER,Charger_1,94,0.24,1,3,95,0.22,0,6,71,0.07,0,3
94,264,3,2,1,2,4,0,0.40,CHARGING,Charger_1,0.46,MOVING_TO_FIELD,Field_3,0.37,MOVING_TO_CHARGER,Charger_1,0.61,PROTECTING,Field_1,0.69,MOVING_TO_FIELD,Field_2,0.42,IDLE,,0.37,IDLE,,0.62,IDLE,,0.58,CHARGING,Charger_1,0.78,MOVING_TO_FIELD,Field_3,0.41,MOVING_TO_FIELD,Field_1,0.47,MOVING_TO_CHARGER,Charger_1,95,0.23,1,3,98,0.23,0,6,71,0.07,0,3
95,265,3,2,2,2,3,0,0.41,CHARGING,Charger_1,0.45,MOVING_TO_FIELD,Field_3,0.36,MOVING_TO_CHARGER,Charger_1,0.60,PROTECTING,Field_1,0.68,MOVING_TO_FIELD,Field_2,0.42,IDLE,,0.37,IDLE,,0.62,IDLE,,0.59,CHARGING,Charger_1,0.77,MOVING_TO_FIELD,Field_3,0.40,PROTECTING,Field_1,0.46,MOVING_TO_CHARGER,Charger_1,95,0.24,2,2,99,0.24,0,6,71,0.07,0,3
96,268,3,2,2,2,3,0,0.42,CHARGING,Charger_1,0.44,MOVING_TO_FIELD,Field_3,0.35,MOVING_TO_CHARGER,Charger_1,0.60,PROTECTING,Field_1,0.67,MOVING_TO_FIELD,Field_2,0.42,IDLE,,0.37,IDLE,,0.62,IDLE,,0.60,CHARGING,Charger_1,0.76,MOVING_TO_FIELD,Field_3,0.39,PROTECTING,Field_1,0.45,MOVING_TO_CHARGER,Charger_1,96,0.22,2,2,101,0.24,0,6,71,0.06,0,3
97,272,3,3,2,1,3,0,0.43,CHARGING,Charger_1,0.43,MOVING_TO_FIELD,Field_3,0.35,CHARGING,Charger_1,0.59,PROTECTING,Field_1,0.66,MOVING_TO_FIELD,Field_2,0.42,IDLE,,0.37,IDLE,,0.62,IDLE,,0.61,CHARGING,Charger_1,0.75,MOVING_TO_FIELD,Field_3,0.39,PROTECTING,Field_1,0.44,MOVING_TO_CHARGER,Charger_1,97,0.22,2,2,102,0.24,0,6,73,0.07,0,3
98,273,3,3,2,1,3,0,0.44,CHARGING,Charger_1,0.42,MOVING_TO_FIELD,Field_3,0.36,CHARGING,Charger_1,0.58,PROTECTING,Field_1,0.65,MOVING_TO_FIELD,Field_2,0.42,IDLE,,0.37,IDLE,,0.62,IDLE,,0.62,CHARGING,Charger_1,0.74,MOVING_TO_FIELD,Field_3,0.38,PROTECTING,Field_1,0.43,MOVING_TO_CHARGER,Charger_1,97,0.21,2,2,103,0.25,0,6,73,0.05,0,3
99,275,3,3,2,1,3,0,0.45,CHARGING,Charger_1,0.41,MOVING_TO_FIELD,Field_3,0.37,CHARGING,Charger_1,0.57,PROTECTING,Field_1,0.64,MOVING_TO_FIELD,Field_2,0.42,IDLE,,0.37,IDLE,,0.62,IDLE,,0.63,CHARGING,Charger_1,0.73,MOVING_TO_FIELD,Field_3,0.37,PROTECTING,Field_1,0.42,MOVING_TO_CHARGER,Charger_1,97,0.21,2,2,105,0.25,0,6,73,0.05,0,3
100,277,3,4,5,0,0,0,0.46,CHARGING,Charger_1,0.40,PROTECTING,Field_3,0.38,CHARGING,Charger_1,0.57,PROTECTING,Field_1,0.63,PROTECTING,Field_2,0.42,IDLE,,0.37,IDLE,,0.62,IDLE,,0.64,CHARGING,Charger_1,0.72,PROTECTING,Field_3,0.36,PROTECTING,Field_1,0.42,CHARGING,Charger_1,97,0.21,2,2,106,0.26,1,5,74,0.05,2,1
101,281,2,0,1,0,9,0,0.45,MOVING_TO_FIELD,Field_2,0.39,MOVING_TO_FIELD,Field_1,0.38,IDLE,,0.56,MOVING_TO_FIELD,Field_3,0.62,MOVING_TO_FIELD,Field_1,0.41,MOVING_TO_FIELD,Field_2,0.36,MOVING_TO_FIELD,Field_2,0.61,MOVING_TO_FIELD,Field_3,0.63,MOVING_TO_FIELD,Field_1,0.72,IDLE,,0.36,PROTECTING,Field_1,0.41,MOVING_TO_FIELD,Field_2,99,0.22,1,3,107,0.24,0,6,75,0.06,0,3
102,283,2,0,1,0,9,0,0.44,MOVING_TO_FIELD,Field_2,0.38,MOVING_TO_FIELD,Field_1,0.38,IDLE,,0.55,MOVING_TO_FIELD,Field_3,0.61,MOVING_TO_FIELD,Field_1,0.40,MOVING_TO_FIELD,Field_2,0.35,MOVING_TO_FIELD,Field_2,0.60,MOVING_TO_FIELD,Field_3,0.62,MOVING_TO_FIELD,Field_1,0.72,IDLE,,0.35,PROTECTING,Field_1,0.40,MOVING_TO_FIELD,Field_2,99,0.21,1,3,109,0.24,0,6,75,0.06,0,3
103,286,2,0,1,0,9,0,0.43,MOVING_TO_FIELD,Field_2,0.37,MOVING_TO_FIELD,Field_1,0.38,IDLE,,0.54,MOVING_TO_FIELD,Field_3,0.60,MOVING_TO_FIELD,Field_1,0.39,MOVING_TO_FIELD,Field_2,0.34,MOVING_TO_FIELD,Field_2,0.59,MOVING_TO_FIELD,Field_3,0.61,MOVING_TO_FIELD,Field_1,0.72,IDLE,,0.34,PROTECTING,Field_1,0.39,MOVING_TO_FIELD,Field_2,100,0.22,1,3,111,0.24,0,6,75,0.06,0,3
104,289,2,0,1,0,9,0,0.42,MOVING_TO_FIELD,Field_2,0.36,MOVING_TO_FIELD,Field_1,0.38,IDLE,,0.53,MOVING_TO_FIELD,Field_3,0.59,MOVING_TO_FIELD,Field_1,0.38,MOVING_TO_FIELD,Field_2,0.33,MOVING_TO_FIELD,Field_2,0.58,MOVING_TO_FIELD,Field_3,0.60,MOVING_TO_FIELD,Field_1,0.72,IDLE,,0.34,PROTECTING,Field_1,0.38,MOVING_TO_FIELD,Field_2,102,0.20,1,3,112,0.23,0,6,75,0.07,0,3
105,290,2,0,1,0,9,0,0.41,MOVING_TO_FIELD,Field_2,0.35,MOVING_TO_FIELD,Field_1,0.38,IDLE,,0.52,MOVING_TO_FIELD,Field_3,0.58,MOVING_TO_FIELD,Field_1,0.37,MOVING_TO_FIELD,Field_2,0.32,MOVING_TO_FIELD,Field_2,0.57,MOVING_TO_FIELD,Field_3,0.59,MOVING_TO_FIELD,Field_1,0.72,IDLE,,0.33,PROTECTING,Field_1,0.37,MOVING_TO_FIELD,Field_2,102,0.20,1,3,113,0.24,0,6,75,0.08,0,3
106,294,2,0,1,0,9,0,0.40,MOVING_TO_FIELD,Field_2,0.34,MOVING_TO_FIELD,Field_1,0.38,IDLE,,0.51,MOVING_TO_FIELD,Field_3,0.57,MOVING_TO_FIELD,Field_1,0.36,MOVING_TO_FIELD,Field_2,0.31,MOVING_TO_FIELD,Field_2,0.56,MOVING_TO_FIELD,Field_3,0.58,MOVING_TO_FIELD,Field_1,0.72,IDLE,,0.32,PROTECTING,Field_1,0.36,MOVING_TO_FIELD,Field_2,104,0.20,1,3,114,0.25,0,6,76,0.08,0,3
107,296,2,0,1,0,9,0,0.39,MOVING_TO_FIELD,Field_2,0.33,MOVING_TO_FIELD,Field_1,0.38,IDLE,,0.50,MOVING_TO_FIELD,Field_3,0.56,MOVING_TO_FIELD,Field_1,0.35,MOVING_TO_FIELD,Field_2,0.30,MOVING_TO_FIELD,Field_2,0.55,MOVING_TO_FIELD,Field_3,0.57,MOVING_TO_FIELD,Field_1,0.72,IDLE,,0.32,PROTECTING,Field_1,0.35,MOVING_TO_FIELD,Field_2,104,0.18,1,3,115,0.26,0,6,77,0.08,0,3
108,297,2,0,2,0,8,0,0.38,MOVING_TO_FIELD,Field_2,0.32,MOVING_TO_FIELD,Field_1,0.38,IDLE,,0.49,MOVING_TO_FIELD,Field_3,0.55,MOVING_TO_FIELD,Field_1,0.34,MOVING_TO_FIELD,Field_2,0.29,MOVING_TO_FIELD,Field_2,0.54,MOVING_TO_FIELD,Field_3,0.56,PROTECTING,Field_1,0.72,IDLE,,0.31,PROTECTING,Field_1,0.34,MOVING_TO_FIELD,Field_2,105,0.16,2,2,115,0.26,0,6,77,0.08,0,3
109,301,2,0,2,0,8,0,0.37,MOVING_TO_FIELD,Field_2,0.31,MOVING_TO_FIELD,Field_1,0.38,IDLE,,0.48,MOVING_TO_FIELD,Field_3,0.54,MOVING_TO_FIELD,Field_1,0.33,MOVING_TO_FIELD,Field_2,0.28,MOVING_TO_FIELD,Field_2,0.53,MOVING_TO_FIELD,Field_3,0.55,PROTECTING,Field_1,0.72,IDLE,,0.30,PROTECTING,Field_1,0.33,MOVING_TO_FIELD,Field_2,105,0.17,2,2,117,0.25,0,6,79,0.09,0,3
110,305,2,0,5,0,5,0,0.36,PROTECTING,Field_2,0.30,MOVING_TO_FIELD,Field_1,0.38,IDLE,,0.47,MOVING_TO_FIELD,Field_3,0.53,MOVING_TO_FIELD,Field_1,0.32,PROTECTING,Field_2,0.27,MOVING_TO_FIELD,Field_2,0.52,PROTECTING,Field_3,0.54,PROTECTING,Field_1,0.72,IDLE,,0.29,PROTECTING,Field_1,0.32,MOVING_TO_FIELD,Field_2,107,0.16,2,2,119,0.25,2,4,79,0.08,1,2
111,308,5,0,1,3,3,0,0.35,MOVING_TO_CHARGER,Charger_1,0.30,IDLE,,0.38,IDLE,,0.47,IDLE,,0.52,MOVING_TO_FIELD,Field_1,0.31,MOVING_TO_FIELD,Field_3,0.26,MOVING_TO_CHARGER,Charger_1,0.51,PROTECTING,Field_3,0.53,MOVING_TO_CHARGER,Charger_1,0.72,IDLE,,0.29,IDLE,,0.31,MOVING_TO_FIELD,Field_3,108,0.17,0,4,120,0.25,0,6,80,0.09,1,2
112,310,5,0,1,3,3,0,0.34,MOVING_TO_CHARGER,Charger_1,0.30,IDLE,,0.38,IDLE,,0.47,IDLE,,0.51,MOVING_TO_FIELD,Field_1,0.30,MOVING_TO_FIELD,Field_3,0.25,MOVING_TO_CHARGER,Charger_1,0.50,PROTECTING,Field_3,0.52,MOVING_TO_CHARGER,Charger_1,0.72,IDLE,,0.29,IDLE,,0.30,MOVING_TO_FIELD,Field_3,108,0.17,0,4,122,0.27,0,6,80,0.09,1,2
113,312,5,0,1,3,3,0,0.33,MOVING_TO_CHARGER,Charger_1,0.30,IDLE,,0.38,IDLE,,0.47,IDLE,,0.50,MOVING_TO_FIELD,Field_1,0.29,MOVING_TO_FIELD,Field_3,0.24,MOVING_TO_CHARGER,Charger_1,0.49,PROTECTING,Field_3,0.51,MOVING_TO_CHARGER,Charger_1,0.72,IDLE,,0.29,IDLE,,0.29,MOVING_TO_FIELD,Field_3,109,0.17,0,4,123,0.26,0,6,80,0.09,1,2
114,314,5,0,1,3,3,0,0.32,MOVING_TO_CHARGER,Charger_1,0.30,IDLE,,0.38,IDLE,,0.47,IDLE,,0.49,MOVING_TO_FIELD,Field_1,0.28,MOVING_TO_FIELD,Field_3,0.23,MOVING_TO_CHARGER,Charger_1,0.49,PROTECTING,Field_3,0.50,MOVING_TO_CHARGER,Charger_1,0.72,IDLE,,0.29,IDLE,,0.28,MOVING_TO_FIELD,Field_3,110,0.19,0,4,123,0.25,0,6,81,0.08,1,2
115,319,5,0,1,3,3,0,0.31,MOVING_TO_CHARGER,Charger_1,0.30,IDLE,,0.38,IDLE,,0.47,IDLE,,0.48,MOVING_TO_FIELD,Field_1,0.27,MOVING_TO_FIELD,Field_3,0.22,MOVING_TO_CHARGER,Charger_1,0.48,PROTECTING,Field_3,0.49,MOVING_TO_CHARGER,Charger_1,0.72,IDLE,,0.29,IDLE,,0.27,MOVING_TO_FIELD,Field_3,112,0.20,0,4,125,0.27,0,6,82,0.08,1,2
116,321,5,0,1,3,3,0,0.30,MOVING_TO_CHARGER,Charger_1,0.30,IDLE,,0.38,IDLE,,0.47,IDLE,,0.47,MOVING_TO_FIELD,Field_1,0.26,MOVING_TO_FIELD,Field_3,0.21,MOVING_TO_CHARGER,Charger_1,0.47,PROTECTING,Field_3,0.48,MOVING_TO_CHARGER,Charger_1,0.72,IDLE,,0.29,IDLE,,0.26,MOVING_TO_FIELD,Field_3,112,0.20,0,4,127,0.27,0,6,82,0.09,1,2
117,322,5,0,2,3,2,0,0.29,MOVING_TO_CHARGER,Charger_1,0.30,IDLE,,0.38,IDLE,,0.47,IDLE,,0.46,PROTECTING,Field_1,0.25,MOVING_TO_FIELD,Field_3,0.20,MOVING_TO_CHARGER,Charger_1,0.47,PROTECTING,Field_3,0.47,MOVING_TO_CHARGER,Charger_1,0.72,IDLE,,0.29,IDLE,,0.25,MOVING_TO_FIELD,Field_3,113,0.21,1,3,127,0.28,0,6,82,0.10,1,2
118,326,5,2,2,1,2,0,0.28,MOVING_TO_CHARGER,Charger_1,0.30,IDLE,,0.38,IDLE,,0.47,IDLE,,0.45,PROTECTING,Field_1,0.24,MOVING_TO_FIELD,Field_3,0.20,CHARGING,Charger_1,0.46,PROTECTING,Field_3,0.47,CHARGING,Charger_1,0.72,IDLE,,0.29,IDLE,,0.24,MOVING_TO_FIELD,Field_3,115,0.21,1,3,128,0.29,0,6,83,0.11,1,2
119,334,5,2,2,1,2,0,0.27,MOVING_TO_CHARGER,Charger_1,0.30,IDLE,,0.38,IDLE,,0.47,IDLE,,0.45,PROTECTING,Field_1,0.23,MOVING_TO_FIELD,Field_3,0.21,CHARGING,Charger_1,0.45,PROTECTING,Field_3,0.48,CHARGING,Charger_1,0.72,IDLE,,0.29,IDLE,,0.23,MOVING_TO_FIELD,Field_3,116,0.23,1,3,132,0.29,0,6,86,0.12,1,2
120,336,5,3,2,0,2,0,0.27,CHARGING,Charger_1,0.30,IDLE,,0.38,IDLE,,0.47,IDLE,,0.44,PROTECTING,Field_1,0.22,MOVING_TO_FIELD,Field_3,0.22,CHARGING,Charger_1,0.45,PROTECTING,Field_3,0.49,CHARGING,Charger_1,0.72,IDLE,,0.29,IDLE,,0.22,MOVING_TO_FIELD,Field_3,117,0.23,1,3,132,0.29,0,6,87,0.12,1,2
121,340,2,0,0,3,7,0,0.26,MOVING_TO_FIELD,Field_2,0.30,IDLE,,0.37,MOVING_TO_FIELD,Field_2,0.46,MOVING_TO_CHARGER,Charger_1,0.43,MOVING_TO_CHARGER,Charger_1,0.21,MOVING_TO_CHARGER,Charger_1,0.21,MOVING_TO_FIELD,Field_2,0.44,MOVING_TO_FIELD,Field_2,0.49,IDLE,,0.71,MOVING_TO_FIELD,Field_2,0.28,MOVING_TO_FIELD,Field_2,0.21,MOVING_TO_FIELD,Field_1,118,0.22,0,4,134,0.26,0,6,88,0.12,0,3
122,341,2,0,0,3,7,0,0.25,MOVING_TO_FIELD,Field_2,0.30,IDLE,,0.36,MOVING_TO_FIELD,Field_2,0.45,MOVING_TO_CHARGER,Charger_1,0.42,MOVING_TO_CHARGER,Charger_1,0.20,MOVING_TO_CHARGER,Charger_1,0.20,MOVING_TO_FIELD,Field_2,0.43,MOVING_TO_FIELD,Field_2,0.49,IDLE,,0.70,MOVING_TO_FIELD,Field_2,0.27,MOVING_TO_FIELD,Field_2,0.20,MOVING_TO_FIELD,Field_1,119,0.21,0,4,134,0.26,0,6,88,0.12,0,3
123,342,2,1,0,2,7,0,0.24,MOVING_TO_FIELD,Field_2,0.30,IDLE,,0.35,MOVING_TO_FIELD,Field_2,0.45,CHARGING,Charger_1,0.41,MOVING_TO_CHARGER,Charger_1,0.19,MOVING_TO_CHARGER,Charger_1,0.19,MOVING_TO_FIELD,Field_2,0.42,MOVING_TO_FIELD,Field_2,0.49,IDLE,,0.69,MOVING_TO_FIELD,Field_2,0.26,MOVING_TO_FIELD,Field_2,0.19,MOVING_TO_FIELD,Field_1,119,0.21,0,4,134,0.27,0,6,89,0.12,0,3
124,345,2,1,0,2,7,0,0.23,MOVING_TO_FIELD,Field_2,0.30,IDLE,,0.34,MOVING_TO_FIELD,Field_2,0.46,CHARGING,Charger_1,0.40,MOVING_TO_CHARGER,Charger_1,0.18,MOVING_TO_CHARGER,Charger_1,0.18,MOVING_TO_FIELD,Field_2,0.41,MOVING_TO_FIELD,Field_2,0.49,IDLE,,0.68,MOVING_TO_FIELD,Field_2,0.25,MOVING_TO_FIELD,Field_2,0.18,MOVING_TO_FIELD,Field_1,119,0.22,0,4,135,0.25,0,6,91,0.11,0,3
125,348,2,1,0,2,7,0,0.22,MOVING_TO_FIELD,Field_2,0.30,IDLE,,0.33,MOVING_TO_FIELD,Field_2,0.47,CHARGING,Charger_1,0.39,MOVING_TO_CHARGER,Charger_1,0.17,MOVING_TO_CHARGER,Charger_1,0.17,MOVING_TO_FIELD,Field_2,0.40,MOVING_TO_FIELD,Field_2,0.49,IDLE,,0.67,MOVING_TO_FIELD,Field_2,0.24,MOVING_TO_FIELD,Field_2,0.17,MOVING_TO_FIELD,Field_1,121,0.23,0,4,135,0.25,0,6,92,0.12,0,3
126,352,2,1,0,2,7,0,0.21,MOVING_TO_FIELD,Field_2,0.30,IDLE,,0.32,MOVING_TO_FIELD,Field_2,0.48,CHARGING,Charger_1,0.38,MOVING_TO_CHARGER,Charger_1,0.16,MOVING_TO_CHARGER,Charger_1,0.16,MOVING_TO_FIELD,Field_2,0.39,MOVING_TO_FIELD,Field_2,0.49,IDLE,,0.66,MOVING_TO_FIELD,Field_2,0.23,MOVING_TO_FIELD,Field_2,0.16,MOVING_TO_FIELD,Field_1,123,0.22,0,4,137,0.24,0,6,92,0.14,0,3
127,354,2,1,0,2,7,0,0.20,MOVING_TO_FIELD,Field_2,0.30,IDLE,,0.31,MOVING_TO_FIELD,Field_2,0.49,CHARGING,Charger_1,0.37,MOVING_TO_CHARGER,Charger_1,0.15,MOVING_TO_CHARGER,Charger_1,0.15,MOVING_TO_FIELD,Field_2,0.38,MOVING_TO_FIELD,Field_2,0.49,IDLE,,0.65,MOVING_TO_FIELD,Field_2,0.22,MOVING_TO_FIELD,Field_2,0.15,MOVING_TO_FIELD,Field_1,125,0.23,0,4,137,0.24,0,6,92,0.13,0,3
128,358,2,3,0,0,7,0,0.19,MOVING_TO_FIELD,Field_2,0.30,IDLE,,0.30,MOVING_TO_FIELD,Field_2,0.50,CHARGING,Charger_1,0.37,CHARGING,Charger_1,0.15,CHARGING,Charger_1,0.14,MOVING_TO_FIELD,Field_2,0.37,MOVING_TO_FIELD,Field_2,0.49,IDLE,,0.64,MOVING_TO_FIELD,Field_2,0.21,MOVING_TO_FIELD,Field_2,0.14,MOVING_TO_FIELD,Field_1,127,0.23,0,4,138,0.25,0,6,93,0.13,0,3
129,363,2,3,0,0,7,0,0.18,MOVING_TO_FIELD,Field_2,0.30,IDLE,,0.29,MOVING_TO_FIELD,Field_2,0.51,CHARGING,Charger_1,0.38,CHARGING,Charger_1,0.16,CHARGING,Charger_1,0.13,MOVING_TO_FIELD,Field_2,0.36,MOVING_TO_FIELD,Field_2,0.49,IDLE,,0.63,MOVING_TO_FIELD,Field_2,0.20,MOVING_TO_FIELD,Field_2,0.13,MOVING_TO_FIELD,Field_1,131,0.22,0,4,138,0.26,0,6,94,0.14,0,3
130,366,2,3,3,0,4,0,0.17,PROTECTING,Field_2,0.30,IDLE,,0.28,MOVING_TO_FIELD,Field_2,0.52,CHARGING,Charger_1,0.39,CHARGING,Charger_1,0.17,CHARGING,Charger_1,0.12,PROTECTING,Field_2,0.35,MOVING_TO_FIELD,Field_2,0.49,IDLE,,0.62,MOVING_TO_FIELD,Field_2,0.19,MOVING_TO_FIELD,Field_2,0.12,PROTECTING,Field_1,132,0.22,1,3,138,0.27,2,4,96,0.14,0,3
131,369,3,1,0,2,6,0,0.16,MOVING_TO_FIELD,Field_1,0.29,MOVING_TO_CHARGER,Charger_1,0.27,MOVING_TO_FIELD,Field_1,0.51,MOVING_TO_FIELD,Field_2,0.39,IDLE,,0.17,IDLE,,0.11,MOVING_TO_FIELD,Field_1,0.34,MOVING_TO_CHARGER,Charger_1,0.49,CHARGING,Charger_1,0.62,IDLE,,0.18,MOVING_TO_FIELD,Field_3,0.11,MOVING_TO_FIELD,Field_3,132,0.22,0,4,139,0.28,0,6,98,0.13,0,3
132,371,3,2,0,1,6,0,0.15,MOVING_TO_FIELD,Field_1,0.29,CHARGING,Charger_1,0.26,MOVING_TO_FIELD,Field_1,0.50,MOVING_TO_FIELD,Field_2,0.39,IDLE,,0.17,IDLE,,0.10,MOVING_TO_FIELD,Field_1,0.33,MOVING_TO_CHARGER,Charger_1,0.50,CHARGING,Charger_1,0.62,IDLE,,0.17,MOVING_TO_FIELD,Field_3,0.10,MOVING_TO_FIELD,Field_3,132,0.21,0,4,139,0.27,0,6,100,0.14,0,3
133,374,3,2,0,1,6,0,0.14,MOVING_TO_FIELD,Field_1,0.30,CHARGING,Charger_1,0.25,MOVING_TO_FIELD,Field_1,0.49,MOVING_TO_FIELD,Field_2,0.39,IDLE,,0.17,IDLE,,0.09,MOVING_TO_FIELD,Field_1,0.32,MOVING_TO_CHARGER,Charger_1,0.51,CHARGING,Charger_1,0.62,IDLE,,0.16,MOVING_TO_FIELD,Field_3,0.09,MOVING_TO_FIELD,Field_3,133,0.22,0,4,139,0.27,0,6,102,0.13,0,3
134,377,3,2,0,1,6,0,0.13,MOVING_TO_FIELD,Field_1,0.31,CHARGING,Charger_1,0.24,MOVING_TO_FIELD,Field_1,0.48,MOVING_TO_FIELD,Field_2,0.39,IDLE,,0.17,IDLE,,0.08,MOVING_TO_FIELD,Field_1,0.31,MOVING_TO_CHARGER,Charger_1,0.52,CHARGING,Charger_1,0.62,IDLE,,0.15,MOVING_TO_FIELD,Field_3,0.08,MOVING_TO_FIELD,Field_3,134,0.22,0,4,141,0.27,0,6,102,0.14,0,3
135,378,3,2,0,1,6,0,0.12,MOVING_TO_FIELD,Field_1,0.32,CHARGING,Charger_1,0.23,MOVING_TO_FIELD,Field_1,0.47,MOVING_TO_FIELD,Field_2,0.39,IDLE,,0.17,IDLE,,0.07,MOVING_TO_FIELD,Field_1,0.30,MOVING_TO_CHARGER,Charger_1,0.53,CHARGING,Charger_1,0.62,IDLE,,0.14,MOVING_TO_FIELD,Field_3,0.07,MOVING_TO_FIELD,Field_3,135,0.22,0,4,141,0.27,0,6,102,0.12,0,3
136,383,3,2,0,1,6,0,0.11,MOVING_TO_FIELD,Field_1,0.33,CHARGING,Charger_1,0.22,MOVING_TO_FIELD,Field_1,0.46,MOVING_TO_FIELD,Field_2,0.39,IDLE,,0.17,IDLE,,0.06,MOVING_TO_FIELD,Field_1,0.29,MOVING_TO_CHARGER,Charger_1,0.54,CHARGING,Charger_1,0.62,IDLE,,0.13,MOVING_TO_FIELD,Field_3,0.06,MOVING_TO_FIELD,Field_3,136,0.22,0,4,145,0.27,0,6,102,0.12,0,3
137,385,3,2,0,1,6,0,0.10,MOVING_TO_FIELD,Field_1,0.34,CHARGING,Charger_1,0.21,MOVING_TO_FIELD,Field_1,0.45,MOVING_TO_FIELD,Field_2,0.39,IDLE,,0.17,IDLE,,0.05,MOVING_TO_FIELD,Field_1,0.28,MOVING_TO_CHARGER,Charger_1,0.55,CHARGING,Charger_1,0.62,IDLE,,0.12,MOVING_TO_FIELD,Field_3,0.05,MOVING_TO_FIELD,Field_3,138,0.22,0,4,145,0.27,0,6,102,0.10,0,3
138,386,3,2,0,1,6,0,0.09,MOVING_TO_FIELD,Field_1,0.35,CHARGING,Charger_1,0.20,MOVING_TO_FIELD,Field_1,0.44,MOVING_TO_FIELD,Field_2,0.39,IDLE,,0.17,IDLE,,0.04,MOVING_TO_FIELD,Field_1,0.27,MOVING_TO_CHARGER,Charger_1,0.56,CHARGING,Charger_1,0.62,IDLE,,0.11,MOVING_TO_FIELD,Field_3,0.04,MOVING_TO_FIELD,Field_3,139,0.23,0,4,145,0.28,0,6,102,0.08,0,3
139,387,3,2,0,1,6,0,0.08,MOVING_TO_FIELD,Field_1,0.36,CHARGING,Charger_1,0.19,MOVING_TO_FIELD,Field_1,0.43,MOVING_TO_FIELD,Field_2,0.39,IDLE,,0.17,IDLE,,0.03,MOVING_TO_FIELD,Field_1,0.26,MOVING_TO_CHARGER,Charger_1,0.57,CHARGING,Charger_1,0.62,IDLE,,0.10,MOVING_TO_FIELD,Field_3,0.03,MOVING_TO_FIELD,Field_3,140,0.23,0,4,145,0.27,0,6,102,0.10,0,3
140,389,3,3,1,0,5,0,0.07,MOVING_TO_FIELD,Field_1,0.37,CHARGING,Charger_1,0.18,MOVING_TO_FIELD,Field_1,0.42,PROTECTING,Field_2,0.39,IDLE,,0.17,IDLE,,0.02,MOVING_TO_FIELD,Field_1,0.26,CHARGING,Charger_1,0.58,CHARGING,Charger_1,0.62,IDLE,,0.09,MOVING_TO_FIELD,Field_3,0.02,MOVING_TO_FIELD,Field_3,141,0.23,0,4,146,0.27,1,5,102,0.12,0,3
141,394,3,2,1,0,6,0,0.06,MOVING_TO_FIELD,Field_2,0.38,CHARGING,Charger_1,0.18,IDLE,,0.41,MOVING_TO_FIELD,Field_1,0.38,MOVING_TO_FIELD,Field_2,0.16,MOVING_TO_FIELD,Field_3,0.02,CHARGING,Charger_1,0.25,MOVING_TO_FIELD,Field_1,0.57,MOVING_TO_FIELD,Field_1,0.61,PROTECTING,Field_2,0.09,IDLE,,0.02,IDLE,,143,0.22,0,4,148,0.26,1,5,103,0.14,0,3
142,397,3,2,1,0,6,0,0.05,MOVING_TO_FIELD,Field_2,0.39,CHARGING,Charger_1,0.18,IDLE,,0.40,MOVING_TO_FIELD,Field_1,0.37,MOVING_TO_FIELD,Field_2,0.15,MOVING_TO_FIELD,Field_3,0.03,CHARGING,Charger_1,0.24,MOVING_TO_FIELD,Field_1,0.56,MOVING_TO_FIELD,Field_1,0.60,PROTECTING,Field_2,0.09,IDLE,,0.02,IDLE,,144,0.23,0,4,150,0.27,1,5,103,0.12,0,3
143,399,3,2,1,0,6,0,0.04,MOVING_TO_FIELD,Field_2,0.40,CHARGING,Charger_1,0.18,IDLE,,0.39,MOVING_TO_FIELD,Field_1,0.36,MOVING_TO_FIELD,Field_2,0.14,MOVING_TO_FIELD,Field_3,0.04,CHARGING,Charger_1,0.23,MOVING_TO_FIELD,Field_1,0.55,MOVING_TO_FIELD,Field_1,0.59,PROTECTING,Field_2,0.09,IDLE,,0.02,IDLE,,145,0.25,0,4,150,0.29,1,5,104,0.13,0,3
144,402,3,2,1,0,6,0,0.03,MOVING_TO_FIELD,Field_2,0.41,CHARGING,Charger_1,0.18,IDLE,,0.38,MOVING_TO_FIELD,Field_1,0.35,MOVING_TO_FIELD,Field_2,0.13,MOVING_TO_FIELD,Field_3,0.05,CHARGING,Charger_1,0.22,MOVING_TO_FIELD,Field_1,0.54,MOVING_TO_FIELD,Field_1,0.59,PROTECTING,Field_2,0.09,IDLE,,0.02,IDLE,,145,0.25,0,4,151,0.29,1,5,106,0.14,0,3
145,407,3,2,3,0,4,0,0.02,MOVING_TO_FIELD,Field_2,0.42,CHARGING,Charger_1,0.18,IDLE,,0.37,MOVING_TO_FIELD,Field_1,0.34,MOVING_TO_FIELD,Field_2,0.12,MOVING_TO_FIELD,Field_3,0.06,CHARGING,Charger_1,0.21,PROTECTING,Field_1,0.53,PROTECTING,Field_1,0.58,PROTECTING,Field_2,0.09,IDLE,,0.02,IDLE,,148,0.25,2,2,151,0.30,1,5,108,0.15,0,3
146,412,3,2,3,0,4,0,0.01,MOVING_TO_FIELD,Field_2,0.43,CHARGING,Charger_1,0.18,IDLE,,0.36,MOVING_TO_FIELD,Field_1,0.33,MOVING_TO_FIELD,Field_2,0.11,MOVING_TO_FIELD,Field_3,0.07,CHARGING,Charger_1,0.20,PROTECTING,Field_1,0.53,PROTECTING,Field_1,0.57,PROTECTING,Field_2,0.09,IDLE,,0.02,IDLE,,149,0.24,2,2,154,0.29,1,5,109,0.14,0,3
147,414,3,2,3,0,3,1,0,TERMINATED,Field_2,0.44,CHARGING,Charger_1,0.18,IDLE,,0.35,MOVING_TO_FIELD,Field_1,0.32,MOVING_TO_FIELD,Field_2,0.10,MOVING_TO_FIELD,Field_3,0.08,CHARGING,Charger_1,0.19,PROTECTING,Field_1,0.52,PROTECTING,Field_1,0.56,PROTECTING,Field_2,0.09,IDLE,,0.02,IDLE,,149,0.24,2,2,156,0.30,1,5,109,0.13,0,3
148,416,3,2,3,0,3,1,0,TERMINATED,Field_2,0.45,CHARGING,Charger_1,0.18,IDLE,,0.34,MOVING_TO_FIELD,Field_1,0.31,MOVING_TO_FIELD,Field_2,0.09,MOVING_TO_FIELD,Field_3,0.09,CHARGING,Charger_1,0.18,PROTECTING,Field_1,0.51,PROTECTING,Field_1,0.56,PROTECTING,Field_2,0.09,IDLE,,0.02,IDLE,,149,0.24,2,2,157,0.29,1,5,110,0.13,0,3
149,419,3,2,3,0,3,1,0,TERMINATED,Field_2,0.46,CHARGING,Charger_1,0.18,IDLE,,0.33,MOVING_TO_FIELD,Field_1,0.30,MOVING_TO_FIELD,Field_2,0.08,MOVING_TO_FIELD,Field_3,0.10,CHARGING,Charger_1,0.18,PROTECTING,Field_1,0.51,PROTECTING,Field_1,0.55,PROTECTING,Field_2,0.09,IDLE,,0.02,IDLE,,149,0.24,2,2,160,0.28,1,5,110,0.13,0,3
150,421,3,2,5,0,1,1,0,TERMINATED,Field_2,0.47,CHARGING,Charger_1,0.18,IDLE,,0.32,MOVING_TO_FIELD,Field_1,0.29,PROTECTING,Field_2,0.07,PROTECTING,Field_3,0.11,CHARGING,Charger_1,0.17,PROTECTING,Field_1,0.50,PROTECTING,Field_1,0.54,PROTECTING,Field_2,0.09,IDLE,,0.02,IDLE,,149,0.24,2,2,161,0.28,2,4,111,0.13,1,2
151,424,2,0,3,2,4,1,0,TERMINATED,Field_2,0.46,MOVING_TO_FIELD,Field_1,0.17,MOVING_TO_FIELD,Field_1,0.31,MOVING_TO_FIELD,Field_1,0.28,PROTECTING,Field_2,0.06,MOVING_TO_CHARGER,Charger_1,0.11,IDLE,,0.17,IDLE,,0.49,MOVING_TO_CHARGER,Charger_1,0.54,PROTECTING,Field_2,0.08,PROTECTING,Field_3,0.01,MOVING_TO_FIELD,Field_3,149,0.24,0,4,163,0.27,2,4,112,0.14,1,2
152,425,2,0,3,2,4,1,0,TERMINATED,Field_2,0.45,MOVING_TO_FIELD,Field_1,0.16,MOVING_TO_FIELD,Field_1,0.30,MOVING_TO_FIELD,Field_1,0.28,PROTECTING,Field_2,0.05,MOVING_TO_CHARGER,Charger_1,0.11,IDLE,,0.17,IDLE,,0.48,MOVING_TO_CHARGER,Charger_1,0.53,PROTECTING,Field_2,0.08,PROTECTING,Field_3,0.00,MOVING_TO_FIELD,Field_3,150,0.23,0,4,163,0.27,2,4,112,0.14,1,2
153,427,2,0,4,2,2,2,0,TERMINATED,Field_2,0.44,MOVING_TO_FIELD,Field_1,0.15,MOVING_TO_FIELD,Field_1,0.29,PROTECTING,Field_1,0.27,PROTECTING,Field_2,0.04,MOVING_TO_CHARGER,Charger_1,0.11,IDLE,,0.17,IDLE,,0.47,MOVING_TO_CHARGER,Charger_1,0.52,PROTECTING,Field_2,0.07,PROTECTING,Field_3,0,TERMINATED,Field_3,151,0.23,1,3,164,0.27,2,4,112,0.14,1,2
154,430,2,0,4,2,2,2,0,TERMINATED,Field_2,0.43,MOVING_TO_FIELD,Field_1,0.14,MOVING_TO_FIELD,Field_1,0.28,PROTECTING,Field_1,0.26,PROTECTING,Field_2,0.03,MOVING_TO_CHARGER,Charger_1,0.11,IDLE,,0.17,IDLE,,0.46,MOVING_TO_CHARGER,Charger_1,0.52,PROTECTING,Field_2,0.06,PROTECTING,Field_3,0,TERMINATED,Field_3,153,0.22,1,3,165,0.27,2,4,112,0.15,1,2
155,435,2,1,5,1,1,2,0,TERMINATED,Field_2,0.42,PROTECTING,Field_1,0.13,MOVING_TO_FIELD,Field_1,0.27,PROTECTING,Field_1,0.25,PROTECTING,Field_2,0.02,MOVING_TO_CHARGER,Charger_1,0.11,IDLE,,0.17,IDLE,,0.46,CHARGING,Charger_1,0.51,PROTECTING,Field_2,0.06,PROTECTING,Field_3,0,TERMINATED,Field_3,155,0.22,2,2,166,0.27,2,4,114,0.15,1,2
156,439,2,1,5,1,1,2,0,TERMINATED,Field_2,0.41,PROTECTING,Field_1,0.12,MOVING_TO_FIELD,Field_1,0.27,PROTECTING,Field_1,0.25,PROTECTING,Field_2,0.01,MOVING_TO_CHARGER,Charger_1,0.11,IDLE,,0.17,IDLE,,0.47,CHARGING,Charger_1,0.50,PROTECTING,Field_2,0.05,PROTECTING,Field_3,0,TERMINATED,Field_3,156,0.22,2,2,169,0.27,2,4,114,0.15,1,2
157,442,2,1,6,1,0,2,0,TERMINATED,Field_2,0.40,PROTECTING,Field_1,0.11,PROTECTING,Field_1,0.26,PROTECTING,Field_1,0.24,PROTECTING,Field_2,0.00,MOVING_TO_CHARGER,Charger_1,0.11,IDLE,,0.17,IDLE,,0.48,CHARGING,Charger_1,0.49,PROTECTING,Field_2,0.04,PROTECTING,Field_3,0,TERMINATED,Field_3,156,0.22,3,1,171,0.27,2,4,115,0.15,1,2
158,445,2,1,6,0,0,3,0,TERMINATED,Field_2,0.39,PROTECTING,Field_1,0.11,PROTECTING,Field_1,0.25,PROTECTING,Field_1,0.23,PROTECTING,Field_2,0,TERMINATED,Charger_1,0.11,IDLE,,0.17,IDLE,,0.49,CHARGING,Charger_1,0.49,PROTECTING,Field_2,0.04,PROTECTING,Field_3,0,TERMINATED,Field_3,156,0.22,3,1,172,0.26,2,4,117,0.15,1,2
159,448,2,1,6,0,0,3,0,TERMINATED,Field_2,0.39,PROTECTING,Field_1,0.10,PROTECTING,Field_1,0.25,PROTECTING,Field_1,0.23,PROTECTING,Field_2,0,TERMINATED,Charger_1,0.11,IDLE,,0.17,IDLE,,0.50,CHARGING,Charger_1,0.48,PROTECTING,Field_2,0.03,PROTECTING,Field_3,0,TERMINATED,Field_3,157,0.22,3,1,174,0.29,2,4,117,0.15,1,2
160,451,2,1,6,0,0,3,0,TERMINATED,Field_2,0.38,PROTECTING,Field_1,0.09,PROTECTING,Field_1,0.24,PROTECTING,Field_1,0.22,PROTECTING,Field_2,0,TERMINATED,Charger_1,0.11,IDLE,,0.17,IDLE,,0.51,CHARGING,Charger_1,0.47,PROTECTING,Field_2,0.02,PROTECTING,Field_3,0,TERMINATED,Field_3,157,0.22,3,1,176,0.29,2,4,118,0.15,1,2
161,453,4,0,0,1,4,3,0,TERMINATED,Field_2,0.37,MOVING_TO_CHARGER,Charger_1,0.09,IDLE,,0.23,MOVING_TO_FIELD,Field_2,0.22,IDLE,,0,TERMINATED,Charger_1,0.10,MOVING_TO_FIELD,Field_1,0.16,MOVING_TO_FIELD,Field_2,0.51,IDLE,,0.46,MOVING_TO_FIELD,Field_3,0.02,IDLE,,0,TERMINATED,Field_3,159,0.21,0,4,176,0.29,0,6,118,0.15,0,3
162,456,4,0,0,1,4,3,0,TERMINATED,Field_2,0.36,MOVING_TO_CHARGER,Charger_1,0.09,IDLE,,0.22,MOVING_TO_FIELD,Field_2,0.22,IDLE,,0,TERMINATED,Charger_1,0.09,MOVING_TO_FIELD,Field_1,0.15,MOVING_TO_FIELD,Field_2,0.51,IDLE,,0.45,MOVING_TO_FIELD,Field_3,0.02,IDLE,,0,TERMINATED,Field_3,160,0.21,0,4,177,0.27,0,6,119,0.16,0,3
163,461,4,0,0,1,4,3,0,TERMINATED,Field_2,0.35,MOVING_TO_CHARGER,Charger_1,0.09,IDLE,,0.21,MOVING_TO_FIELD,Field_2,0.22,IDLE,,0,TERMINATED,Charger_1,0.08,MOVING_TO_FIELD,Field_1,0.14,MOVING_TO_FIELD,Field_2,0.51,IDLE,,0.44,MOVING_TO_FIELD,Field_3,0.02,IDLE,,0,TERMINATED,Field_3,163,0.20,0,4,178,0.26,0,6,120,0.16,0,3
164,464,4,0,0,1,4,3,0,TERMINATED,Field_2,0.34,MOVING_TO_CHARGER,Charger_1,0.09,IDLE,,0.20,MOVING_TO_FIELD,Field_2,0.22,IDLE,,0,TERMINATED,Charger_1,0.07,MOVING_TO_FIELD,Field_1,0.13,MOVING_TO_FIELD,Field_2,0.51,IDLE,,0.43,MOVING_TO_FIELD,Field_3,0.02,IDLE,,0,TERMINATED,Field_3,164,0.23,0,4,179,0.26,0,6,121,0.15,0,3
165,468,4,1,0,0,4,3,0,TERMINATED,Field_2,0.34,CHARGING,Charger_1,0.09,IDLE,,0.19,MOVING_TO_FIELD,Field_2,0.22,IDLE,,0,TERMINATED,Charger_1,0.06,MOVING_TO_FIELD,Field_1,0.12,MOVING_TO_FIELD,Field_2,0.51,IDLE,,0.42,MOVING_TO_FIELD,Field_3,0.02,IDLE,,0,TERMINATED,Field_3,167,0.25,0,4,179,0.26,0,6,122,0.14,0,3
166,474,4,1,0,0,4,3,0,TERMINATED,Field_2,0.35,CHARGING,Charger_1,0.09,IDLE,,0.18,MOVING_TO_FIELD,Field_2,0.22,IDLE,,0,TERMINATED,Charger_1,0.05,MOVING_TO_FIELD,Field_1,0.11,MOVING_TO_FIELD,Field_2,0.51,IDLE,,0.41,MOVING_TO_FIELD,Field_3,0.02,IDLE,,0,TERMINATED,Field_3,170,0.24,0,4,179,0.26,0,6,125,0.14,0,3
167,474,4,1,0,0,4,3,0,TERMINATED,Field_2,0.36,CHARGING,Charger_1,0.09,IDLE,,0.17,MOVING_TO_FIELD,Field_2,0.22,IDLE,,0,TERMINATED,Charger_1,0.04,MOVING_TO_FIELD,Field_1,0.10,MOVING_TO_FIELD,Field_2,0.51,IDLE,,0.40,MOVING_TO_FIELD,Field_3,0.02,IDLE,,0,TERMINATED,Field_3,170,0.24,0,4,179,0.23,0,6,125,0.11,0,3
168,477,4,1,1,0,3,3,0,TERMINATED,Field_2,0.37,CHARGING,Charger_1,0.09,IDLE,,0.16,MOVING_TO_FIELD,Field_2,0.22,IDLE,,0,TERMINATED,Charger_1,0.03,PROTECTING,Field_1,0.09,MOVING_TO_FIELD,Field_2,0.51,IDLE,,0.39,MOVING_TO_FIELD,Field_3,0.02,IDLE,,0,TERMINATED,Field_3,171,0.25,1,3,181,0.24,0,6,125,0.12,0,3
169,478,4,1,1,0,3,3,0,TERMINATED,Field_2,0.38,CHARGING,Charger_1,0.09,IDLE,,0.15,MOVING_TO_FIELD,Field_2,0.22,IDLE,,0,TERMINATED,Charger_1,0.02,PROTECTING,Field_1,0.08,MOVING_TO_FIELD,Field_2,0.51,IDLE,,0.38,MOVING_TO_FIELD,Field_3,0.02,IDLE,,0,TERMINATED,Field_3,171,0.25,1,3,181,0.25,0,6,126,0.15,0,3
170,480,4,1,1,0,3,3,0,TERMINATED,Field_2,0.39,CHARGING,Charger_1,0.09,IDLE,,0.14,MOVING_TO_FIELD,Field_2,0.22,IDLE,,0,TERMINATED,Charger_1,0.02,PROTECTING,Field_1,0.07,MOVING_TO_FIELD,Field_2,0.51,IDLE,,0.37,MOVING_TO_FIELD,Field_3,0.02,IDLE,,0,TERMINATED,Field_3,171,0.25,1,3,182,0.25,0,6,127,0.14,0,3
171,482,1,0,1,1,6,3,0,TERMINATED,Field_2,0.38,MOVING_TO_FIELD,Field_3,0.08,MOVING_TO_FIELD,Field_3,0.14,IDLE,,0.21,MOVING_TO_FIELD,Field_3,0,TERMINATED,Charger_1,0.01,PROTECTING,Field_1,0.06,MOVING_TO_CHARGER,Charger_1,0.50,MOVING_TO_FIELD,Field_2,0.36,MOVING_TO_FIELD,Field_2,0.01,MOVING_TO_FIELD,Field_2,0,TERMINATED,Field_3,173,0.25,1,3,182,0.25,0,6,127,0.14,0,3
172,483,1,0,1,1,6,3,0,TERMINATED,Field_2,0.37,MOVING_TO_FIELD,Field_3,0.07,MOVING_TO_FIELD,Field_3,0.14,IDLE,,0.20,MOVING_TO_FIELD,Field_3,0,TERMINATED,Charger_1,0.00,PROTECTING,Field_1,0.05,MOVING_TO_CHARGER,Charger_1,0.49,MOVING_TO_FIELD,Field_2,0.35,MOVING_TO_FIELD,Field_2,0.00,MOVING_TO_FIELD,Field_2,0,TERMINATED,Field_3,173,0.24,1,3,183,0.26,0,6,127,0.14,0,3
173,486,1,0,0,1,5,5,0,TERMINATED,Field_2,0.36,MOVING_TO_FIELD,Field_3,0.06,MOVING_TO_FIELD,Field_3,0.14,IDLE,,0.19,MOVING_TO_FIELD,Field_3,0,TERMINATED,Charger_1,0,TERMINATED,Field_1,0.04,MOVING_TO_CHARGER,Charger_1,0.48,MOVING_TO_FIELD,Field_2,0.34,MOVING_TO_FIELD,Field_2,0,TERMINATED,Field_2,0,TERMINATED,Field_3,173,0.23,0,4,185,0.26,0,6,128,0.15,0,3
174,488,1,0,0,1,5,5,0,TERMINATED,Field_2,0.35,MOVING_TO_FIELD,Field_3,0.05,MOVING_TO_FIELD,Field_3,0.14,IDLE,,0.18,MOVING_TO_FIELD,Field_3,0,TERMINATED,Charger_1,0,TERMINATED,Field_1,0.03,MOVING_TO_CHARGER,Charger_1,0.47,MOVING_TO_FIELD,Field_2,0.33,MOVING_TO_FIELD,Field_2,0,TERMINATED,Field_2,0,TERMINATED,Field_3,175,0.22,0,4,185,0.23,0,6,128,0.14,0,3
175,490,1,0,0,1,5,5,0,TERMINATED,Field_2,0.34,MOVING_TO_FIELD,Field_3,0.04,MOVING_TO_FIELD,Field_3,0.14,IDLE,,0.17,MOVING_TO_FIELD,Field_3,0,TERMINATED,Charger_1,0,TERMINATED,Field_1,0.02,MOVING_TO_CHARGER,Charger_1,0.46,MOVING_TO_FIELD,Field_2,0.32,MOVING_TO_FIELD,Field_2,0,TERMINATED,Field_2,0,TERMINATED,Field_3,177,0.23,0,4,185,0.23,0,6,128,0.14,0,3
176,493,1,0,0,1,5,5,0,TERMINATED,Field_2,0.33,MOVING_TO_FIELD,Field_3,0.03,MOVING_TO_FIELD,Field_3,0.14,IDLE,,0.16,MOVING_TO_FIELD,Field_3,0,TERMINATED,Charger_1,0,TERMINATED,Field_1,0.01,MOVING_TO_CHARGER,Charger_1,0.45,MOVING_TO_FIELD,Field_2,0.31,MOVING_TO_FIELD,Field_2,0,TERMINATED,Field_2,0,TERMINATED,Field_3,179,0.23,0,4,186,0.22,0,6,128,0.14,0,3
177,502,1,0,0,1,5,5,0,TERMINATED,Field_2,0.32,MOVING_TO_FIELD,Field_3,0.02,MOVING_TO_FIELD,Field_3,0.14,IDLE,,0.15,MOVING_TO_FIELD,Field_3,0,TERMINATED,Charger_1,0,TERMINATED,Field_1,0.00,MOVING_TO_CHARGER,Charger_1,0.44,MOVING_TO_FIELD,Field_2,0.30,MOVING_TO_FIELD,Field_2,0,TERMINATED,Field_2,0,TERMINATED,Field_3,184,0.22,0,4,189,0.23,0,6,129,0.14,0,3
178,503,1,0,0,0,5,6,0,TERMINATED,Field_2,0.31,MOVING_TO_FIELD,Field_3,0.01,MOVING_TO_FIELD,Field_3,0.14,IDLE,,0.14,MOVING_TO_FIELD,Field_3,0,TERMINATED,Charger_1,0,TERMINATED,Field_1,0,TERMINATED,Charger_1,0.43,MOVING_TO_FIELD,Field_2,0.29,MOVING_TO_FIELD,Field_2,0,TERMINATED,Field_2,0,TERMINATED,Field_3,185,0.22,0,4,189,0.23,0,6,129,0.13,0,3
179,510,1,0,0,0,5,6,0,TERMINATED,Field_2,0.30,MOVING_TO_FIELD,Field_3,0.00,MOVING_TO_FIELD,Field_3,0.14,IDLE,,0.13,MOVING_TO_FIELD,Field_3,0,TERMINATED,Charger_1,0,TERMINATED,Field_1,0,TERMINATED,Charger_1,0.42,MOVING_TO_FIELD,Field_2,0.28,MOVING_TO_FIELD,Field_2,0,TERMINATED,Field_2,0,TERMINATED,Field_3,188,0.22,0,4,192,0.23,0,6,130,0.13,0,3
180,514,1,0,3,0,1,7,0,TERMINATED,Field_2,0.29,PROTECTING,Field_3,0,TERMINATED,Field_3,0.14,IDLE,,0.12,MOVING_TO_FIELD,Field_3,0,TERMINATED,Charger_1,0,TERMINATED,Field_1,0,TERMINATED,Charger_1,0.41,PROTECTING,Field_2,0.27,PROTECTING,Field_2,0,TERMINATED,Field_2,0,TERMINATED,Field_3,189,0.20,0,4,193,0.22,2,4,132,0.12,1,2
181,515,3,0,0,0,2,7,0,TERMINATED,Field_2,0.29,IDLE,,0,TERMINATED,Field_3,0.14,IDLE,,0.11,MOVING_TO_FIELD,Field_3,0,TERMINATED,Charger_1,0,TERMINATED,Field_1,0,TERMINATED,Charger_1,0.41,IDLE,,0.26,MOVING_TO_FIELD,Field_1,0,TERMINATED,Field_2,0,TERMINATED,Field_3,190,0.20,0,4,193,0.22,0,6,132,0.13,0,3
182,517,3,0,0,0,2,7,0,TERMINATED,Field_2,0.29,IDLE,,0,TERMINATED,Field_3,0.14,IDLE,,0.10,MOVING_TO_FIELD,Field_3,0,TERMINATED,Charger_1,0,TERMINATED,Field_1,0,TERMINATED,Charger_1,0.41,IDLE,,0.25,MOVING_TO_FIELD,Field_1,0,TERMINATED,Field_2,0,TERMINATED,Field_3,190,0.21,0,4,194,0.23,0,6,133,0.13,0,3
183,519,3,0,0,0,2,7,0,TERMINATED,Field_2,0.29,IDLE,,0,TERMINATED,Field_3,0.14,IDLE,,0.09,MOVING_TO_FIELD,Field_3,0,TERMINATED,Charger_1,0,TERMINATED,Field_1,0,TERMINATED,Charger_1,0.41,IDLE,,0.24,MOVING_TO_FIELD,Field_1,0,TERMINATED,Field_2,0,TERMINATED,Field_3,192,0.21,0,4,194,0.25,0,6,133,0.13,0,3
184,523,3,0,1,0,1,7,0,TERMINATED,Field_2,0.29,IDLE,,0,TERMINATED,Field_3,0.14,IDLE,,0.08,PROTECTING,Field_3,0,TERMINATED,Charger_1,0,TERMINATED,Field_1,0,TERMINATED,Charger_1,0.41,IDLE,,0.23,MOVING_TO_FIELD,Field_1,0,TERMINATED,Field_2,0,TERMINATED,Field_3,194,0.20,0,4,196,0.26,0,6,133,0.13,1,2
185,524,3,0,1,0,1,7,0,TERMINATED,Field_2,0.29,IDLE,,0,TERMINATED,Field_3,0.14,IDLE,,0.07,PROTECTING,Field_3,0,TERMINATED,Charger_1,0,TERMINATED,Field_1,0,TERMINATED,Charger_1,0.41,IDLE,,0.22,MOVING_TO_FIELD,Field_1,0,TERMINATED,Field_2,0,TERMINATED,Field_3,194,0.18,0,4,196,0.25,0,6,134,0.13,1,2
186,529,3,0,1,0,1,7,0,TERMINATED,Field_2,0.29,IDLE,,0,TERMINATED,Field_3,0.14,IDLE,,0.07,PROTECTING,Field_3,0,TERMINATED,Charger_1,0,TERMINATED,Field_1,0,TERMINATED,Charger_1,0.41,IDLE,,0.21,MOVING_TO_FIELD,Field_1,0,TERMINATED,Field_2,0,TERMINATED,Field_3,195,0.18,0,4,199,0.24,0,6,135,0.13,1,2
187,530,3,0,1,0,1,7,0,TERMINATED,Field_2,0.29,IDLE,,0,TERMINATED,Field_3,0.14,IDLE,,0.06,PROTECTING,Field_3,0,TERMINATED,Charger_1,0,TERMINATED,Field_1,0,TERMINATED,Charger_1,0.41,IDLE,,0.20,MOVING_TO_FIELD,Field_1,0,TERMINATED,Field_2,0,TERMINATED,Field_3,195,0.16,0,4,200,0.24,0,6,135,0.13,1,2
188,530,3,0,1,0,1,7,0,TERMINATED,Field_2,0.29,IDLE,,0,TERMINATED,Field_3,0.14,IDLE,,0.05,PROTECTING,Field_3,0,TERMINATED,Charger_1,0,TERMINATED,Field_1,0,TERMINATED,Charger_1,0.41,IDLE,,0.19,MOVING_TO_FIELD,Field_1,0,TERMINATED,Field_2,0,TERMINATED,Field_3,195,0.14,0,4,200,0.23,0,6,135,0.12,1,2
189,532,3,0,1,0,1,7,0,TERMINATED,Field_2,0.29,IDLE,,0,TERMINATED,Field_3,0.14,IDLE,,0.04,PROTECTING,Field_3,0,TERMINATED,Charger_1,0,TERMINATED,Field_1,0,TERMINATED,Charger_1,0.41,IDLE,,0.18,MOVING_TO_FIELD,Field_1,0,TERMINATED,Field_2,0,TERMINATED,Field_3,195,0.16,0,4,201,0.23,0,6,136,0.14,1,2
190,534,3,0,1,0,1,7,0,TERMINATED,Field_2,0.29,IDLE,,0,TERMINATED,Field_3,0.14,IDLE,,0.04,PROTECTING,Field_3,0,TERMINATED,Charger_1,0,TERMINATED,Field_1,0,TERMINATED,Charger_1,0.41,IDLE,,0.17,MOVING_TO_FIELD,Field_1,0,TERMINATED,Field_2,0,TERMINATED,Field_3,197,0.16,0,4,201,0.22,0,6,136,0.14,1,2
191,534,1,0,0,2,2,7,0,TERMINATED,Field_2,0.28,MOVING_TO_CHARGER,Charger_1,0,TERMINATED,Field_3,0.13,MOVING_TO_FIELD,Field_3,0.03,MOVING_TO_CHARGER,Charger_1,0,TERMINATED,Charger_1,0,TERMINATED,Field_1,0,TERMINATED,Charger_1,0.40,MOVING_TO_FIELD,Field_3,0.17,IDLE,,0,TERMINATED,Field_2,0,TERMINATED,Field_3,197,0.15,0,4,201,0.21,0,6,136,0.14,0,3
192,535,1,0,0,2,2,7,0,TERMINATED,Field_2,0.27,MOVING_TO_CHARGER,Charger_1,0,TERMINATED,Field_3,0.12,MOVING_TO_FIELD,Field_3,0.02,MOVING_TO_CHARGER,Charger_1,0,TERMINATED,Charger_1,0,TERMINATED,Field_1,0,TERMINATED,Charger_1,0.39,MOVING_TO_FIELD,Field_3,0.17,IDLE,,0,TERMINATED,Field_2,0,TERMINATED,Field_3,197,0.14,0,4,202,0.22,0,6,136,0.15,0,3
193,535,1,0,0,2,2,7,0,TERMINATED,Field_2,0.26,MOVING_TO_CHARGER,Charger_1,0,TERMINATED,Field_3,0.11,MOVING_TO_FIELD,Field_3,0.01,MOVING_TO_CHARGER,Charger_1,0,TERMINATED,Charger_1,0,TERMINATED,Field_1,0,TERMINATED,Charger_1,0.38,MOVING_TO_FIELD,Field_3,0.17,IDLE,,0,TERMINATED,Field_2,0,TERMINATED,Field_3,197,0.14,0,4,202,0.22,0,6,136,0.15,0,3
194,538,1,0,0,1,2,8,0,TERMINATED,Field_2,0.25,MOVING_TO_CHARGER,Charger_1,0,TERMINATED,Field_3,0.10,MOVING_TO_FIELD,Field_3,0,TERMINATED,Charger_1,0,TERMINATED,Charger_1,0,TERMINATED,Field_1,0,TERMINATED,Charger_1,0.37,MOVING_TO_FIELD,Field_3,0.17,IDLE,,0,TERMINATED,Field_2,0,TERMINATED,Field_3,199,0.14,0,4,202,0.21,0,6,137,0.16,0,3
195,541,1,0,0,1,2,8,0,TERMINATED,Field_2,0.24,MOVING_TO_CHARGER,Charger_1,0,TERMINATED,Field_3,0.09,MOVING_TO_FIELD,Field_3,0,TERMINATED,Charger_1,0,TERMINATED,Charger_1,0,TERMINATED,Field_1,0,TERMINATED,Charger_1,0.36,MOVING_TO_FIELD,Field_3,0.17,IDLE,,0,TERMINATED,Field_2,0,TERMINATED,Field_3,201,0.12,0,4,202,0.21,0,6,138,0.14,0,3
196,542,1,0,0,1,2,8,0,TERMINATED,Field_2,0.23,MOVING_TO_CHARGER,Charger_1,0,TERMINATED,Field_3,0.08,MOVING_TO_FIELD,Field_3,0,TERMINATED,Charger_1,0,TERMINATED,Charger_1,0,TERMINATED,Field_1,0,TERMINATED,Charger_1,0.35,MOVING_TO_FIELD,Field_3,0.17,IDLE,,0,TERMINATED,Field_2,0,TERMINATED,Field_3,201,0.13,0,4,202,0.21,0,6,139,0.12,0,3
197,546,1,0,0,1,2,8,0,TERMINATED,Field_2,0.22,MOVING_TO_CHARGER,Charger_1,0,TERMINATED,Field_3,0.07,MOVING_TO_FIELD,Field_3,0,TERMINATED,Charger_1,0,TERMINATED,Charger_1,0,TERMINATED,Field_1,0,TERMINATED,Charger_1,0.34,MOVING_TO_FIELD,Field_3,0.17,IDLE,,0,TERMINATED,Field_2,0,TERMINATED,Field_3,202,0.12,0,4,204,0.22,0,6,140,0.11,0,3
198,548,1,0,0,1,2,8,0,TERMINATED,Field_2,0.21,MOVING_TO_CHARGER,Charger_1,0,TERMINATED,Field_3,0.06,MOVING_TO_FIELD,Field_3,0,TERMINATED,Charger_1,0,TERMINATED,Charger_1,0,TERMINATED,Field_1,0,TERMINATED,Charger_1,0.33,MOVING_TO_FIELD,Field_3,0.17,IDLE,,0,TERMINATED,Field_2,0,TERMINATED,Field_3,203,0.12,0,4,205,0.22,0,6,140,0.12,0,3
199,551,1,0,0,1,2,8,0,TERMINATED,Field_2,0.20,MOVING_TO_CHARGER,Charger_1,0,TERMINATED,Field_3,0.05,MOVING_TO_FIELD,Field_3,0,TERMINATED,Charger_1,0,TERMINATED,Charger_1,0,TERMINATED,Field_1,0,TERMINATED,Charger_1,0.32,MOVING_TO_FIELD,Field_3,0.17,IDLE,,0,TERMINATED,Field_2,0,TERMINATED,Field_3,204,0.11,0,4,207,0.22,0,6,140,0.12,0,3
200,552,1,1,0,0,2,8,0,TERMINATED,Field_2,0.20,CHARGING,Charger_1,0,TERMINATED,Field_3,0.04,MOVING_TO_FIELD,Field_3,0,TERMINATED,Charger_1,0,TERMINATED,Charger_1,0,TERMINATED,Field_1,0,TERMINATED,Charger_1,0.31,MOVING_TO_FIELD,Field_3,0.17,IDLE,,0,TERMINATED,Field_2,0,TERMINATED,Field_3,204,0.10,0,4,207,0.22,0,6,141,0.12,0,3
201,554,0,1,0,0,3,8,0,TERMINATED,Field_2,0.21,CHARGING,Charger_1,0,TERMINATED,Field_3,0.03,MOVING_TO_FIELD,Field_2,0,TERMINATED,Charger_1,0,TERMINATED,Charger_1,0,TERMINATED,Field_1,0,TERMINATED,Charger_1,0.30,MOVING_TO_FIELD,Field_2,0.16,MOVING_TO_FIELD,Field_3,0,TERMINATED,Field_2,0,TERMINATED,Field_3,206,0.10,0,4,207,0.22,0,6,141,0.13,0,3
202,554,0,1,0,0,3,8,0,TERMINATED,Field_2,0.22,CHARGING,Charger_1,0,TERMINATED,Field_3,0.02,MOVING_TO_FIELD,Field_2,0,TERMINATED,Charger_1,0,TERMINATED,Charger_1,0,TERMINATED,Field_1,0,TERMINATED,Charger_1,0.29,MOVING_TO_FIELD,Field_2,0.15,MOVING_TO_FIELD,Field_3,0,TERMINATED,Field_2,0,TERMINATED,Field_3,206,0.10,0,4,207,0.24,0,6,141,0.15,0,3
203,563,0,1,0,0,3,8,0,TERMINATED,Field_2,0.23,CHARGING,Charger_1,0,TERMINATED,Field_3,0.01,MOVING_TO_FIELD,Field_2,0,TERMINATED,Charger_1,0,TERMINATED,Charger_1,0,TERMINATED,Field_1,0,TERMINATED,Charger_1,0.28,MOVING_TO_FIELD,Field_2,0.14,MOVING_TO_FIELD,Field_3,0,TERMINATED,Field_2,0,TERMINATED,Field_3,206,0.11,0,4,210,0.26,0,6,147,0.17,0,3
204,567,0,1,0,0,2,9,0,TERMINATED,Field_2,0.24,CHARGING,Charger_1,0,TERMINATED,Field_3,0,TERMINATED,Field_2,0,TERMINATED,Charger_1,0,TERMINATED,Charger_1,0,TERMINATED,Field_1,0,TERMINATED,Charger_1,0.27,MOVING_TO_FIELD,Field_2,0.13,MOVING_TO_FIELD,Field_3,0,TERMINATED,Field_2,0,TERMINATED,Field_3,207,0.11,0,4,212,0.26,0,6,148,0.16,0,3
205,568,0,1,0,0,2,9,0,TERMINATED,Field_2,0.25,CHARGING,Charger_1,0,TERMINATED,Field_3,0,TERMINATED,Field_2,0,TERMINATED,Charger_1,0,TERMINATED,Charger_1,0,TERMINATED,Field_1,0,TERMINATED,Charger_1,0.26,MOVING_TO_FIELD,Field_2,0.12,MOVING_TO_FIELD,Field_3,0,TERMINATED,Field_2,0,TERMINATED,Field_3,207,0.11,0,4,213,0.27,0,6,148,0.17,0,3
206,572,0,1,0,0,2,9,0,TERMINATED,Field_2,0.26,CHARGING,Charger_1,0,TERMINATED,Field_3,0,TERMINATED,Field_2,0,TERMINATED,Charger_1,0,TERMINATED,Charger_1,0,TERMINATED,Field_1,0,TERMINATED,Charger_1,0.25,MOVING_TO_FIELD,Field_2,0.11,MOVING_TO_FIELD,Field_3,0,TERMINATED,Field_2,0,TERMINATED,Field_3,209,0.11,0,4,215,0.28,0,6,148,0.17,0,3
207,576,0,1,0,0,2,9,0,TERMINATED,Field_2,0.27,CHARGING,Charger_1,0,TERMINATED,Field_3,0,TERMINATED,Field_2,0,TERMINATED,Charger_1,0,TERMINATED,Charger_1,0,TERMINATED,Field_1,0,TERMINATED,Charger_1,0.24,MOVING_TO_FIELD,Field_2,0.10,MOVING_TO_FIELD,Field_3,0,TERMINATED,Field_2,0,TERMINATED,Field_3,209,0.12,0,4,217,0.26,0,6,150,0.16,0,3
208,579,0,1,0,0,2,9,0,TERMINATED,Field_2,0.28,CHARGING,Charger_1,0,TERMINATED,Field_3,0,TERMINATED,Field_2,0,TERMINATED,Charger_1,0,TERMINATED,Charger_1,0,TERMINATED,Field_1,0,TERMINATED,Charger_1,0.23,MOVING_TO_FIELD,Field_2,0.09,MOVING_TO_FIELD,Field_3,0,TERMINATED,Field_2,0,TERMINATED,Field_3,210,0.11,0,4,218,0.25,0,6,151,0.15,0,3
209,580,0,1,0,0,2,9,0,TERMINATED,Field_2,0.29,CHARGING,Charger_1,0,TERMINATED,Field_3,0,TERMINATED,Field_2,0,TERMINATED,Charger_1,0,TERMINATED,Charger_1,0,TERMINATED,Field_1,0,TERMINATED,Charger_1,0.22,MOVING_TO_FIELD,Field_2,0.08,MOVING_TO_FIELD,Field_3,0,TERMINATED,Field_2,0,TERMINATED,Field_3,210,0.11,0,4,219,0.23,0,6,151,0.15,0,3
210,582,0,1,1,0,1,9,0,TERMINATED,Field_2,0.30,CHARGING,Charger_1,0,TERMINATED,Field_3,0,TERMINATED,Field_2,0,TERMINATED,Charger_1,0,TERMINATED,Charger_1,0,TERMINATED,Field_1,0,TERMINATED,Charger_1,0.21,PROTECTING,Field_2,0.07,MOVING_TO_FIELD,Field_3,0,TERMINATED,Field_2,0,TERMINATED,Field_3,211,0.11,0,4,220,0.25,1,5,151,0.14,0,3
211,583,1,0,0,0,2,9,0,TERMINATED,Field_2,0.29,MOVING_TO_FIELD,Field_1,0,TERMINATED,Field_3,0,TERMINATED,Field_2,0,TERMINATED,Charger_1,0,TERMINATED,Charger_1,0,TERMINATED,Field_1,0,TERMINATED,Charger_1,0.21,IDLE,,0.06,MOVING_TO_FIELD,Field_2,0,TERMINATED,Field_2,0,TERMINATED,Field_3,212,0.11,0,4,220,0.25,0,6,151,0.17,0,3
212,583,1,0,0,0,2,9,0,TERMINATED,Field_2,0.28,MOVING_TO_FIELD,Field_1,0,TERMINATED,Field_3,0,TERMINATED,Field_2,0,TERMINATED,Charger_1,0,TERMINATED,Charger_1,0,TERMINATED,Field_1,0,TERMINATED,Charger_1,0.21,IDLE,,0.05,MOVING_TO_FIELD,Field_2,0,TERMINATED,Field_2,0,TERMINATED,Field_3,212,0.12,0,4,220,0.24,0,6,151,0.17,0,3
213,583,1,0,0,0,2,9,0,TERMINATED,Field_2,0.27,MOVING_TO_FIELD,Field_1,0,TERMINATED,Field_3,0,TERMINATED,Field_2,0,TERMINATED,Charger_1,0,TERMINATED,Charger_1,0,TERMINATED,Field_1,0,TERMINATED,Charger_1,0.21,IDLE,,0.04,MOVING_TO_FIELD,Field_2,0,TERMINATED,Field_2,0,TERMINATED,Field_3,212,0.12,0,4,220,0.26,0,6,151,0.18,0,3
214,586,1,0,0,0,2,9,0,TERMINATED,Field_2,0.26,MOVING_TO_FIELD,Field_1,0,TERMINATED,Field_3,0,TERMINATED,Field_2,0,TERMINATED,Charger_1,0,TERMINATED,Charger_1,0,TERMINATED,Field_1,0,TERMINATED,Charger_1,0.21,IDLE,,0.03,MOVING_TO_FIELD,Field_2,0,TERMINATED,Field_2,0,TERMINATED,Field_3,214,0.11,0,4,220,0.27,0,6,152,0.18,0,3
215,587,1,0,0,0,2,9,0,TERMINATED,Field_2,0.25,MOVING_TO_FIELD,Field_1,0,TERMINATED,Field_3,0,TERMINATED,Field_2,0,TERMINATED,Charger_1,0,TERMINATED,Charger_1,0,TERMINATED,Field_1,0,TERMINATED,Charger_1,0.21,IDLE,,0.02,MOVING_TO_FIELD,Field_2,0,TERMINATED,Field_2,0,TERMINATED,Field_3,214,0.10,0,4,221,0.26,0,6,152,0.16,0,3
216,591,1,0,0,0,2,9,0,TERMINATED,Field_2,0.24,MOVING_TO_FIELD,Field_1,0,TERMINATED,Field_3,0,TERMINATED,Field_2,0,TERMINATED,Charger_1,0,TERMINATED,Charger_1,0,TERMINATED,Field_1,0,TERMINATED,Charger_1,0.21,IDLE,,0.01,MOVING_TO_FIELD,Field_2,0,TERMINATED,Field_2,0,TERMINATED,Field_3,215,0.12,0,4,224,0.27,0,6,152,0.16,0,3
217,595,1,0,0,0,2,9,0,TERMINATED,Field_2,0.23,MOVING_TO_FIELD,Field_1,0,TERMINATED,Field_3,0,TERMINATED,Field_2,0,TERMINATED,Charger_1,0,TERMINATED,Charger_1,0,TERMINATED,Field_1,0,TERMINATED,Charger_1,0.21,IDLE,,0.00,MOVING_TO_FIELD,Field_2,0,TERMINATED,Field_2,0,TERMINATED,Field_3,215,0.12,0,4,225,0.25,0,6,155,0.18,0,3
218,596,1,0,1,0,0,10,0,TERMINATED,Field_2,0.22,PROTECTING,Field_1,0,TERMINATED,Field_3,0,TERMINATED,Field_2,0,TERMINATED,Charger_1,0,TERMINATED,Charger_1,0,TERMINATED,Field_1,0,TERMINATED,Charger_1,0.21,IDLE,,0,TERMINATED,Field_2,0,TERMINATED,Field_2,0,TERMINATED,Field_3,215,0.13,1,3,226,0.27,0,6,155,0.19,0,3
219,601,1,0,1,0,0,10,0,TERMINATED,Field_2,0.21,PROTECTING,Field_1,0,TERMINATED,Field_3,0,TERMINATED,Field_2,0,TERMINATED,Charger_1,0,TERMINATED,Charger_1,0,TERMINATED,Field_1,0,TERMINATED,Charger_1,0.21,IDLE,,0,TERMINATED,Field_2,0,TERMINATED,Field_2,0,TERMINATED,Field_3,215,0.12,1,3,228,0.26,0,6,158,0.21,0,3
220,603,1,0,1,0,0,10,0,TERMINATED,Field_2,0.21,PROTECTING,Field_1,0,TERMINATED,Field_3,0,TERMINATED,Field_2,0,TERMINATED,Charger_1,0,TERMINATED,Charger_1,0,TERMINATED,Field_1,0,TERMINATED,Charger_1,0.21,IDLE,,0,TERMINATED,Field_2,0,TERMINATED,Field_2,0,TERMINATED,Field_3,215,0.11,1,3,230,0.24,0,6,158,0.20,0,3
221,609,0,0,0,0,2,10,0,TERMINATED,Field_2,0.20,MOVING_TO_FIELD,Field_2,0,TERMINATED,Field_3,0,TERMINATED,Field_2,0,TERMINATED,Charger_1,0,TERMINATED,Charger_1,0,TERMINATED,Field_1,0,TERMINATED,Charger_1,0.20,MOVING_TO_FIELD,Field_1,0,TERMINATED,Field_2,0,TERMINATED,Field_2,0,TERMINATED,Field_3,216,0.10,0,4,233,0.24,0,6,160,0.20,0,3
222,610,0,0,0,0,2,10,0,TERMINATED,Field_2,0.19,MOVING_TO_FIELD,Field_2,0,TERMINATED,Field_3,0,TERMINATED,Field_2,0,TERMINATED,Charger_1,0,TERMINATED,Charger_1,0,TERMINATED,Field_1,0,TERMINATED,Charger_1,0.19,MOVING_TO_FIELD,Field_1,0,TERMINATED,Field_2,0,TERMINATED,Field_2,0,TERMINATED,Field_3,216,0.10,0,4,234,0.24,0,6,160,0.19,0,3
223,611,0,0,0,0,2,10,0,TERMINATED,Field_2,0.18,MOVING_TO_FIELD,Field_2,0,TERMINATED,Field_3,0,TERMINATED,Field_2,0,TERMINATED,Charger_1,0,TERMINATED,Charger_1,0,TERMINATED,Field_1,0,TERMINATED,Charger_1,0.18,MOVING_TO_FIELD,Field_1,0,TERMINATED,Field_2,0,TERMINATED,Field_2,0,TERMINATED,Field_3,216,0.10,0,4,234,0.24,0,6,161,0.19,0,3
224,619,0,0,0,0,2,10,0,TERMINATED,Field_2,0.17,MOVING_TO_FIELD,Field_2,0,TERMINATED,Field_3,0,TERMINATED,Field_2,0,TERMINATED,Charger_1,0,TERMINATED,Charger_1,0,TERMINATED,Field_1,0,TERMINATED,Charger_1,0.17,MOVING_TO_FIELD,Field_1,0,TERMINATED,Field_2,0,TERMINATED,Field_2,0,TERMINATED,Field_3,216,0.11,0,4,238,0.25,0,6,165,0.19,0,3
225,621,0,0,0,0,2,10,0,TERMINATED,Field_2,0.16,MOVING_TO_FIELD,Field_2,0,TERMINATED,Field_3,0,TERMINATED,Field_2,0,TERMINATED,Charger_1,0,TERMINATED,Charger_1,0,TERMINATED,Field_1,0,TERMINATED,Charger_1,0.16,MOVING_TO_FIELD,Field_1,0,TERMINATED,Field_2,0,TERMINATED,Field_2,0,TERMINATED,Field_3,217,0.11,0,4,239,0.25,0,6,165,0.17,0,3
226,621,0,0,0,0,2,10,0,TERMINATED,Field_2,0.15,MOVING_TO_FIELD,Field_2,0,TERMINATED,Field_3,0,TERMINATED,Field_2,0,TERMINATED,Charger_1,0,TERMINATED,Charger_1,0,TERMINATED,Field_1,0,TERMINATED,Charger_1,0.15,MOVING_TO_FIELD,Field_1,0,TERMINATED,Field_2,0,TERMINATED,Field_2,0,TERMINATED,Field_3,217,0.12,0,4,239,0.25,0,6,165,0.18,0,3
227,626,0,0,0,0,2,10,0,TERMINATED,Field_2,0.14,MOVING_TO_FIELD,Field_2,0,TERMINATED,Field_3,0,TERMINATED,Field_2,0,TERMINATED,Charger_1,0,TERMINATED,Charger_1,0,TERMINATED,Field_1,0,TERMINATED,Charger_1,0.14,MOVING_TO_FIELD,Field_1,0,TERMINATED,Field_2,0,TERMINATED,Field_2,0,TERMINATED,Field_3,217,0.13,0,4,242,0.26,0,6,167,0.16,0,3
228,627,0,0,0,0,2,10,0,TERMINATED,Field_2,0.13,MOVING_TO_FIELD,Field_2,0,TERMINATED,Field_3,0,TERMINATED,Field_2,0,TERMINATED,Charger_1,0,TERMINATED,Charger_1,0,TERMINATED,Field_1,0,TERMINATED,Charger_1,0.13,MOVING_TO_FIELD,Field_1,0,TERMINATED,Field_2,0,TERMINATED,Field_2,0,TERMINATED,Field_3,217,0.14,0,4,243,0.25,0,6,167,0.16,0,3
229,629,0,0,0,0,2,10,0,TERMINATED,Field_2,0.12,MOVING_TO_FIELD,Field_2,0,TERMINATED,Field_3,0,TERMINATED,Field_2,0,TERMINATED,Charger_1,0,TERMINATED,Charger_1,0,TERMINATED,Field_1,0,TERMINATED,Charger_1,0.12,MOVING_TO_FIELD,Field_1,0,TERMINATED,Field_2,0,TERMINATED,Field_2,0,TERMINATED,Field_3,217,0.14,0,4,244,0.25,0,6,168,0.19,0,3
230,634,0,0,0,0,2,10,0,TERMINATED,Field_2,0.11,MOVING_TO_FIELD,Field_2,0,TERMINATED,Field_3,0,TERMINATED,Field_2,0,TERMINATED,Charger_1,0,TERMINATED,Charger_1,0,TERMINATED,Field_1,0,TERMINATED,Charger_1,0.11,MOVING_TO_FIELD,Field_1,0,TERMINATED,Field_2,0,TERMINATED,Field_2,0,TERMINATED,Field_3,218,0.16,0,4,245,0.24,0,6,171,0.20,0,3
231,640,1,0,0,0,1,10,0,TERMINATED,Field_2,0.11,IDLE,,0,TERMINATED,Field_3,0,TERMINATED,Field_2,0,TERMINATED,Charger_1,0,TERMINATED,Charger_1,0,TERMINATED,Field_1,0,TERMINATED,Charger_1,0.10,MOVING_TO_FIELD,Field_1,0,TERMINATED,Field_2,0,TERMINATED,Field_2,0,TERMINATED,Field_3,220,0.16,0,4,247,0.26,0,6,173,0.19,0,3
232,641,1,0,0,0,1,10,0,TERMINATED,Field_2,0.11,IDLE,,0,TERMINATED,Field_3,0,TERMINATED,Field_2,0,TERMINATED,Charger_1,0,TERMINATED,Charger_1,0,TERMINATED,Field_1,0,TERMINATED,Charger_1,0.09,MOVING_TO_FIELD,Field_1,0,TERMINATED,Field_2,0,TERMINATED,Field_2,0,TERMINATED,Field_3,220,0.16,0,4,247,0.26,0,6,174,0.18,0,3
233,642,1,0,0,0,1,10,0,TERMINATED,Field_2,0.11,IDLE,,0,TERMINATED,Field_3,0,TERMINATED,Field_2,0,TERMINATED,Charger_1,0,TERMINATED,Charger_1,0,TERMINATED,Field_1,0,TERMINATED,Charger_1,0.08,MOVING_TO_FIELD,Field_1,0,TERMINATED,Field_2,0,TERMINATED,Field_2,0,TERMINATED,Field_3,220,0.15,0,4,248,0.25,0,6,174,0.17,0,3
234,642,1,0,0,0,1,10,0,TERMINATED,Field_2,0.11,IDLE,,0,TERMINATED,Field_3,0,TERMINATED,Field_2,0,TERMINATED,Charger_1,0,TERMINATED,Charger_1,0,TERMINATED,Field_1,0,TERMINATED,Charger_1,0.07,MOVING_TO_FIELD,Field_1,0,TERMINATED,Field_2,0,TERMINATED,Field_2,0,TERMINATED,Field_3,220,0.15,0,4,248,0.23,0,6,174,0.16,0,3
235,644,1,0,0,0,1,10,0,TERMINATED,Field_2,0.11,IDLE,,0,TERMINATED,Field_3,0,TERMINATED,Field_2,0,TERMINATED,Charger_1,0,TERMINATED,Charger_1,0,TERMINATED,Field_1,0,TERMINATED,Charger_1,0.06,MOVING_TO_FIELD,Field_1,0,TERMINATED,Field_2,0,TERMINATED,Field_2,0,TERMINATED,Field_3,220,0.15,0,4,250,0.23,0,6,174,0.16,0,3
236,646,1,0,0,0,1,10,0,TERMINATED,Field_2,0.11,IDLE,,0,TERMINATED,Field_3,0,TERMINATED,Field_2,0,TERMINATED,Charger_1,0,TERMINATED,Charger_1,0,TERMINATED,Field_1,0,TERMINATED,Charger_1,0.05,MOVING_TO_FIELD,Field_1,0,TERMINATED,Field_2,0,TERMINATED,Field_2,0,TERMINATED,Field_3,221,0.16,0,4,251,0.22,0,6,174,0.15,0,3
237,649,1,0,1,0,0,10,0,TERMINATED,Field_2,0.11,IDLE,,0,TERMINATED,Field_3,0,TERMINATED,Field_2,0,TERMINATED,Charger_1,0,TERMINATED,Charger_1,0,TERMINATED,Field_1,0,TERMINATED,Charger_1,0.04,PROTECTING,Field_1,0,TERMINATED,Field_2,0,TERMINATED,Field_2,0,TERMINATED,Field_3,221,0.16,1,3,254,0.25,0,6,174,0.14,0,3
238,650,1,0,1,0,0,10,0,TERMINATED,Field_2,0.11,IDLE,,0,TERMINATED,Field_3,0,TERMINATED,Field_2,0,TERMINATED,Charger_1,0,TERMINATED,Charger_1,0,TERMINATED,Field_1,0,TERMINATED,Charger_1,0.03,PROTECTING,Field_1,0,TERMINATED,Field_2,0,TERMINATED,Field_2,0,TERMINATED,Field_3,221,0.16,1,3,255,0.24,0,6,174,0.15,0,3
239,652,1,0,1,0,0,10,0,TERMINATED,Field_2,0.11,IDLE,,0,TERMINATED,Field_3,0,TERMINATED,Field_2,0,TERMINATED,Charger_1,0,TERMINATED,Charger_1,0,TERMINATED,Field_1,0,TERMINATED,Charger_1,0.03,PROTECTING,Field_1,0,TERMINATED,Field_2,0,TERMINATED,Field_2,0,TERMINATED,Field_3,221,0.17,1,3,255,0.23,0,6,176,0.15,0,3
240,659,1,0,1,0,0,10,0,TERMINATED,Field_2,0.11,IDLE,,0,TERMINATED,Field_3,0,TERMINATED,Field_2,0,TERMINATED,Charger_1,0,TERMINATED,Charger_1,0,TERMINATED,Field_1,0,TERMINATED,Charger_1,0.02,PROTECTING,Field_1,0,TERMINATED,Field_2,0,TERMINATED,Field_2,0,TERMINATED,Field_3,224,0.18,1,3,258,0.23,0,6,177,0.15,0,3
241,664,0,0,1,0,1,10,0,TERMINATED,Field_2,0.10,MOVING_TO_FIELD,Field_3,0,TERMINATED,Field_3,0,TERMINATED,Field_2,0,TERMINATED,Charger_1,0,TERMINATED,Charger_1,0,TERMINATED,Field_1,0,TERMINATED,Charger_1,0.01,PROTECTING,Field_1,0,TERMINATED,Field_2,0,TERMINATED,Field_2,0,TERMINATED,Field_3,224,0.19,1,3,260,0.25,0,6,180,0.15,0,3
242,665,0,0,1,0,1,10,0,TERMINATED,Field_2,0.09,MOVING_TO_FIELD,Field_3,0,TERMINATED,Field_3,0,TERMINATED,Field_2,0,TERMINATED,Charger_1,0,TERMINATED,Charger_1,0,TERMINATED,Field_1,0,TERMINATED,Charger_1,0.00,PROTECTING,Field_1,0,TERMINATED,Field_2,0,TERMINATED,Field_2,0,TERMINATED,Field_3,224,0.19,1,3,261,0.25,0,6,180,0.13,0,3
243,666,0,0,0,0,1,11,0,TERMINATED,Field_2,0.08,MOVING_TO_FIELD,Field_3,0,TERMINATED,Field_3,0,TERMINATED,Field_2,0,TERMINATED,Charger_1,0,TERMINATED,Charger_1,0,TERMINATED,Field_1,0,TERMINATED,Charger_1,0,TERMINATED,Field_1,0,TERMINATED,Field_2,0,TERMINATED,Field_2,0,TERMINATED,Field_3,225,0.17,0,4,261,0.25,0,6,180,0.13,0,3
244,671,0,0,0,0,1,11,0,TERMINATED,Field_2,0.07,MOVING_TO_FIELD,Field_3,0,TERMINATED,Field_3,0,TERMINATED,Field_2,0,TERMINATED,Charger_1,0,TERMINATED,Charger_1,0,TERMINATED,Field_1,0,TERMINATED,Charger_1,0,TERMINATED,Field_1,0,TERMINATED,Field_2,0,TERMINATED,Field_2,0,TERMINATED,Field_3,226,0.18,0,4,263,0.23,0,6,182,0.12,0,3
245,672,0,0,0,0,1,11,0,TERMINATED,Field_2,0.06,MOVING_TO_FIELD,Field_3,0,TERMINATED,Field_3,0,TERMINATED,Field_2,0,TERMINATED,Charger_1,0,TERMINATED,Charger_1,0,TERMINATED,Field_1,0,TERMINATED,Charger_1,0,TERMINATED,Field_1,0,TERMINATED,Field_2,0,TERMINATED,Field_2,0,TERMINATED,Field_3,226,0.17,0,4,264,0.23,0,6,182,0.11,0,3
246,674,0,0,0,0,1,11,0,TERMINATED,Field_2,0.05,MOVING_TO_FIELD,Field_3,0,TERMINATED,Field_3,0,TERMINATED,Field_2,0,TERMINATED,Charger_1,0,TERMINATED,Charger_1,0,TERMINATED,Field_1,0,TERMINATED,Charger_1,0,TERMINATED,Field_1,0,TERMINATED,Field_2,0,TERMINATED,Field_2,0,TERMINATED,Field_3,228,0.17,0,4,264,0.23,0,6,182,0.10,0,3
247,678,0,0,0,0,1,11,0,TERMINATED,Field_2,0.04,MOVING_TO_FIELD,Field_3,0,TERMINATED,Field_3,0,TERMINATED,Field_2,0,TERMINATED,Charger_1,0,TERMINATED,Charger_1,0,TERMINATED,Field_1,0,TERMINATED,Charger_1,0,TERMINATED,Field_1,0,TERMINATED,Field_2,0,TERMINATED,Field_2,0,TERMINATED,Field_3,228,0.14,0,4,266,0.22,0,6,184,0.10,0,3
248,679,0,0,0,0,1,11,0,TERMINATED,Field_2,0.03,MOVING_TO_FIELD,Field_3,0,TERMINATED,Field_3,0,TERMINATED,Field_2,0,TERMINATED,Charger_1,0,TERMINATED,Charger_1,0,TERMINATED,Field_1,0,TERMINATED,Charger_1,0,TERMINATED,Field_1,0,TERMINATED,Field_2,0,TERMINATED,Field_2,0,TERMINATED,Field_3,229,0.15,0,4,266,0.21,0,6,184,0.11,0,3
249,680,0,0,0,0,1,11,0,TERMINATED,Field_2,0.02,MOVING_TO_FIELD,Field_3,0,TERMINATED,Field_3,0,TERMINATED,Field_2,0,TERMINATED,Charger_1,0,TERMINATED,Charger_1,0,TERMINATED,Field_1,0,TERMINATED,Charger_1,0,TERMINATED,Field_1,0,TERMINATED,Field_2,0,TERMINATED,Field_2,0,TERMINATED,Field_3,230,0.14,0,4,266,0.21,0,6,184,0.11,0,3
250,683,0,0,0,0,1,11,0,TERMINATED,Field_2,0.01,MOVING_TO_FIELD,Field_3,0,TERMINATED,Field_3,0,TERMINATED,Field_2,0,TERMINATED,Charger_1,0,TERMINATED,Charger_1,0,TERMINATED,Field_1,0,TERMINATED,Charger_1,0,TERMINATED,Field_1,0,TERMINATED,Field_2,0,TERMINATED,Field_2,0,TERMINATED,Field_3,230,0.14,0,4,269,0.22,0,6,184,0.10,0,3
251,686,1,0,0,0,0,11,0,TERMINATED,Field_2,0.01,IDLE,,0,TERMINATED,Field_3,0,TERMINATED,Field_2,0,TERMINATED,Charger_1,0,TERMINATED,Charger_1,0,TERMINATED,Field_1,0,TERMINATED,Charger_1,0,TERMINATED,Field_1,0,TERMINATED,Field_2,0,TERMINATED,Field_2,0,TERMINATED,Field_3,231,0.13,0,4,271,0.22,0,6,184,0.13,0,3
252,693,1,0,0,0,0,11,0,TERMINATED,Field_2,0.01,IDLE,,0,TERMINATED,Field_3,0,TERMINATED,Field_2,0,TERMINATED,Charger_1,0,TERMINATED,Charger_1,0,TERMINATED,Field_1,0,TERMINATED,Charger_1,0,TERMINATED,Field_1,0,TERMINATED,Field_2,0,TERMINATED,Field_2,0,TERMINATED,Field_3,233,0.13,0,4,275,0.23,0,6,185,0.14,0,3
253,696,1,0,0,0,0,11,0,TERMINATED,Field_2,0.01,IDLE,,0,TERMINATED,Field_3,0,TERMINATED,Field_2,0,TERMINATED,Charger_1,0,TERMINATED,Charger_1,0,TERMINATED,Field_1,0,TERMINATED,Charger_1,0,TERMINATED,Field_1,0,TERMINATED,Field_2,0,TERMINATED,Field_2,0,TERMINATED,Field_3,233,0.13,0,4,277,0.26,0,6,186,0.14,0,3
254,698,1,0,0,0,0,11,0,TERMINATED,Field_2,0.01,IDLE,,0,TERMINATED,Field_3,0,TERMINATED,Field_2,0,TERMINATED,Charger_1,0,TERMINATED,Charger_1,0,TERMINATED,Field_1,0,TERMINATED,Charger_1,0,TERMINATED,Field_1,0,TERMINATED,Field_2,0,TERMINATED,Field_2,0,TERMINATED,Field_3,233,0.12,0,4,278,0.26,0,6,187,0.15,0,3
255,701,1,0,0,0,0,11,0,TERMINATED,Field_2,0.01,IDLE,,0,TERMINATED,Field_3,0,TERMINATED,Field_2,0,TERMINATED,Charger_1,0,TERMINATED,Charger_1,0,TERMINATED,Field_1,0,TERMINATED,Charger_1,0,TERMINATED,Field_1,0,TERMINATED,Field_2,0,TERMINATED,Field_2,0,TERMINATED,Field_3,234,0.12,0,4,279,0.24,0,6,188,0.13,0,3
256,704,1,0,0,0,0,11,0,TERMINATED,Field_2,0.01,IDLE,,0,TERMINATED,Field_3,0,TERMINATED,Field_2,0,TERMINATED,Charger_1,0,TERMINATED,Charger_1,0,TERMINATED,Field_1,0,TERMINATED,Charger_1,0,TERMINATED,Field_1,0,TERMINATED,Field_2,0,TERMINATED,Field_2,0,TERMINATED,Field_3,235,0.10,0,4,280,0.24,0,6,189,0.13,0,3
257,707,1,0,0,0,0,11,0,TERMINATED,Field_2,0.01,IDLE,,0,TERMINATED,Field_3,0,TERMINATED,Field_2,0,TERMINATED,Charger_1,0,TERMINATED,Charger_1,0,TERMINATED,Field_1,0,TERMINATED,Charger_1,0,TERMINATED,Field_1,0,TERMINATED,Field_2,0,TERMINATED,Field_2,0,TERMINATED,Field_3,237,0.11,0,4,281,0.25,0,6,189,0.14,0,3
258,709,1,0,0,0,0,11,0,TERMINATED,Field_2,0.01,IDLE,,0,TERMINATED,Field_3,0,TERMINATED,Field_2,0,TERMINATED,Charger_1,0,TERMINATED,Charger_1,0,TERMINATED,Field_1,0,TERMINATED,Charger_1,0,TERMINATED,Field_1,0,TERMINATED,Field_2,0,TERMINATED,Field_2,0,TERMINATED,Field_3,237,0.10,0,4,282,0.25,0,6,190,0.12,0,3
259,714,1,0,0,0,0,11,0,TERMINATED,Field_2,0.01,IDLE,,0,TERMINATED,Field_3,0,TERMINATED,Field_2,0,TERMINATED,Charger_1,0,TERMINATED,Charger_1,0,TERMINATED,Field_1,0,TERMINATED,Charger_1,0,TERMINATED,Field_1,0,TERMINATED,Field_2,0,TERMINATED,Field_2,0,TERMINATED,Field_3,239,0.10,0,4,285,0.26,0,6,190,0.13,0,3
260,717,1,0,0,0,0,11,0,TERMINATED,Field_2,0.01,IDLE,,0,TERMINATED,Field_3,0,TERMINATED,Field_2,0,TERMINATED,Charger_1,0,TERMINATED,Charger_1,0,TERMINATED,Field_1,0,TERMINATED,Charger_1,0,TERMINATED,Field_1,0,TERMINATED,Field_2,0,TERMINATED,Field_2,0,TERMINATED,Field_3,239,0.10,0,4,288,0.26,0,6,190,0.14,0,3
261,718,1,0,0,0,0,11,0,TERMINATED,Field_2,0.01,IDLE,,0,TERMINATED,Field_3,0,TERMINATED,Field_2,0,TERMINATED,Charger_1,0,TERMINATED,Charger_1,0,TERMINATED,Field_1,0,TERMINATED,Charger_1,0,TERMINATED,Field_1,0,TERMINATED,Field_2,0,TERMINATED,Field_2,0,TERMINATED,Field_3,239,0.11,0,4,289,0.26,0,6,190,0.14,0,3
262,719,1,0,0,0,0,11,0,TERMINATED,Field_2,0.01,IDLE,,0,TERMINATED,Field_3,0,TERMINATED,Field_2,0,TERMINATED,Charger_1,0,TERMINATED,Charger_1,0,TERMINATED,Field_1,0,TERMINATED,Charger_1,0,TERMINATED,Field_1,0,TERMINATED,Field_2,0,TERMINATED,Field_2,0,TERMINATED,Field_3,240,0.12,0,4,289,0.25,0,6,190,0.14,0,3
263,721,1,0,0,0,0,11,0,TERMINATED,Field_2,0.01,IDLE,,0,TERMINATED,Field_3,0,TERMINATED,Field_2,0,TERMINATED,Charger_1,0,TERMINATED,Charger_1,0,TERMINATED,Field_1,0,TERMINATED,Charger_1,0,TERMINATED,Field_1,0,TERMINATED,Field_2,0,TERMINATED,Field_2,0,TERMINATED,Field_3,241,0.12,0,4,289,0.26,0,6,191,0.13,0,3
264,722,1,0,0,0,0,11,0,TERMINATED,Field_2,0.01,IDLE,,0,TERMINATED,Field_3,0,TERMINATED,Field_2,0,TERMINATED,Charger_1,0,TERMINATED,Charger_1,0,TERMINATED,Field_1,0,TERMINATED,Charger_1,0,TERMINATED,Field_1,0,TERMINATED,Field_2,0,TERMINATED,Field_2,0,TERMINATED,Field_3,241,0.12,0,4,290,0.27,0,6,191,0.10,0,3
265,724,1,0,0,0,0,11,0,TERMINATED,Field_2,0.01,IDLE,,0,TERMINATED,Field_3,0,TERMINATED,Field_2,0,TERMINATED,Charger_1,0,TERMINATED,Charger_1,0,TERMINATED,Field_1,0,TERMINATED,Charger_1,0,TERMINATED,Field_1,0,TERMINATED,Field_2,0,TERMINATED,Field_2,0,TERMINATED,Field_3,242,0.11,0,4,291,0.27,0,6,191,0.10,0,3
266,725,1,0,0,0,0,11,0,TERMINATED,Field_2,0.01,IDLE,,0,TERMINATED,Field_3,0,TERMINATED,Field_2,0,TERMINATED,Charger_1,0,TERMINATED,Charger_1,0,TERMINATED,Field_1,0,TERMINATED,Charger_1,0,TERMINATED,Field_1,0,TERMINATED,Field_2,0,TERMINATED,Field_2,0,TERMINATED,Field_3,242,0.11,0,4,291,0.27,0,6,192,0.11,0,3
267,726,1,0,0,0,0,11,0,TERMINATED,Field_2,0.01,IDLE,,0,TERMINATED,Field_3,0,TERMINATED,Field_2,0,TERMINATED,Charger_1,0,TERMINATED,Charger_1,0,TERMINATED,Field_1,0,TERMINATED,Charger_1,0,TERMINATED,Field_1,0,TERMINATED,Field_2,0,TERMINATED,Field_2,0,TERMINATED,Field_3,242,0.12,0,4,292,0.27,0,6,192,0.11,0,3
268,726,1,0,0,0,0,11,0,TERMINATED,Field_2,0.01,IDLE,,0,TERMINATED,Field_3,0,TERMINATED,Field_2,0,TERMINATED,Charger_1,0,TERMINATED,Charger_1,0,TERMINATED,Field_1,0,TERMINATED,Charger_1,0,TERMINATED,Field_1,0,TERMINATED,Field_2,0,TERMINATED,Field_2,0,TERMINATED,Field_3,242,0.14,0,4,292,0.28,0,6,192,0.11,0,3
269,730,1,0,0,0,0,11,0,TERMINATED,Field_2,0.01,IDLE,,0,TERMINATED,Field_3,0,TERMINATED,Field_2,0,TERMINATED,Charger_1,0,TERMINATED,Charger_1,0,TERMINATED,Field_1,0,TERMINATED,Charger_1,0,TERMINATED,Field_1,0,TERMINATED,Field_2,0,TERMINATED,Field_2,0,TERMINATED,Field_3,242,0.13,0,4,296,0.27,0,6,192,0.10,0,3
270,733,1,0,0,0,0,11,0,TERMINATED,Field_2,0.01,IDLE,,0,TERMINATED,Field_3,0,TERMINATED,Field_2,0,TERMINATED,Charger_1,0,TERMINATED,Charger_1,0,TERMINATED,Field_1,0,TERMINATED,Charger_1,0,TERMINATED,Field_1,0,TERMINATED,Field_2,0,TERMINATED,Field_2,0,TERMINATED,Field_3,244,0.13,0,4,297,0.28,0,6,192,0.08,0,3
271,734,0,0,0,0,0,12,0,TERMINATED,Field_2,0,TERMINATED,Field_2,0,TERMINATED,Field_3,0,TERMINATED,Field_2,0,TERMINATED,Charger_1,0,TERMINATED,Charger_1,0,TERMINATED,Field_1,0,TERMINATED,Charger_1,0,TERMINATED,Field_1,0,TERMINATED,Field_2,0,TERMINATED,Field_2,0,TERMINATED,Field_3,244,0.11,0,4,298,0.28,0,6,192,0.08,0,3
272,737,0,0,0,0,0,12,0,TERMINATED,Field_2,0,TERMINATED,Field_2,0,TERMINATED,Field_3,0,TERMINATED,Field_2,0,TERMINATED,Charger_1,0,TERMINATED,Charger_1,0,TERMINATED,Field_1,0,TERMINATED,Charger_1,0,TERMINATED,Field_1,0,TERMINATED,Field_2,0,TERMINATED,Field_2,0,TERMINATED,Field_3,244,0.10,0,4,301,0.28,0,6,192,0.06,0,3
273,740,0,0,0,0,0,12,0,TERMINATED,Field_2,0,TERMINATED,Field_2,0,TERMINATED,Field_3,0,TERMINATED,Field_2,0,TERMINATED,Charger_1,0,TERMINATED,Charger_1,0,TERMINATED,Field_1,0,TERMINATED,Charger_1,0,TERMINATED,Field_1,0,TERMINATED,Field_2,0,TERMINATED,Field_2,0,TERMINATED,Field_3,244,0.10,0,4,304,0.29,0,6,192,0.07,0,3
274,741,0,0,0,0,0,12,0,TERMINATED,Field_2,0,TERMINATED,Field_2,0,TERMINATED,Field_3,0,TERMINATED,Field_2,0,TERMINATED,Charger_1,0,TERMINATED,Charger_1,0,TERMINATED,Field_1,0,TERMINATED,Charger_1,0,TERMINATED,Field_1,0,TERMINATED,Field_2,0,TERMINATED,Field_2,0,TERMINATED,Field_3,244,0.10,0,4,305,0.26,0,6,192,0.08,0,3
275,742,0,0,0,0,0,12,0,TERMINATED,Field_2,0,TERMINATED,Field_2,0,TERMINATED,Field_3,0,TERMINATED,Field_2,0,TERMINATED,Charger_1,0,TERMINATED,Charger_1,0,TERMINATED,Field_1,0,TERMINATED,Charger_1,0,TERMINATED,Field_1,0,TERMINATED,Field_2,0,TERMINATED,Field_2,0,TERMINATED,Field_3,245,0.11,0,4,305,0.27,0,6,192,0.08,0,3
276,743,0,0,0,0,0,12,0,TERMINATED,Field_2,0,TERMINATED,Field_2,0,TERMINATED,Field_3,0,TERMINATED,Field_2,0,TERMINATED,Charger_1,0,TERMINATED,Charger_1,0,TERMINATED,Field_1,0,TERMINATED,Charger_1,0,TERMINATED,Field_1,0,TERMINATED,Field_2,0,TERMINATED,Field_2,0,TERMINATED,Field_3,246,0.11,0,4,305,0.28,0,6,192,0.08,0,3
277,743,0,0,0,0,0,12,0,TERMINATED,Field_2,0,TERMINATED,Field_2,0,TERMINATED,Field_3,0,TERMINATED,Field_2,0,TERMINATED,Charger_1,0,TERMINATED,Charger_1,0,TERMINATED,Field_1,0,TERMINATED,Charger_1,0,TERMINATED,Field_1,0,TERMINATED,Field_2,0,TERMINATED,Field_2,0,TERMINATED,Field_3,246,0.12,0,4,305,0.28,0,6,192,0.08,0,3
278,745,0,0,0,0,0,12,0,TERMINATED,Field_2,0,TERMINATED,Field_2,0,TERMINATED,Field_3,0,TERMINATED,Field_2,0,TERMINATED,Charger_1,0,TERMINATED,Charger_1,0,TERMINATED,Field_1,0,TERMINATED,Charger_1,0,TERMINATED,Field_1,0,TERMINATED,Field_2,0,TERMINATED,Field_2,0,TERMINATED,Field_3,246,0.12,0,4,307,0.28,0,6,192,0.08,0,3
279,746,0,0,0,0,0,12,0,TERMINATED,Field_2,0,TERMINATED,Field_2,0,TERMINATED,Field_3,0,TERMINATED,Field_2,0,TERMINATED,Charger_1,0,TERMINATED,Charger_1,0,TERMINATED,Field_1,0,TERMINATED,Charger_1,0,TERMINATED,Field_1,0,TERMINATED,Field_2,0,TERMINATED,Field_2,0,TERMINATED,Field_3,247,0.12,0,4,307,0.28,0,6,192,0.10,0,3
280,747,0,0,0,0,0,12,0,TERMINATED,Field_2,0,TERMINATED,Field_2,0,TERMINATED,Field_3,0,TERMINATED,Field_2,0,TERMINATED,Charger_1,0,TERMINATED,Charger_1,0,TERMINATED,Field_1,0,TERMINATED,Charger_1,0,TERMINATED,Field_1,0,TERMINATED,Field_2,0,TERMINATED,Field_2,0,TERMINATED,Field_3,247,0.12,0,4,308,0.27,0,6,192,0.09,0,3
281,750,0,0,0,0,0,12,0,TERMINATED,Field_2,0,TERMINATED,Field_2,0,TERMINATED,Field_3,0,TERMINATED,Field_2,0,TERMINATED,Charger_1,0,TERMINATED,Charger_1,0,TERMINATED,Field_1,0,TERMINATED,Charger_1,0,TERMINATED,Field_1,0,TERMINATED,Field_2,0,TERMINATED,Field_2,0,TERMINATED,Field_3,248,0.11,0,4,310,0.28,0,6,192,0.08,0,3
282,751,0,0,0,0,0,12,0,TERMINATED,Field_2,0,TERMINATED,Field_2,0,TERMINATED,Field_3,0,TERMINATED,Field_2,0,TERMINATED,Charger_1,0,TERMINATED,Charger_1,0,TERMINATED,Field_1,0,TERMINATED,Charger_1,0,TERMINATED,Field_1,0,TERMINATED,Field_2,0,TERMINATED,Field_2,0,TERMINATED,Field_3,249,0.11,0,4,310,0.26,0,6,192,0.07,0,3
283,751,0,0,0,0,0,12,0,TERMINATED,Field_2,0,TERMINATED,Field_2,0,TERMINATED,Field_3,0,TERMINATED,Field_2,0,TERMINATED,Charger_1,0,TERMINATED,Charger_1,0,TERMINATED,Field_1,0,TERMINATED,Charger_1,0,TERMINATED,Field_1,0,TERMINATED,Field_2,0,TERMINATED,Field_2,0,TERMINATED,Field_3,249,0.11,0,4,310,0.26,0,6,192,0.08,0,3
284,751,0,0,0,0,0,12,0,TERMINATED,Field_2,0,TERMINATED,Field_2,0,TERMINATED,Field_3,0,TERMINATED,Field_2,0,TERMINATED,Charger_1,0,TERMINATED,Charger_1,0,TERMINATED,Field_1,0,TERMINATED,Charger_1,0,TERMINATED,Field_1,0,TERMINATED,Field_2,0,TERMINATED,Field_2,0,TERMINATED,Field_3,249,0.11,0,4,310,0.25,0,6,192,0.08,0,3
285,753,0,0,0,0,0,12,0,TERMINATED,Field_2,0,TERMINATED,Field_2,0,TERMINATED,Field_3,0,TERMINATED,Field_2,0,TERMINATED,Charger_1,0,TERMINATED,Charger_1,0,TERMINATED,Field_1,0,TERMINATED,Charger_1,0,TERMINATED,Field_1,0,TERMINATED,Field_2,0,TERMINATED,Field_2,0,TERMINATED,Field_3,249,0.11,0,4,312,0.25,0,6,192,0.06,0,3
286,754,0,0,0,0,0,12,0,TERMINATED,Field_2,0,TERMINATED,Field_2,0,TERMINATED,Field_3,0,TERMINATED,Field_2,0,TERMINATED,Charger_1,0,TERMINATED,Charger_1,0,TERMINATED,Field_1,0,TERMINATED,Charger_1,0,TERMINATED,Field_1,0,TERMINATED,Field_2,0,TERMINATED,Field_2,0,TERMINATED,Field_3,250,0.12,0,4,312,0.26,0,6,192,0.06,0,3
287,756,0,0,0,0,0,12,0,TERMINATED,Field_2,0,TERMINATED,Field_2,0,TERMINATED,Field_3,0,TERMINATED,Field_2,0,TERMINATED,Charger_1,0,TERMINATED,Charger_1,0,TERMINATED,Field_1,0,TERMINATED,Charger_1,0,TERMINATED,Field_1,0,TERMINATED,Field_2,0,TERMINATED,Field_2,0,TERMINATED,Field_3,251,0.10,0,4,313,0.24,0,6,192,0.06,0,3
288,757,0,0,0,0,0,12,0,TERMINATED,Field_2,0,TERMINATED,Field_2,0,TERMINATED,Field_3,0,TERMINATED,Field_2,0,TERMINATED,Charger_1,0,TERMINATED,Charger_1,0,TERMINATED,Field_1,0,TERMINATED,Charger_1,0,TERMINATED,Field_1,0,TERMINATED,Field_2,0,TERMINATED,Field_2,0,TERMINATED,Field_3,252,0.10,0,4,313,0.25,0,6,192,0.06,0,3
289,757,0,0,0,0,0,12,0,TERMINATED,Field_2,0,TERMINATED,Field_2,0,TERMINATED,Field_3,0,TERMINATED,Field_2,0,TERMINATED,Charger_1,0,TERMINATED,Charger_1,0,TERMINATED,Field_1,0,TERMINATED,Charger_1,0,TERMINATED,Field_1,0,TERMINATED,Field_2,0,TERMINATED,Field_2,0,TERMINATED,Field_3,252,0.08,0,4,313,0.24,0,6,192,0.09,0,3
290,758,0,0,0,0,0,12,0,TERMINATED,Field_2,0,TERMINATED,Field_2,0,TERMINATED,Field_3,0,TERMINATED,Field_2,0,TERMINATED,Charger_1,0,TERMINATED,Charger_1,0,TERMINATED,Field_1,0,TERMINATED,Charger_1,0,TERMINATED,Field_1,0,TERMINATED,Field_2,0,TERMINATED,Field_2,0,TERMINATED,Field_3,252,0.07,0,4,314,0.24,0,6,192,0.10,0,3
291,758,0,0,0,0,0,12,0,TERMINATED,Field_2,0,TERMINATED,Field_2,0,TERMINATED,Field_3,0,TERMINATED,Field_2,0,TERMINATED,Charger_1,0,TERMINATED,Charger_1,0,TERMINATED,Field_1,0,TERMINATED,Charger_1,0,TERMINATED,Field_1,0,TERMINATED,Field_2,0,TERMINATED,Field_2,0,TERMINATED,Field_3,252,0.08,0,4,314,0.24,0,6,192,0.10,0,3
292,761,0,0,0,0,0,12,0,TERMINATED,Field_2,0,TERMINATED,Field_2,0,TERMINATED,Field_3,0,TERMINATED,Field_2,0,TERMINATED,Charger_1,0,TERMINATED,Charger_1,0,TERMINATED,Field_1,0,TERMINATED,Charger_1,0,TERMINATED,Field_1,0,TERMINATED,Field_2,0,TERMINATED,Field_2,0,TERMINATED,Field_3,252,0.07,0,4,317,0.24,0,6,192,0.11,0,3
293,761,0,0,0,0,0,12,0,TERMINATED,Field_2,0,TERMINATED,Field_2,0,TERMINATED,Field_3,0,TERMINATED,Field_2,0,TERMINATED,Charger_1,0,TERMINATED,Charger_1,0,TERMINATED,Field_1,0,TERMINATED,Charger_1,0,TERMINATED,Field_1,0,TERMINATED,Field_2,0,TERMINATED,Field_2,0,TERMINATED,Field_3,252,0.07,0,4,317,0.26,0,6,192,0.10,0,3
294,762,0,0,0,0,0,12,0,TERMINATED,Field_2,0,TERMINATED,Field_2,0,TERMINATED,Field_3,0,TERMINATED,Field_2,0,TERMINATED,Charger_1,0,TERMINATED,Charger_1,0,TERMINATED,Field_1,0,TERMINATED,Charger_1,0,TERMINATED,Field_1,0,TERMINATED,Field_2,0,TERMINATED,Field_2,0,TERMINATED,Field_3,253,0.08,0,4,317,0.26,0,6,192,0.09,0,3
295,763,0,0,0,0,0,12,0,TERMINATED,Field_2,0,TERMINATED,Field_2,0,TERMINATED,Field_3,0,TERMINATED,Field_2,0,TERMINATED,Charger_1,0,TERMINATED,Charger_1,0,TERMINATED,Field_1,0,TERMINATED,Charger_1,0,TERMINATED,Field_1,0,TERMINATED,Field_2,0,TERMINATED,Field_2,0,TERMINATED,Field_3,254,0.12,0,4,317,0.26,0,6,192,0.10,0,3
296,765,0,0,0,0,0,12,0,TERMINATED,Field_2,0,TERMINATED,Field_2,0,TERMINATED,Field_3,0,TERMINATED,Field_2,0,TERMINATED,Charger_1,0,TERMINATED,Charger_1,0,TERMINATED,Field_1,0,TERMINATED,Charger_1,0,TERMINATED,Field_1,0,TERMINATED,Field_2,0,TERMINATED,Field_2,0,TERMINATED,Field_3,255,0.12,0,4,318,0.26,0,6,192,0.10,0,3
297,766,0,0,0,0,0,12,0,TERMINATED,Field_2,0,TERMINATED,Field_2,0,TERMINATED,Field_3,0,TERMINATED,Field_2,0,TERMINATED,Charger_1,0,TERMINATED,Charger_1,0,TERMINATED,Field_1,0,TERMINATED,Charger_1,0,TERMINATED,Field_1,0,TERMINATED,Field_2,0,TERMINATED,Field_2,0,TERMINATED,Field_3,255,0.12,0,4,319,0.27,0,6,192,0.09,0,3
298,768,0,0,0,0,0,12,0,TERMINATED,Field_2,0,TERMINATED,Field_2,0,TERMINATED,Field_3,0,TERMINATED,Field_2,0,TERMINATED,Charger_1,0,TERMINATED,Charger_1,0,TERMINATED,Field_1,0,TERMINATED,Charger_1,0,TERMINATED,Field_1,0,TERMINATED,Field_2,0,TERMINATED,Field_2,0,TERMINATED,Field_3,255,0.12,0,4,321,0.27,0,6,192,0.07,0,3
299,769,0,0,0,0,0,12,0,TERMINATED,Field_2,0,TERMINATED,Field_2,0,TERMINATED,Field_3,0,TERMINATED,Field_2,0,TERMINATED,Charger_1,0,TERMINATED,Charger_1,0,TERMINATED,Field_1,0,TERMINATED,Charger_1,0,TERMINATED,Field_1,0,TERMINATED,Field_2,0,TERMINATED,Field_2,0,TERMINATED,Field_3,255,0.15,0,4,322,0.26,0,6,192,0.07,0,3
300,770,0,0,0,0,0,12,0,TERMINATED,Field_2,0,TERMINATED,Field_2,0,TERMINATED,Field_3,0,TERMINATED,Field_2,0,TERMINATED,Charger_1,0,TERMINATED,Charger_1,0,TERMINATED,Field_1,0,TERMINATED,Charger_1,0,TERMINATED,Field_1,0,TERMINATED,Field_2,0,TERMINATED,Field_2,0,TERMINATED,Field_3,255,0.16,0,4,323,0.26,0,6,192,0.08,0,3
