step,damage,IDLE,CHARGING,PROTECTING,MOVING_TO_CHARGER,MOVING_TO_FIELD,TERMINATED,Drone_1_battery,Drone_1_state,Drone_1_target,Drone_2_battery,Drone_2_state,Drone_2_target,Drone_3_battery,Drone_3_state,Drone_3_target,Drone_4_battery,Drone_4_state,Drone_4_target,Drone_5_battery,Drone_5_state,Drone_5_target,Drone_6_battery,Drone_6_state,Drone_6_target,Drone_7_battery,Drone_7_state,Drone_7_target,Drone_8_battery,Drone_8_state,Drone_8_target,Drone_9_battery,Drone_9_state,Drone_9_target,Drone_10_battery,Drone_10_state,Drone_10_target,Drone_11_battery,Drone_11_state,Drone_11_target,Drone_12_battery,Drone_12_state,Drone_12_target,Field_1_damage,Field_1_threat_level,Field_1_protecting_drones,Field_2_damage,Field_2_threat_level,Field_2_protecting_drones,Field_3_damage,Field_3_threat_level,Field_3_protecting_drones
1,0,1,0,0,3,8,0,1,IDLE,,0.99,MOVING_TO_FIELD,Field_3,0.99,MOVING_TO_FIELD,Field_3,0.99,MOVING_TO_FIELD,Field_1,0.99,MOVING_TO_FIELD,Field_1,0.99,MOVING_TO_CHARGER,Charger_1,0.99,MOVING_TO_FIELD,Field_3,0.99,MOVING_TO_CHARGER,Charger_1,0.99,MOVING_TO_FIELD,Field_2,0.99,MOVING_TO_FIELD,Field_1,0.99,MOVING_TO_CHARGER,Charger_1,0.99,MOVING_TO_FIELD,Field_2,0,0.10,0,0,0.15,0,0,0.11,0
2,0,2,0,0,1,9,0,1,IDLE,,0.98,MOVING_TO_FIELD,Field_1,0.98,MOVING_TO_FIELD,Field_3,0.98,MOVING_TO_FIELD,Field_3,0.99,IDLE,,0.98,MOVING_TO_FIELD,Field_1,0.98,MOVING_TO_FIELD,Field_3,0.98,MOVING_TO_FIELD,Field_1,0.98,MOVING_TO_FIELD,Field_2,0.98,MOVING_TO_FIELD,Field_1,0.98,MOVING_TO_CHARGER,Charger_1,0.98,MOVING_TO_FIELD,Field_3,0,0.10,0,0,0.14,0,0,0.11,0
3,0,1,1,0,1,9,0,1,IDLE,,0.97,MOVING_TO_FIELD,Field_1,0.97,MOVING_TO_CHARGER,Charger_1,0.97,MOVING_TO_FIELD,Field_1,0.98,MOVING_TO_FIELD,Field_3,0.97,MOVING_TO_FIELD,Field_1,0.97,MOVING_TO_FIELD,Field_3,0.97,MOVING_TO_FIELD,Field_3,0.97,MOVING_TO_FIELD,Field_2,0.97,MOVING_TO_FIELD,Field_3,0.98,CHARGING,Charger_1,0.97,MOVING_TO_FIELD,Field_2,0,0.10,0,0,0.15,0,0,0.12,0
4,0,2,0,0,0,10,0,1,IDLE,,0.96,MOVING_TO_FIELD,Field_1,0.96,MOVING_TO_FIELD,Field_1,0.96,MOVING_TO_FIELD,Field_1,0.98,IDLE,,0.96,MOVING_TO_FIELD,Field_1,0.96,MOVING_TO_FIELD,Field_3,0.96,MOVING_TO_FIELD,Field_2,0.96,MOVING_TO_FIELD,Field_2,0.96,MOVING_TO_FIELD,Field_1,0.97,MOVING_TO_FIELD,Field_1,0.96,MOVING_TO_FIELD,Field_2,0,0.10,0,0,0.13,0,0,0.13,0
5,0,2,0,0,2,8,0,1,IDLE,,0.95,MOVING_TO_FIELD,Field_1,0.95,MOVING_TO_FIELD,Field_3,0.96,IDLE,,0.97,MOVING_TO_FIELD,Field_3,0.95,MOVING_TO_FIELD,Field_1,0.95,MOVING_TO_FIELD,Field_3,0.95,MOVING_TO_FIELD,Field_3,0.95,MOVING_TO_FIELD,Field_2,0.95,MOVING_TO_FIELD,Field_1,0.96,MOVING_TO_CHARGER,Charger_1,0.95,MOVING_TO_CHARGER,Charger_1,0,0.10,0,0,0.12,0,0,0.13,0
6,0,0,1,1,0,10,0,0.99,MOVING_TO_FIELD,Field_1,0.94,MOVING_TO_FIELD,Field_1,0.94,PROTECTING,Field_1,0.95,MOVING_TO_FIELD,Field_1,0.96,MOVING_TO_FIELD,Field_3,0.94,MOVING_TO_FIELD,Field_1,0.94,MOVING_TO_FIELD,Field_3,0.94,MOVING_TO_FIELD,Field_1,0.94,MOVING_TO_FIELD,Field_2,0.94,MOVING_TO_FIELD,Field_1,0.96,CHARGING,Charger_1,0.94,MOVING_TO_FIELD,Field_2,0,0.09,1,0,0.12,0,0,0.14,0
7,0,3,0,0,2,7,0,0.99,IDLE,,0.93,MOVING_TO_CHARGER,Charger_1,0.93,MOVING_TO_FIELD,Field_2,0.95,IDLE,,0.95,MOVING_TO_FIELD,Field_2,0.93,MOVING_TO_FIELD,Field_3,0.93,MOVING_TO_FIELD,Field_3,0.93,MOVING_TO_FIELD,Field_2,0.93,MOVING_TO_CHARGER,Charger_1,0.94,IDLE,,0.95,MOVING_TO_FIELD,Field_1,0.93,MOVING_TO_FIELD,Field_3,0,0.08,0,0,0.10,0,0,0.15,0
8,0,2,0,1,2,7,0,0.99,IDLE,,0.92,MOVING_TO_FIELD,Field_1,0.92,MOVING_TO_FIELD,Field_2,0.94,MOVING_TO_FIELD,Field_1,0.95,IDLE,,0.92,MOVING_TO_FIELD,Field_1,0.92,MOVING_TO_FIELD,Field_3,0.92,MOVING_TO_FIELD,Field_1,0.92,MOVING_TO_FIELD,Field_2,0.93,PROTECTING,Field_1,0.94,MOVING_TO_CHARGER,Charger_1,0.92,MOVING_TO_CHARGER,Charger_1,0,0.10,1,0,0.10,0,0,0.14,0
9,1,2,1,0,0,9,0,0.99,IDLE,,0.91,MOVING_TO_FIELD,Field_1,0.91,MOVING_TO_FIELD,Field_3,0.93,MOVING_TO_FIELD,Field_1,0.94,MOVING_TO_FIELD,Field_3,0.91,MOVING_TO_FIELD,Field_3,0.91,MOVING_TO_FIELD,Field_3,0.91,MOVING_TO_FIELD,Field_1,0.91,MOVING_TO_FIELD,Field_2,0.93,IDLE,,0.94,CHARGING,Charger_1,0.91,MOVING_TO_FIELD,Field_2,1,0.09,0,0,0.10,0,0,0.14,0
10,1,1,1,0,0,10,0,0.98,MOVING_TO_FIELD,Field_1,0.90,MOVING_TO_FIELD,Field_1,0.90,MOVING_TO_FIELD,Field_1,0.92,MOVING_TO_FIELD,Field_2,0.94,IDLE,,0.90,MOVING_TO_FIELD,Field_3,0.90,MOVING_TO_FIELD,Field_3,0.90,MOVING_TO_FIELD,Field_2,0.90,MOVING_TO_FIELD,Field_3,0.92,MOVING_TO_FIELD,Field_3,0.95,CHARGING,Charger_1,0.90,MOVING_TO_FIELD,Field_2,1,0.10,0,0,0.11,0,0,0.13,0
11,2,1,0,2,0,9,0,0.98,IDLE,,0.89,MOVING_TO_FIELD,Field_1,0.89,MOVING_TO_FIELD,Field_2,0.91,PROTECTING,Field_1,0.93,MOVING_TO_FIELD,Field_2,0.89,PROTECTING,Field_3,0.89,MOVING_TO_FIELD,Field_3,0.89,MOVING_TO_FIELD,Field_2,0.89,MOVING_TO_FIELD,Field_2,0.91,MOVING_TO_FIELD,Field_1,0.94,MOVING_TO_FIELD,Field_2,0.89,MOVING_TO_FIELD,Field_3,1,0.10,1,0,0.12,0,1,0.10,1
12,2,0,0,3,2,7,0,0.97,MOVING_TO_FIELD,Field_1,0.88,MOVING_TO_FIELD,Field_1,0.88,MOVING_TO_FIELD,Field_2,0.90,PROTECTING,Field_1,0.92,MOVING_TO_CHARGER,Charger_1,0.88,PROTECTING,Field_3,0.88,MOVING_TO_FIELD,Field_3,0.88,MOVING_TO_FIELD,Field_1,0.88,PROTECTING,Field_2,0.90,MOVING_TO_FIELD,Field_3,0.93,MOVING_TO_FIELD,Field_2,0.88,MOVING_TO_CHARGER,Charger_1,1,0.11,1,0,0.09,1,1,0.10,1
13,2,0,0,1,1,10,0,0.96,MOVING_TO_FIELD,Field_1,0.87,MOVING_TO_FIELD,Field_1,0.87,MOVING_TO_FIELD,Field_1,0.89,MOVING_TO_FIELD,Field_2,0.91,MOVING_TO_FIELD,Field_3,0.87,MOVING_TO_FIELD,Field_1,0.87,MOVING_TO_FIELD,Field_3,0.87,MOVING_TO_FIELD,Field_1,0.87,PROTECTING,Field_2,0.89,MOVING_TO_FIELD,Field_1,0.92,MOVING_TO_FIELD,Field_2,0.87,MOVING_TO_CHARGER,Charger_1,1,0.12,0,0,0.10,1,1,0.10,0
14,2,1,0,2,0,9,0,0.96,IDLE,,0.86,MOVING_TO_FIELD,Field_1,0.86,MOVING_TO_FIELD,Field_2,0.88,MOVING_TO_FIELD,Field_2,0.90,MOVING_TO_FIELD,Field_2,0.86,MOVING_TO_FIELD,Field_1,0.86,MOVING_TO_FIELD,Field_3,0.86,MOVING_TO_FIELD,Field_1,0.87,PROTECTING,Field_2,0.88,PROTECTING,Field_1,0.91,MOVING_TO_FIELD,Field_1,0.86,MOVING_TO_FIELD,Field_1,1,0.12,1,0,0.10,1,1,0.10,0
15,2,1,0,2,1,8,0,0.96,IDLE,,0.85,MOVING_TO_FIELD,Field_1,0.85,MOVING_TO_FIELD,Field_2,0.87,MOVING_TO_FIELD,Field_1,0.89,MOVING_TO_CHARGER,Charger_1,0.85,MOVING_TO_FIELD,Field_3,0.85,MOVING_TO_FIELD,Field_3,0.85,MOVING_TO_FIELD,Field_2,0.86,PROTECTING,Field_2,0.87,PROTECTING,Field_1,0.90,MOVING_TO_FIELD,Field_2,0.85,MOVING_TO_FIELD,Field_3,1,0.13,1,0,0.10,1,1,0.06,0
16,3,1,0,2,1,8,0,0.96,IDLE,,0.84,MOVING_TO_FIELD,Field_3,0.84,MOVING_TO_FIELD,Field_2,0.86,MOVING_TO_FIELD,Field_2,0.88,MOVING_TO_FIELD,Field_1,0.84,MOVING_TO_FIELD,Field_3,0.84,MOVING_TO_FIELD,Field_3,0.84,MOVING_TO_FIELD,Field_1,0.85,PROTECTING,Field_2,0.87,PROTECTING,Field_1,0.89,MOVING_TO_FIELD,Field_2,0.84,MOVING_TO_CHARGER,Charger_1,1,0.12,1,1,0.11,1,1,0.06,0
17,4,2,0,3,0,7,0,0.96,IDLE,,0.83,MOVING_TO_FIELD,Field_1,0.83,MOVING_TO_FIELD,Field_2,0.85,MOVING_TO_FIELD,Field_2,0.88,IDLE,,0.83,PROTECTING,Field_3,0.83,PROTECTING,Field_3,0.83,MOVING_TO_FIELD,Field_2,0.84,PROTECTING,Field_2,0.86,MOVING_TO_FIELD,Field_3,0.88,MOVING_TO_FIELD,Field_2,0.83,MOVING_TO_FIELD,Field_2,2,0.11,0,1,0.10,1,1,0.09,2
18,4,2,0,2,1,7,0,0.96,IDLE,,0.82,MOVING_TO_FIELD,Field_3,0.82,MOVING_TO_FIELD,Field_3,0.84,MOVING_TO_FIELD,Field_1,0.87,MOVING_TO_FIELD,Field_3,0.83,PROTECTING,Field_3,0.83,IDLE,,0.82,MOVING_TO_CHARGER,Charger_1,0.84,PROTECTING,Field_2,0.85,MOVING_TO_FIELD,Field_3,0.87,MOVING_TO_FIELD,Field_2,0.82,MOVING_TO_FIELD,Field_3,2,0.12,0,1,0.10,1,1,0.10,1
19,6,2,0,3,1,6,0,0.96,IDLE,,0.81,MOVING_TO_FIELD,Field_2,0.81,MOVING_TO_FIELD,Field_2,0.83,MOVING_TO_FIELD,Field_2,0.86,MOVING_TO_CHARGER,Charger_1,0.82,PROTECTING,Field_3,0.82,PROTECTING,Field_3,0.81,MOVING_TO_FIELD,Field_2,0.83,PROTECTING,Field_2,0.84,MOVING_TO_FIELD,Field_3,0.87,IDLE,,0.81,MOVING_TO_FIELD,Field_1,4,0.12,0,1,0.11,1,1,0.09,2
20,7,1,0,3,0,8,0,0.96,IDLE,,0.80,MOVING_TO_FIELD,Field_3,0.80,MOVING_TO_FIELD,Field_3,0.82,MOVING_TO_FIELD,Field_1,0.85,MOVING_TO_FIELD,Field_3,0.81,PROTECTING,Field_3,0.81,PROTECTING,Field_3,0.80,MOVING_TO_FIELD,Field_2,0.82,PROTECTING,Field_2,0.83,MOVING_TO_FIELD,Field_3,0.86,MOVING_TO_FIELD,Field_3,0.80,MOVING_TO_FIELD,Field_3,5,0.12,0,1,0.11,1,1,0.09,2
21,8,2,0,3,0,7,0,0.96,IDLE,,0.79,MOVING_TO_FIELD,Field_1,0.79,MOVING_TO_FIELD,Field_3,0.81,MOVING_TO_FIELD,Field_1,0.85,IDLE,,0.80,PROTECTING,Field_3,0.81,PROTECTING,Field_3,0.79,MOVING_TO_FIELD,Field_2,0.82,PROTECTING,Field_2,0.82,MOVING_TO_FIELD,Field_3,0.85,MOVING_TO_FIELD,Field_2,0.79,MOVING_TO_FIELD,Field_2,5,0.13,0,2,0.13,1,1,0.09,2
22,12,1,0,3,0,8,0,0.96,IDLE,,0.78,MOVING_TO_FIELD,Field_1,0.78,MOVING_TO_FIELD,Field_3,0.80,MOVING_TO_FIELD,Field_1,0.84,MOVING_TO_FIELD,Field_3,0.80,PROTECTING,Field_3,0.80,PROTECTING,Field_3,0.78,MOVING_TO_FIELD,Field_2,0.81,PROTECTING,Field_2,0.81,MOVING_TO_FIELD,Field_3,0.84,MOVING_TO_FIELD,Field_3,0.78,MOVING_TO_FIELD,Field_3,8,0.13,0,2,0.14,1,2,0.08,2
23,12,2,0,3,0,7,0,0.96,IDLE,,0.77,MOVING_TO_FIELD,Field_1,0.77,MOVING_TO_FIELD,Field_3,0.79,MOVING_TO_FIELD,Field_1,0.84,IDLE,,0.79,PROTECTING,Field_3,0.79,PROTECTING,Field_3,0.77,MOVING_TO_FIELD,Field_2,0.80,PROTECTING,Field_2,0.80,MOVING_TO_FIELD,Field_3,0.83,MOVING_TO_FIELD,Field_2,0.77,MOVING_TO_FIELD,Field_3,8,0.12,0,2,0.16,1,2,0.07,2
24,12,1,0,4,0,7,0,0.96,IDLE,,0.76,MOVING_TO_FIELD,Field_1,0.76,MOVING_TO_FIELD,Field_3,0.78,PROTECTING,Field_1,0.83,MOVING_TO_FIELD,Field_3,0.78,PROTECTING,Field_3,0.78,PROTECTING,Field_3,0.76,MOVING_TO_FIELD,Field_2,0.80,PROTECTING,Field_2,0.79,MOVING_TO_FIELD,Field_3,0.82,MOVING_TO_FIELD,Field_2,0.76,MOVING_TO_FIELD,Field_3,8,0.12,1,2,0.16,1,2,0.07,2
25,13,1,0,2,2,7,0,0.95,MOVING_TO_CHARGER,Charger_1,0.75,MOVING_TO_CHARGER,Charger_1,0.75,MOVING_TO_FIELD,Field_2,0.77,MOVING_TO_FIELD,Field_2,0.83,IDLE,,0.78,PROTECTING,Field_3,0.78,PROTECTING,Field_3,0.75,MOVING_TO_FIELD,Field_2,0.79,MOVING_TO_FIELD,Field_3,0.78,MOVING_TO_FIELD,Field_3,0.81,MOVING_TO_FIELD,Field_2,0.75,MOVING_TO_FIELD,Field_3,8,0.12,0,3,0.17,0,2,0.08,2
26,15,3,0,3,1,5,0,0.95,IDLE,,0.74,MOVING_TO_FIELD,Field_3,0.74,MOVING_TO_FIELD,Field_2,0.77,IDLE,,0.83,IDLE,,0.77,MOVING_TO_FIELD,Field_1,0.77,PROTECTING,Field_3,0.74,MOVING_TO_FIELD,Field_2,0.78,PROTECTING,Field_2,0.77,MOVING_TO_FIELD,Field_1,0.80,PROTECTING,Field_2,0.74,MOVING_TO_CHARGER,Charger_1,9,0.12,0,4,0.18,2,2,0.09,1
27,17,1,0,4,0,7,0,0.95,IDLE,,0.73,MOVING_TO_FIELD,Field_3,0.73,MOVING_TO_FIELD,Field_1,0.76,PROTECTING,Field_1,0.82,MOVING_TO_FIELD,Field_3,0.76,MOVING_TO_FIELD,Field_3,0.76,PROTECTING,Field_3,0.73,MOVING_TO_FIELD,Field_2,0.77,PROTECTING,Field_2,0.76,MOVING_TO_FIELD,Field_1,0.79,PROTECTING,Field_2,0.73,MOVING_TO_FIELD,Field_3,10,0.13,1,5,0.20,2,2,0.10,1
28,21,3,0,2,1,6,0,0.95,IDLE,,0.72,MOVING_TO_FIELD,Field_1,0.72,MOVING_TO_FIELD,Field_2,0.76,IDLE,,0.82,IDLE,,0.75,PROTECTING,Field_3,0.76,PROTECTING,Field_3,0.72,MOVING_TO_FIELD,Field_2,0.76,MOVING_TO_CHARGER,Charger_1,0.75,MOVING_TO_FIELD,Field_3,0.78,MOVING_TO_FIELD,Field_3,0.72,MOVING_TO_FIELD,Field_3,13,0.17,0,5,0.21,0,3,0.11,2
29,24,1,0,6,1,4,0,0.95,IDLE,,0.71,MOVING_TO_FIELD,Field_1,0.71,MOVING_TO_FIELD,Field_3,0.75,PROTECTING,Field_1,0.81,PROTECTING,Field_3,0.74,PROTECTING,Field_3,0.75,PROTECTING,Field_3,0.71,PROTECTING,Field_2,0.75,MOVING_TO_FIELD,Field_1,0.74,MOVING_TO_FIELD,Field_3,0.77,PROTECTING,Field_2,0.71,MOVING_TO_CHARGER,Charger_1,15,0.18,1,6,0.22,2,3,0.11,3
30,26,3,0,5,0,4,0,0.95,IDLE,,0.71,IDLE,,0.70,MOVING_TO_FIELD,Field_1,0.75,PROTECTING,Field_1,0.80,PROTECTING,Field_3,0.73,PROTECTING,Field_3,0.74,MOVING_TO_FIELD,Field_2,0.70,PROTECTING,Field_2,0.74,MOVING_TO_FIELD,Field_1,0.73,MOVING_TO_FIELD,Field_3,0.77,PROTECTING,Field_2,0.71,IDLE,,15,0.21,1,8,0.23,2,3,0.10,2
31,29,2,0,1,2,7,0,0.95,IDLE,,0.70,MOVING_TO_FIELD,Field_3,0.69,MOVING_TO_FIELD,Field_1,0.74,MOVING_TO_FIELD,Field_2,0.79,MOVING_TO_CHARGER,Charger_1,0.72,MOVING_TO_FIELD,Field_2,0.73,MOVING_TO_FIELD,Field_3,0.69,MOVING_TO_CHARGER,Charger_1,0.73,MOVING_TO_FIELD,Field_1,0.72,MOVING_TO_FIELD,Field_3,0.76,PROTECTING,Field_2,0.71,IDLE,,16,0.22,0,10,0.23,1,3,0.12,0
32,34,2,0,3,0,7,0,0.95,IDLE,,0.69,MOVING_TO_FIELD,Field_3,0.68,MOVING_TO_FIELD,Field_1,0.73,PROTECTING,Field_1,0.78,PROTECTING,Field_3,0.71,MOVING_TO_FIELD,Field_3,0.72,MOVING_TO_FIELD,Field_3,0.68,MOVING_TO_FIELD,Field_1,0.72,MOVING_TO_FIELD,Field_2,0.71,MOVING_TO_FIELD,Field_2,0.75,PROTECTING,Field_2,0.71,IDLE,,16,0.24,1,13,0.23,1,5,0.14,1
33,35,2,0,3,0,7,0,0.95,IDLE,,0.68,MOVING_TO_FIELD,Field_3,0.67,MOVING_TO_FIELD,Field_1,0.72,MOVING_TO_FIELD,Field_2,0.78,PROTECTING,Field_3,0.70,PROTECTING,Field_3,0.71,MOVING_TO_FIELD,Field_3,0.67,MOVING_TO_FIELD,Field_3,0.71,MOVING_TO_FIELD,Field_1,0.70,MOVING_TO_FIELD,Field_3,0.74,PROTECTING,Field_2,0.71,IDLE,,17,0.26,0,13,0.22,1,5,0.15,2
34,40,2,0,2,2,6,0,0.95,IDLE,,0.67,MOVING_TO_FIELD,Field_3,0.66,MOVING_TO_FIELD,Field_1,0.71,PROTECTING,Field_1,0.77,PROTECTING,Field_3,0.69,MOVING_TO_FIELD,Field_2,0.70,MOVING_TO_CHARGER,Charger_1,0.66,MOVING_TO_CHARGER,Charger_1,0.70,MOVING_TO_FIELD,Field_2,0.69,MOVING_TO_FIELD,Field_3,0.74,IDLE,,0.70,MOVING_TO_FIELD,Field_2,19,0.28,1,15,0.23,0,6,0.16,1
35,40,1,0,2,0,9,0,0.95,IDLE,,0.66,MOVING_TO_FIELD,Field_3,0.65,MOVING_TO_FIELD,Field_3,0.70,MOVING_TO_FIELD,Field_2,0.76,PROTECTING,Field_3,0.68,MOVING_TO_FIELD,Field_3,0.69,PROTECTING,Field_3,0.65,MOVING_TO_FIELD,Field_3,0.69,MOVING_TO_FIELD,Field_2,0.68,MOVING_TO_FIELD,Field_3,0.73,MOVING_TO_FIELD,Field_3,0.69,MOVING_TO_FIELD,Field_3,19,0.29,0,15,0.23,0,6,0.17,2
36,44,4,0,3,0,5,0,0.95,IDLE,,0.65,MOVING_TO_FIELD,Field_1,0.64,MOVING_TO_FIELD,Field_3,0.69,PROTECTING,Field_1,0.75,PROTECTING,Field_3,0.67,PROTECTING,Field_3,0.69,IDLE,,0.64,MOVING_TO_FIELD,Field_1,0.69,IDLE,,0.68,IDLE,,0.72,MOVING_TO_FIELD,Field_1,0.68,MOVING_TO_FIELD,Field_3,19,0.29,1,17,0.24,0,8,0.21,2
37,46,2,0,2,0,8,0,0.95,IDLE,,0.64,MOVING_TO_FIELD,Field_1,0.63,MOVING_TO_FIELD,Field_3,0.68,MOVING_TO_FIELD,Field_3,0.75,IDLE,,0.66,MOVING_TO_FIELD,Field_1,0.68,PROTECTING,Field_3,0.63,MOVING_TO_FIELD,Field_2,0.68,MOVING_TO_FIELD,Field_2,0.67,MOVING_TO_FIELD,Field_3,0.71,MOVING_TO_FIELD,Field_2,0.67,PROTECTING,Field_3,21,0.29,0,17,0.25,0,8,0.21,2
38,47,1,0,3,1,7,0,0.95,IDLE,,0.63,MOVING_TO_FIELD,Field_1,0.62,MOVING_TO_CHARGER,Charger_1,0.67,MOVING_TO_FIELD,Field_2,0.74,PROTECTING,Field_3,0.65,MOVING_TO_FIELD,Field_3,0.67,MOVING_TO_FIELD,Field_2,0.62,MOVING_TO_FIELD,Field_3,0.67,MOVING_TO_FIELD,Field_2,0.66,MOVING_TO_FIELD,Field_3,0.70,PROTECTING,Field_2,0.66,PROTECTING,Field_3,22,0.30,0,17,0.26,1,8,0.18,2
39,51,2,0,1,0,9,0,0.95,IDLE,,0.62,MOVING_TO_FIELD,Field_3,0.61,MOVING_TO_FIELD,Field_1,0.66,MOVING_TO_FIELD,Field_1,0.73,MOVING_TO_FIELD,Field_1,0.64,MOVING_TO_FIELD,Field_1,0.66,MOVING_TO_FIELD,Field_3,0.61,MOVING_TO_FIELD,Field_3,0.66,PROTECTING,Field_2,0.66,IDLE,,0.69,MOVING_TO_FIELD,Field_3,0.65,MOVING_TO_FIELD,Field_1,25,0.33,0,18,0.26,1,8,0.18,0
40,58,3,0,4,0,5,0,0.95,IDLE,,0.61,MOVING_TO_FIELD,Field_1,0.60,MOVING_TO_FIELD,Field_1,0.65,PROTECTING,Field_1,0.73,IDLE,,0.63,MOVING_TO_FIELD,Field_1,0.66,IDLE,,0.60,MOVING_TO_FIELD,Field_2,0.65,PROTECTING,Field_2,0.65,MOVING_TO_FIELD,Field_3,0.68,PROTECTING,Field_2,0.64,PROTECTING,Field_3,28,0.34,1,20,0.26,2,10,0.18,1
41,63,1,0,4,0,7,0,0.95,IDLE,,0.60,MOVING_TO_FIELD,Field_1,0.59,MOVING_TO_FIELD,Field_2,0.64,MOVING_TO_FIELD,Field_2,0.72,MOVING_TO_FIELD,Field_3,0.62,MOVING_TO_FIELD,Field_3,0.65,PROTECTING,Field_3,0.59,MOVING_TO_FIELD,Field_2,0.64,PROTECTING,Field_2,0.64,MOVING_TO_FIELD,Field_3,0.68,PROTECTING,Field_2,0.64,PROTECTING,Field_3,28,0.34,0,23,0.27,2,12,0.20,2
42,66,2,0,3,0,7,0,0.95,IDLE,,0.59,MOVING_TO_FIELD,Field_1,0.58,MOVING_TO_FIELD,Field_2,0.63,MOVING_TO_FIELD,Field_3,0.72,IDLE,,0.61,MOVING_TO_FIELD,Field_3,0.64,MOVING_TO_FIELD,Field_2,0.58,MOVING_TO_FIELD,Field_3,0.64,PROTECTING,Field_2,0.63,PROTECTING,Field_3,0.67,MOVING_TO_FIELD,Field_1,0.63,PROTECTING,Field_3,29,0.35,0,24,0.28,1,13,0.20,2
43,68,1,0,6,0,5,0,0.95,IDLE,,0.58,MOVING_TO_FIELD,Field_1,0.57,MOVING_TO_FIELD,Field_2,0.62,MOVING_TO_FIELD,Field_2,0.71,PROTECTING,Field_3,0.60,PROTECTING,Field_3,0.63,MOVING_TO_FIELD,Field_3,0.57,MOVING_TO_FIELD,Field_2,0.63,PROTECTING,Field_2,0.62,PROTECTING,Field_3,0.66,PROTECTING,Field_2,0.62,PROTECTING,Field_3,31,0.36,0,24,0.29,2,13,0.21,4
44,71,0,0,2,2,8,0,0.94,MOVING_TO_FIELD,Field_2,0.57,MOVING_TO_CHARGER,Charger_1,0.56,MOVING_TO_FIELD,Field_2,0.61,MOVING_TO_FIELD,Field_2,0.70,MOVING_TO_CHARGER,Charger_1,0.59,MOVING_TO_FIELD,Field_2,0.62,MOVING_TO_FIELD,Field_2,0.56,MOVING_TO_FIELD,Field_2,0.62,MOVING_TO_FIELD,Field_1,0.61,PROTECTING,Field_3,0.65,MOVING_TO_FIELD,Field_1,0.61,PROTECTING,Field_3,32,0.35,0,25,0.29,0,14,0.22,2
45,76,2,0,0,1,9,0,0.93,MOVING_TO_FIELD,Field_3,0.56,MOVING_TO_CHARGER,Charger_1,0.55,MOVING_TO_FIELD,Field_2,0.60,MOVING_TO_FIELD,Field_2,0.69,MOVING_TO_FIELD,Field_2,0.59,IDLE,,0.61,MOVING_TO_FIELD,Field_2,0.55,MOVING_TO_FIELD,Field_2,0.61,MOVING_TO_FIELD,Field_2,0.61,IDLE,,0.64,MOVING_TO_FIELD,Field_1,0.60,MOVING_TO_FIELD,Field_1,33,0.35,0,27,0.29,0,16,0.21,0
46,82,4,0,0,2,6,0,0.93,IDLE,,0.55,MOVING_TO_CHARGER,Charger_1,0.54,MOVING_TO_FIELD,Field_2,0.59,MOVING_TO_FIELD,Field_2,0.69,IDLE,,0.58,MOVING_TO_FIELD,Field_1,0.60,MOVING_TO_FIELD,Field_3,0.55,IDLE,,0.60,MOVING_TO_CHARGER,Charger_1,0.61,IDLE,,0.63,MOVING_TO_FIELD,Field_3,0.59,MOVING_TO_FIELD,Field_1,35,0.35,0,29,0.30,0,18,0.21,0
47,89,0,0,0,2,10,0,0.92,MOVING_TO_CHARGER,Charger_1,0.54,MOVING_TO_FIELD,Field_3,0.53,MOVING_TO_CHARGER,Charger_1,0.58,MOVING_TO_FIELD,Field_2,0.68,MOVING_TO_FIELD,Field_1,0.57,MOVING_TO_FIELD,Field_1,0.59,MOVING_TO_FIELD,Field_3,0.54,MOVING_TO_FIELD,Field_3,0.59,MOVING_TO_FIELD,Field_2,0.60,MOVING_TO_FIELD,Field_1,0.62,MOVING_TO_FIELD,Field_1,0.58,MOVING_TO_FIELD,Field_2,40,0.35,0,30,0.30,0,19,0.20,0
48,95,1,0,2,2,7,0,0.92,IDLE,,0.53,MOVING_TO_CHARGER,Charger_1,0.52,MOVING_TO_FIELD,Field_1,0.57,MOVING_TO_FIELD,Field_3,0.67,MOVING_TO_FIELD,Field_3,0.56,MOVING_TO_CHARGER,Charger_1,0.58,PROTECTING,Field_3,0.53,MOVING_TO_FIELD,Field_2,0.58,PROTECTING,Field_2,0.59,MOVING_TO_FIELD,Field_1,0.61,MOVING_TO_FIELD,Field_1,0.57,MOVING_TO_FIELD,Field_2,42,0.35,0,31,0.30,1,22,0.21,1
49,98,1,0,1,2,8,0,0.91,MOVING_TO_CHARGER,Charger_1,0.52,MOVING_TO_CHARGER,Charger_1,0.51,MOVING_TO_FIELD,Field_2,0.56,MOVING_TO_FIELD,Field_1,0.66,MOVING_TO_FIELD,Field_3,0.55,MOVING_TO_FIELD,Field_3,0.58,IDLE,,0.52,MOVING_TO_FIELD,Field_3,0.57,PROTECTING,Field_2,0.58,MOVING_TO_FIELD,Field_3,0.60,MOVING_TO_FIELD,Field_1,0.56,MOVING_TO_FIELD,Field_1,44,0.34,0,31,0.30,1,23,0.21,0
50,101,2,0,2,1,7,0,0.91,IDLE,,0.51,MOVING_TO_CHARGER,Charger_1,0.50,MOVING_TO_FIELD,Field_2,0.55,MOVING_TO_FIELD,Field_2,0.66,IDLE,,0.54,MOVING_TO_FIELD,Field_3,0.57,PROTECTING,Field_3,0.51,MOVING_TO_FIELD,Field_2,0.57,PROTECTING,Field_2,0.57,MOVING_TO_FIELD,Field_1,0.59,MOVING_TO_FIELD,Field_1,0.55,MOVING_TO_FIELD,Field_1,45,0.34,0,32,0.30,1,24,0.21,1
51,109,2,0,1,4,5,0,0.90,MOVING_TO_FIELD,Field_2,0.50,MOVING_TO_CHARGER,Charger_1,0.49,MOVING_TO_CHARGER,Charger_1,0.54,MOVING_TO_FIELD,Field_2,0.65,MOVING_TO_CHARGER,Charger_1,0.53,MOVING_TO_CHARGER,Charger_1,0.57,IDLE,,0.50,MOVING_TO_FIELD,Field_3,0.56,PROTECTING,Field_2,0.57,IDLE,,0.58,MOVING_TO_FIELD,Field_1,0.54,MOVING_TO_FIELD,Field_1,46,0.34,0,38,0.29,1,25,0.21,0
52,116,2,0,1,3,6,0,0.89,MOVING_TO_CHARGER,Charger_1,0.49,MOVING_TO_FIELD,Field_3,0.48,MOVING_TO_FIELD,Field_1,0.54,IDLE,,0.64,MOVING_TO_FIELD,Field_2,0.52,MOVING_TO_CHARGER,Charger_1,0.57,IDLE,,0.49,MOVING_TO_FIELD,Field_2,0.55,PROTECTING,Field_2,0.56,MOVING_TO_FIELD,Field_1,0.57,MOVING_TO_FIELD,Field_1,0.53,MOVING_TO_CHARGER,Charger_1,50,0.34,0,39,0.28,1,27,0.21,0
53,123,1,0,3,0,8,0,0.89,IDLE,,0.48,MOVING_TO_FIELD,Field_1,0.47,MOVING_TO_FIELD,Field_1,0.53,MOVING_TO_FIELD,Field_1,0.63,MOVING_TO_FIELD,Field_2,0.51,MOVING_TO_FIELD,Field_1,0.56,PROTECTING,Field_3,0.48,PROTECTING,Field_2,0.55,PROTECTING,Field_2,0.55,MOVING_TO_FIELD,Field_1,0.56,MOVING_TO_FIELD,Field_2,0.52,MOVING_TO_FIELD,Field_2,53,0.32,0,40,0.28,2,30,0.22,1
54,132,2,0,2,4,4,0,0.89,IDLE,,0.47,MOVING_TO_CHARGER,Charger_1,0.46,MOVING_TO_CHARGER,Charger_1,0.52,MOVING_TO_CHARGER,Charger_1,0.62,MOVING_TO_CHARGER,Charger_1,0.50,MOVING_TO_FIELD,Field_3,0.56,IDLE,,0.48,PROTECTING,Field_2,0.54,PROTECTING,Field_2,0.54,MOVING_TO_FIELD,Field_3,0.55,MOVING_TO_FIELD,Field_1,0.51,MOVING_TO_FIELD,Field_3,56,0.31,0,42,0.29,2,34,0.23,0
55,135,1,0,1,3,7,0,0.88,MOVING_TO_CHARGER,Charger_1,0.46,MOVING_TO_FIELD,Field_3,0.45,MOVING_TO_CHARGER,Charger_1,0.51,MOVING_TO_FIELD,Field_1,0.61,MOVING_TO_CHARGER,Charger_1,0.49,MOVING_TO_FIELD,Field_3,0.55,PROTECTING,Field_3,0.47,MOVING_TO_FIELD,Field_3,0.54,IDLE,,0.53,MOVING_TO_FIELD,Field_1,0.54,MOVING_TO_FIELD,Field_1,0.50,MOVING_TO_FIELD,Field_2,56,0.31,0,44,0.29,0,35,0.23,1
56,141,2,1,1,2,6,0,0.88,IDLE,,0.45,MOVING_TO_FIELD,Field_2,0.45,CHARGING,Charger_1,0.50,MOVING_TO_FIELD,Field_1,0.60,MOVING_TO_FIELD,Field_1,0.48,MOVING_TO_CHARGER,Charger_1,0.55,IDLE,,0.46,MOVING_TO_CHARGER,Charger_1,0.53,PROTECTING,Field_2,0.52,MOVING_TO_FIELD,Field_1,0.53,MOVING_TO_FIELD,Field_1,0.49,MOVING_TO_FIELD,Field_2,61,0.32,0,44,0.29,1,36,0.23,0
57,145,1,0,2,2,7,0,0.88,IDLE,,0.44,MOVING_TO_FIELD,Field_3,0.44,MOVING_TO_FIELD,Field_2,0.49,MOVING_TO_FIELD,Field_3,0.59,MOVING_TO_CHARGER,Charger_1,0.47,MOVING_TO_FIELD,Field_3,0.54,PROTECTING,Field_3,0.45,MOVING_TO_CHARGER,Charger_1,0.52,PROTECTING,Field_2,0.51,MOVING_TO_FIELD,Field_3,0.52,MOVING_TO_FIELD,Field_2,0.48,MOVING_TO_FIELD,Field_3,63,0.32,0,45,0.28,1,37,0.23,1
58,146,3,0,2,2,5,0,0.87,MOVING_TO_FIELD,Field_3,0.44,IDLE,,0.44,IDLE,,0.48,MOVING_TO_FIELD,Field_2,0.58,MOVING_TO_CHARGER,Charger_1,0.46,MOVING_TO_FIELD,Field_3,0.53,PROTECTING,Field_3,0.44,MOVING_TO_FIELD,Field_1,0.51,PROTECTING,Field_2,0.50,MOVING_TO_FIELD,Field_3,0.51,MOVING_TO_CHARGER,Charger_1,0.48,IDLE,,63,0.29,0,45,0.28,1,38,0.22,1
59,150,2,0,1,1,8,0,0.86,MOVING_TO_FIELD,Field_1,0.43,MOVING_TO_CHARGER,Charger_1,0.43,MOVING_TO_FIELD,Field_1,0.47,MOVING_TO_FIELD,Field_2,0.57,MOVING_TO_FIELD,Field_1,0.46,IDLE,,0.52,MOVING_TO_FIELD,Field_2,0.44,IDLE,,0.51,PROTECTING,Field_2,0.49,MOVING_TO_FIELD,Field_3,0.50,MOVING_TO_FIELD,Field_2,0.47,MOVING_TO_FIELD,Field_2,66,0.27,0,46,0.27,1,38,0.22,0
60,156,1,0,0,2,9,0,0.86,IDLE,,0.42,MOVING_TO_FIELD,Field_2,0.42,MOVING_TO_FIELD,Field_2,0.46,MOVING_TO_FIELD,Field_2,0.56,MOVING_TO_FIELD,Field_1,0.45,MOVING_TO_FIELD,Field_2,0.51,MOVING_TO_FIELD,Field_3,0.43,MOVING_TO_FIELD,Field_1,0.50,MOVING_TO_CHARGER,Charger_1,0.48,MOVING_TO_FIELD,Field_3,0.49,MOVING_TO_FIELD,Field_1,0.46,MOVING_TO_CHARGER,Charger_1,69,0.27,0,49,0.26,0,38,0.22,0
61,159,1,0,0,2,9,0,0.86,IDLE,,0.41,MOVING_TO_FIELD,Field_2,0.41,MOVING_TO_CHARGER,Charger_1,0.45,MOVING_TO_FIELD,Field_2,0.55,MOVING_TO_FIELD,Field_3,0.44,MOVING_TO_FIELD,Field_2,0.50,MOVING_TO_FIELD,Field_2,0.42,MOVING_TO_FIELD,Field_1,0.49,MOVING_TO_FIELD,Field_2,0.47,MOVING_TO_FIELD,Field_3,0.48,MOVING_TO_FIELD,Field_2,0.45,MOVING_TO_CHARGER,Charger_1,69,0.27,0,49,0.26,0,41,0.22,0
62,165,0,0,2,2,8,0,0.85,MOVING_TO_FIELD,Field_1,0.40,MOVING_TO_FIELD,Field_1,0.40,MOVING_TO_FIELD,Field_3,0.44,MOVING_TO_FIELD,Field_1,0.54,MOVING_TO_FIELD,Field_3,0.43,MOVING_TO_FIELD,Field_3,0.49,PROTECTING,Field_3,0.41,MOVING_TO_CHARGER,Charger_1,0.48,MOVING_TO_FIELD,Field_1,0.46,PROTECTING,Field_3,0.47,MOVING_TO_FIELD,Field_2,0.44,MOVING_TO_CHARGER,Charger_1,71,0.24,0,52,0.26,0,42,0.22,2
63,166,3,0,2,0,7,0,0.85,IDLE,,0.39,MOVING_TO_FIELD,Field_1,0.39,MOVING_TO_FIELD,Field_2,0.43,MOVING_TO_FIELD,Field_2,0.53,MOVING_TO_FIELD,Field_2,0.43,IDLE,,0.49,PROTECTING,Field_3,0.40,MOVING_TO_FIELD,Field_1,0.48,IDLE,,0.45,PROTECTING,Field_3,0.46,MOVING_TO_FIELD,Field_2,0.43,MOVING_TO_FIELD,Field_1,71,0.24,0,52,0.26,0,43,0.24,2
64,168,1,0,1,1,9,0,0.84,MOVING_TO_FIELD,Field_3,0.38,MOVING_TO_FIELD,Field_1,0.38,MOVING_TO_FIELD,Field_3,0.42,MOVING_TO_FIELD,Field_2,0.53,IDLE,,0.42,MOVING_TO_FIELD,Field_2,0.48,MOVING_TO_FIELD,Field_2,0.39,MOVING_TO_FIELD,Field_1,0.47,MOVING_TO_CHARGER,Charger_1,0.45,PROTECTING,Field_3,0.45,MOVING_TO_FIELD,Field_1,0.42,MOVING_TO_FIELD,Field_3,71,0.22,0,52,0.26,0,45,0.25,1
65,174,0,0,0,0,12,0,0.83,MOVING_TO_FIELD,Field_3,0.37,MOVING_TO_FIELD,Field_1,0.37,MOVING_TO_FIELD,Field_2,0.41,MOVING_TO_FIELD,Field_2,0.52,MOVING_TO_FIELD,Field_2,0.41,MOVING_TO_FIELD,Field_2,0.47,MOVING_TO_FIELD,Field_2,0.38,MOVING_TO_FIELD,Field_1,0.46,MOVING_TO_FIELD,Field_1,0.44,MOVING_TO_FIELD,Field_1,0.44,MOVING_TO_FIELD,Field_2,0.41,MOVING_TO_FIELD,Field_1,72,0.22,0,53,0.25,0,49,0.25,0
66,176,0,0,0,1,11,0,0.82,MOVING_TO_FIELD,Field_1,0.36,MOVING_TO_FIELD,Field_1,0.36,MOVING_TO_FIELD,Field_2,0.40,MOVING_TO_FIELD,Field_2,0.51,MOVING_TO_FIELD,Field_2,0.40,MOVING_TO_FIELD,Field_2,0.46,MOVING_TO_FIELD,Field_3,0.37,MOVING_TO_FIELD,Field_1,0.45,MOVING_TO_CHARGER,Charger_1,0.43,MOVING_TO_FIELD,Field_1,0.43,MOVING_TO_FIELD,Field_1,0.40,MOVING_TO_FIELD,Field_3,73,0.23,0,54,0.25,0,49,0.25,0
67,181,0,0,0,1,11,0,0.81,MOVING_TO_FIELD,Field_3,0.35,MOVING_TO_FIELD,Field_2,0.35,MOVING_TO_FIELD,Field_2,0.39,MOVING_TO_FIELD,Field_2,0.50,MOVING_TO_FIELD,Field_2,0.39,MOVING_TO_FIELD,Field_2,0.45,MOVING_TO_FIELD,Field_2,0.36,MOVING_TO_FIELD,Field_1,0.44,MOVING_TO_CHARGER,Charger_1,0.42,MOVING_TO_FIELD,Field_3,0.42,MOVING_TO_FIELD,Field_2,0.39,MOVING_TO_FIELD,Field_3,74,0.22,0,56,0.23,0,51,0.25,0
68,186,0,0,1,1,10,0,0.80,MOVING_TO_FIELD,Field_3,0.34,MOVING_TO_FIELD,Field_2,0.34,MOVING_TO_FIELD,Field_2,0.38,MOVING_TO_FIELD,Field_2,0.49,MOVING_TO_FIELD,Field_2,0.38,MOVING_TO_FIELD,Field_3,0.44,MOVING_TO_FIELD,Field_2,0.35,PROTECTING,Field_1,0.43,MOVING_TO_CHARGER,Charger_1,0.41,MOVING_TO_FIELD,Field_3,0.41,MOVING_TO_FIELD,Field_2,0.38,MOVING_TO_FIELD,Field_3,75,0.22,1,58,0.23,0,53,0.25,0
69,190,0,0,1,1,10,0,0.79,MOVING_TO_FIELD,Field_3,0.33,MOVING_TO_FIELD,Field_2,0.33,MOVING_TO_FIELD,Field_2,0.37,MOVING_TO_FIELD,Field_2,0.48,MOVING_TO_FIELD,Field_3,0.37,MOVING_TO_FIELD,Field_2,0.43,MOVING_TO_FIELD,Field_2,0.34,MOVING_TO_FIELD,Field_3,0.42,MOVING_TO_CHARGER,Charger_1,0.40,PROTECTING,Field_3,0.40,MOVING_TO_FIELD,Field_3,0.37,MOVING_TO_FIELD,Field_3,76,0.21,0,59,0.24,0,55,0.25,1
70,191,0,0,1,2,9,0,0.78,MOVING_TO_CHARGER,Charger_1,0.32,MOVING_TO_FIELD,Field_2,0.32,MOVING_TO_FIELD,Field_2,0.36,MOVING_TO_FIELD,Field_2,0.47,MOVING_TO_FIELD,Field_2,0.36,MOVING_TO_FIELD,Field_2,0.42,MOVING_TO_FIELD,Field_2,0.33,MOVING_TO_FIELD,Field_1,0.41,MOVING_TO_CHARGER,Charger_1,0.39,PROTECTING,Field_3,0.39,MOVING_TO_FIELD,Field_2,0.36,MOVING_TO_FIELD,Field_3,76,0.21,0,60,0.23,0,55,0.26,1
71,193,0,0,2,1,9,0,0.77,MOVING_TO_FIELD,Field_3,0.31,MOVING_TO_FIELD,Field_2,0.31,MOVING_TO_FIELD,Field_2,0.35,MOVING_TO_FIELD,Field_2,0.46,MOVING_TO_FIELD,Field_2,0.35,MOVING_TO_FIELD,Field_2,0.41,MOVING_TO_FIELD,Field_2,0.32,PROTECTING,Field_1,0.40,MOVING_TO_CHARGER,Charger_1,0.38,PROTECTING,Field_3,0.38,MOVING_TO_FIELD,Field_2,0.35,MOVING_TO_FIELD,Field_3,78,0.21,1,60,0.23,0,55,0.25,1
72,198,1,0,1,0,10,0,0.76,MOVING_TO_FIELD,Field_3,0.30,MOVING_TO_FIELD,Field_2,0.30,MOVING_TO_FIELD,Field_2,0.34,MOVING_TO_FIELD,Field_2,0.45,MOVING_TO_FIELD,Field_2,0.34,MOVING_TO_FIELD,Field_2,0.41,IDLE,,0.31,MOVING_TO_FIELD,Field_2,0.39,MOVING_TO_FIELD,Field_1,0.38,PROTECTING,Field_3,0.37,MOVING_TO_FIELD,Field_1,0.34,MOVING_TO_FIELD,Field_3,81,0.22,0,62,0.25,0,55,0.24,1
73,199,1,0,2,1,8,0,0.76,IDLE,,0.29,MOVING_TO_FIELD,Field_2,0.29,MOVING_TO_FIELD,Field_2,0.33,PROTECTING,Field_2,0.44,MOVING_TO_FIELD,Field_2,0.33,MOVING_TO_FIELD,Field_2,0.40,MOVING_TO_FIELD,Field_2,0.30,MOVING_TO_FIELD,Field_2,0.38,MOVING_TO_CHARGER,Charger_1,0.37,PROTECTING,Field_3,0.36,MOVING_TO_FIELD,Field_1,0.33,MOVING_TO_FIELD,Field_3,81,0.21,0,62,0.25,1,56,0.24,1
74,203,1,0,3,1,7,0,0.75,MOVING_TO_FIELD,Field_3,0.28,MOVING_TO_FIELD,Field_2,0.28,MOVING_TO_FIELD,Field_2,0.32,PROTECTING,Field_2,0.44,IDLE,,0.32,MOVING_TO_FIELD,Field_2,0.39,MOVING_TO_FIELD,Field_2,0.29,MOVING_TO_FIELD,Field_3,0.37,MOVING_TO_CHARGER,Charger_1,0.36,PROTECTING,Field_3,0.35,MOVING_TO_FIELD,Field_2,0.32,PROTECTING,Field_3,82,0.21,0,62,0.25,1,59,0.22,2
75,205,3,1,2,0,6,0,0.74,MOVING_TO_FIELD,Field_3,0.27,MOVING_TO_FIELD,Field_1,0.27,MOVING_TO_FIELD,Field_2,0.31,PROTECTING,Field_2,0.44,IDLE,,0.32,IDLE,,0.38,MOVING_TO_FIELD,Field_2,0.28,MOVING_TO_FIELD,Field_2,0.37,CHARGING,Charger_1,0.35,MOVING_TO_FIELD,Field_2,0.35,IDLE,,0.32,PROTECTING,Field_3,84,0.21,0,62,0.25,1,59,0.21,1
76,208,3,0,2,1,6,0,0.73,MOVING_TO_FIELD,Field_3,0.27,IDLE,,0.27,IDLE,,0.30,PROTECTING,Field_2,0.43,MOVING_TO_CHARGER,Charger_1,0.32,IDLE,,0.37,MOVING_TO_FIELD,Field_3,0.27,MOVING_TO_FIELD,Field_2,0.36,MOVING_TO_FIELD,Field_2,0.34,MOVING_TO_FIELD,Field_3,0.34,MOVING_TO_FIELD,Field_2,0.31,PROTECTING,Field_3,86,0.20,0,62,0.25,1,60,0.20,1
77,211,2,0,2,1,7,0,0.73,IDLE,,0.27,IDLE,,0.26,MOVING_TO_FIELD,Field_1,0.30,PROTECTING,Field_2,0.42,MOVING_TO_FIELD,Field_1,0.31,MOVING_TO_FIELD,Field_2,0.36,MOVING_TO_FIELD,Field_2,0.26,MOVING_TO_CHARGER,Charger_1,0.35,MOVING_TO_FIELD,Field_1,0.33,PROTECTING,Field_3,0.33,MOVING_TO_FIELD,Field_1,0.30,MOVING_TO_FIELD,Field_1,88,0.20,0,62,0.25,1,61,0.20,1
78,215,2,0,4,0,6,0,0.72,MOVING_TO_FIELD,Field_2,0.26,MOVING_TO_FIELD,Field_2,0.26,IDLE,,0.29,PROTECTING,Field_2,0.41,MOVING_TO_FIELD,Field_3,0.30,PROTECTING,Field_2,0.35,MOVING_TO_FIELD,Field_2,0.25,MOVING_TO_FIELD,Field_2,0.35,IDLE,,0.33,PROTECTING,Field_3,0.32,MOVING_TO_FIELD,Field_1,0.29,PROTECTING,Field_3,90,0.18,0,63,0.25,2,62,0.20,2
79,217,3,0,2,2,5,0,0.71,MOVING_TO_FIELD,Field_2,0.26,IDLE,,0.25,MOVING_TO_FIELD,Field_1,0.28,PROTECTING,Field_2,0.40,MOVING_TO_CHARGER,Charger_1,0.30,IDLE,,0.34,MOVING_TO_CHARGER,Charger_1,0.24,MOVING_TO_FIELD,Field_2,0.35,IDLE,,0.32,PROTECTING,Field_3,0.31,MOVING_TO_FIELD,Field_1,0.28,MOVING_TO_FIELD,Field_1,91,0.18,0,64,0.25,1,62,0.19,1
80,222,1,0,2,2,7,0,0.70,MOVING_TO_FIELD,Field_3,0.25,MOVING_TO_CHARGER,Charger_1,0.24,MOVING_TO_FIELD,Field_3,0.28,IDLE,,0.39,MOVING_TO_FIELD,Field_3,0.29,PROTECTING,Field_2,0.33,MOVING_TO_FIELD,Field_2,0.23,MOVING_TO_FIELD,Field_3,0.34,MOVING_TO_CHARGER,Charger_1,0.31,PROTECTING,Field_3,0.30,MOVING_TO_FIELD,Field_1,0.27,MOVING_TO_FIELD,Field_1,93,0.18,0,67,0.25,1,62,0.20,1
81,225,1,1,1,1,8,0,0.69,MOVING_TO_FIELD,Field_2,0.24,MOVING_TO_FIELD,Field_2,0.23,MOVING_TO_FIELD,Field_2,0.27,PROTECTING,Field_2,0.39,IDLE,,0.28,MOVING_TO_FIELD,Field_3,0.32,MOVING_TO_FIELD,Field_2,0.22,MOVING_TO_FIELD,Field_1,0.34,CHARGING,Charger_1,0.30,MOVING_TO_FIELD,Field_1,0.29,MOVING_TO_FIELD,Field_1,0.26,MOVING_TO_CHARGER,Charger_1,93,0.18,0,68,0.26,1,64,0.18,0
82,227,3,0,1,3,5,0,0.68,MOVING_TO_CHARGER,Charger_1,0.24,IDLE,,0.23,IDLE,,0.27,PROTECTING,Field_2,0.38,MOVING_TO_CHARGER,Charger_1,0.28,IDLE,,0.31,MOVING_TO_FIELD,Field_2,0.21,MOVING_TO_FIELD,Field_3,0.33,MOVING_TO_FIELD,Field_2,0.29,MOVING_TO_FIELD,Field_1,0.28,MOVING_TO_FIELD,Field_2,0.25,MOVING_TO_CHARGER,Charger_1,93,0.18,0,70,0.26,1,64,0.16,0
83,228,2,0,1,2,7,0,0.67,MOVING_TO_FIELD,Field_1,0.24,IDLE,,0.22,MOVING_TO_FIELD,Field_1,0.26,PROTECTING,Field_2,0.37,MOVING_TO_FIELD,Field_1,0.28,IDLE,,0.30,MOVING_TO_FIELD,Field_3,0.20,MOVING_TO_CHARGER,Charger_1,0.32,MOVING_TO_FIELD,Field_2,0.28,MOVING_TO_FIELD,Field_3,0.27,MOVING_TO_CHARGER,Charger_1,0.24,MOVING_TO_FIELD,Field_2,93,0.14,0,71,0.27,1,64,0.16,0
84,232,2,0,2,2,6,0,0.67,IDLE,,0.23,MOVING_TO_CHARGER,Charger_1,0.21,MOVING_TO_FIELD,Field_2,0.25,PROTECTING,Field_2,0.37,IDLE,,0.27,PROTECTING,Field_2,0.29,MOVING_TO_FIELD,Field_3,0.19,MOVING_TO_FIELD,Field_1,0.31,MOVING_TO_CHARGER,Charger_1,0.27,MOVING_TO_FIELD,Field_3,0.26,MOVING_TO_FIELD,Field_1,0.23,MOVING_TO_FIELD,Field_1,94,0.14,0,73,0.26,2,65,0.16,0
85,233,0,0,3,3,6,0,0.66,MOVING_TO_CHARGER,Charger_1,0.22,MOVING_TO_CHARGER,Charger_1,0.20,MOVING_TO_FIELD,Field_2,0.25,PROTECTING,Field_2,0.36,MOVING_TO_FIELD,Field_2,0.27,PROTECTING,Field_2,0.28,MOVING_TO_FIELD,Field_3,0.18,MOVING_TO_FIELD,Field_1,0.30,MOVING_TO_CHARGER,Charger_1,0.26,PROTECTING,Field_3,0.25,MOVING_TO_FIELD,Field_1,0.22,MOVING_TO_FIELD,Field_1,94,0.15,0,74,0.26,2,65,0.16,1
86,235,1,0,3,2,6,0,0.65,MOVING_TO_FIELD,Field_2,0.21,MOVING_TO_CHARGER,Charger_1,0.19,MOVING_TO_FIELD,Field_2,0.24,PROTECTING,Field_2,0.35,MOVING_TO_CHARGER,Charger_1,0.26,PROTECTING,Field_2,0.27,MOVING_TO_FIELD,Field_2,0.17,MOVING_TO_FIELD,Field_1,0.30,IDLE,,0.25,PROTECTING,Field_3,0.24,MOVING_TO_FIELD,Field_1,0.21,MOVING_TO_FIELD,Field_1,95,0.15,0,75,0.26,2,65,0.15,1
87,239,1,1,2,2,6,0,0.64,MOVING_TO_FIELD,Field_2,0.20,MOVING_TO_CHARGER,Charger_1,0.18,MOVING_TO_FIELD,Field_1,0.23,PROTECTING,Field_2,0.34,MOVING_TO_CHARGER,Charger_1,0.25,PROTECTING,Field_2,0.26,MOVING_TO_FIELD,Field_2,0.16,MOVING_TO_FIELD,Field_1,0.30,CHARGING,Charger_1,0.25,IDLE,,0.23,MOVING_TO_FIELD,Field_1,0.20,MOVING_TO_FIELD,Field_1,95,0.15,0,76,0.26,2,68,0.15,0
88,239,2,1,4,1,4,0,0.63,MOVING_TO_FIELD,Field_2,0.19,MOVING_TO_CHARGER,Charger_1,0.17,MOVING_TO_FIELD,Field_1,0.22,PROTECTING,Field_2,0.34,IDLE,,0.24,PROTECTING,Field_2,0.25,MOVING_TO_FIELD,Field_3,0.15,PROTECTING,Field_1,0.31,CHARGING,Charger_1,0.25,IDLE,,0.22,PROTECTING,Field_1,0.19,MOVING_TO_FIELD,Field_1,95,0.14,2,76,0.26,2,68,0.14,0
89,242,1,1,5,1,4,0,0.62,MOVING_TO_FIELD,Field_2,0.19,IDLE,,0.16,MOVING_TO_FIELD,Field_2,0.22,PROTECTING,Field_2,0.33,MOVING_TO_CHARGER,Charger_1,0.24,PROTECTING,Field_2,0.24,MOVING_TO_FIELD,Field_3,0.14,PROTECTING,Field_1,0.32,CHARGING,Charger_1,0.24,PROTECTING,Field_3,0.21,PROTECTING,Field_1,0.18,MOVING_TO_FIELD,Field_1,96,0.12,2,78,0.26,2,68,0.14,1
90,243,2,0,5,1,4,0,0.61,MOVING_TO_FIELD,Field_1,0.18,MOVING_TO_CHARGER,Charger_1,0.15,MOVING_TO_FIELD,Field_1,0.21,PROTECTING,Field_2,0.33,IDLE,,0.23,PROTECTING,Field_2,0.23,MOVING_TO_FIELD,Field_3,0.13,PROTECTING,Field_1,0.31,MOVING_TO_FIELD,Field_3,0.24,PROTECTING,Field_3,0.20,PROTECTING,Field_1,0.18,IDLE,,96,0.13,2,79,0.26,2,68,0.14,1
91,244,1,1,3,1,6,0,0.60,MOVING_TO_FIELD,Field_1,0.18,CHARGING,Charger_1,0.14,MOVING_TO_FIELD,Field_2,0.20,PROTECTING,Field_2,0.32,MOVING_TO_CHARGER,Charger_1,0.22,PROTECTING,Field_2,0.22,MOVING_TO_FIELD,Field_3,0.12,MOVING_TO_FIELD,Field_2,0.30,MOVING_TO_FIELD,Field_1,0.23,PROTECTING,Field_3,0.20,IDLE,,0.17,MOVING_TO_FIELD,Field_1,97,0.14,0,79,0.25,2,68,0.14,1
92,245,2,2,3,0,5,0,0.59,MOVING_TO_FIELD,Field_1,0.19,CHARGING,Charger_1,0.13,MOVING_TO_FIELD,Field_1,0.20,PROTECTING,Field_2,0.32,CHARGING,Charger_1,0.22,IDLE,,0.21,MOVING_TO_FIELD,Field_2,0.11,MOVING_TO_FIELD,Field_1,0.30,IDLE,,0.22,PROTECTING,Field_3,0.19,PROTECTING,Field_1,0.16,MOVING_TO_FIELD,Field_1,98,0.15,1,79,0.25,1,68,0.15,1
93,249,4,1,4,0,3,0,0.59,IDLE,,0.20,CHARGING,Charger_1,0.12,MOVING_TO_FIELD,Field_1,0.19,PROTECTING,Field_2,0.32,IDLE,,0.21,PROTECTING,Field_2,0.20,MOVING_TO_FIELD,Field_2,0.10,PROTECTING,Field_1,0.30,IDLE,,0.22,IDLE,,0.19,PROTECTING,Field_1,0.15,MOVING_TO_FIELD,Field_1,100,0.15,2,80,0.23,2,69,0.16,0
94,250,2,2,2,0,6,0,0.59,IDLE,,0.21,CHARGING,Charger_1,0.11,MOVING_TO_FIELD,Field_1,0.18,MOVING_TO_FIELD,Field_3,0.32,CHARGING,Charger_1,0.21,PROTECTING,Field_2,0.19,MOVING_TO_FIELD,Field_3,0.09,MOVING_TO_FIELD,Field_2,0.30,IDLE,,0.21,PROTECTING,Field_3,0.18,MOVING_TO_FIELD,Field_2,0.14,MOVING_TO_FIELD,Field_2,100,0.14,0,81,0.23,1,69,0.16,1
95,252,1,1,1,3,6,0,0.58,MOVING_TO_CHARGER,Charger_1,0.22,CHARGING,Charger_1,0.10,MOVING_TO_CHARGER,Charger_1,0.17,MOVING_TO_FIELD,Field_3,0.32,IDLE,,0.20,MOVING_TO_FIELD,Field_1,0.18,MOVING_TO_FIELD,Field_3,0.08,MOVING_TO_FIELD,Field_2,0.29,MOVING_TO_FIELD,Field_2,0.21,PROTECTING,Field_3,0.17,MOVING_TO_CHARGER,Charger_1,0.13,MOVING_TO_FIELD,Field_2,101,0.15,0,81,0.23,0,70,0.16,1
96,253,2,1,1,2,6,0,0.58,IDLE,,0.23,CHARGING,Charger_1,0.09,MOVING_TO_FIELD,Field_1,0.16,MOVING_TO_FIELD,Field_1,0.31,MOVING_TO_FIELD,Field_1,0.19,MOVING_TO_CHARGER,Charger_1,0.18,IDLE,,0.07,MOVING_TO_FIELD,Field_2,0.28,MOVING_TO_FIELD,Field_3,0.20,PROTECTING,Field_3,0.16,MOVING_TO_CHARGER,Charger_1,0.12,MOVING_TO_FIELD,Field_2,101,0.14,0,81,0.22,0,71,0.18,1
97,255,2,1,1,0,8,0,0.58,IDLE,,0.24,CHARGING,Charger_1,0.08,MOVING_TO_FIELD,Field_3,0.15,MOVING_TO_FIELD,Field_3,0.31,IDLE,,0.18,MOVING_TO_FIELD,Field_2,0.17,MOVING_TO_FIELD,Field_2,0.06,MOVING_TO_FIELD,Field_2,0.27,MOVING_TO_FIELD,Field_3,0.19,PROTECTING,Field_3,0.15,MOVING_TO_FIELD,Field_2,0.11,MOVING_TO_FIELD,Field_3,102,0.15,0,81,0.20,0,72,0.19,1
98,256,2,0,2,1,7,0,0.58,IDLE,,0.23,MOVING_TO_FIELD,Field_3,0.07,MOVING_TO_FIELD,Field_2,0.14,MOVING_TO_FIELD,Field_3,0.31,IDLE,,0.17,PROTECTING,Field_2,0.16,MOVING_TO_FIELD,Field_3,0.05,MOVING_TO_FIELD,Field_2,0.26,MOVING_TO_FIELD,Field_3,0.19,PROTECTING,Field_3,0.14,MOVING_TO_CHARGER,Charger_1,0.10,MOVING_TO_FIELD,Field_2,102,0.15,0,82,0.20,1,72,0.19,1
99,260,3,0,1,1,7,0,0.58,IDLE,,0.22,MOVING_TO_FIELD,Field_1,0.06,MOVING_TO_FIELD,Field_3,0.13,MOVING_TO_FIELD,Field_3,0.31,IDLE,,0.17,IDLE,,0.15,MOVING_TO_FIELD,Field_3,0.04,MOVING_TO_FIELD,Field_2,0.25,MOVING_TO_CHARGER,Charger_1,0.18,PROTECTING,Field_3,0.13,MOVING_TO_FIELD,Field_2,0.09,MOVING_TO_FIELD,Field_3,104,0.15,0,83,0.21,0,73,0.18,1
100,262,1,0,3,2,6,0,0.57,MOVING_TO_FIELD,Field_2,0.21,MOVING_TO_FIELD,Field_3,0.05,MOVING_TO_FIELD,Field_2,0.12,PROTECTING,Field_2,0.31,IDLE,,0.16,PROTECTING,Field_2,0.14,MOVING_TO_FIELD,Field_2,0.03,MOVING_TO_FIELD,Field_1,0.24,MOVING_TO_CHARGER,Charger_1,0.17,PROTECTING,Field_3,0.12,MOVING_TO_CHARGER,Charger_1,0.08,MOVING_TO_FIELD,Field_2,104,0.15,0,84,0.20,2,74,0.20,1
101,264,2,0,2,3,5,0,0.56,MOVING_TO_FIELD,Field_3,0.20,MOVING_TO_CHARGER,Charger_1,0.04,MOVING_TO_FIELD,Field_2,0.11,PROTECTING,Field_2,0.31,IDLE,,0.15,PROTECTING,Field_2,0.13,MOVING_TO_FIELD,Field_2,0.02,MOVING_TO_FIELD,Field_1,0.23,MOVING_TO_CHARGER,Charger_1,0.17,IDLE,,0.11,MOVING_TO_FIELD,Field_2,0.07,MOVING_TO_CHARGER,Charger_1,105,0.15,0,84,0.20,2,75,0.21,0
102,268,1,3,3,0,5,0,0.55,MOVING_TO_FIELD,Field_2,0.20,CHARGING,Charger_1,0.03,MOVING_TO_FIELD,Field_2,0.11,PROTECTING,Field_2,0.31,CHARGING,Charger_1,0.14,PROTECTING,Field_2,0.12,MOVING_TO_FIELD,Field_2,0.02,IDLE,,0.23,CHARGING,Charger_1,0.16,PROTECTING,Field_3,0.10,MOVING_TO_FIELD,Field_2,0.06,MOVING_TO_FIELD,Field_1,106,0.15,0,84,0.19,2,78,0.22,1
103,273,2,1,3,0,6,0,0.54,MOVING_TO_FIELD,Field_2,0.19,MOVING_TO_FIELD,Field_3,0.03,IDLE,,0.10,PROTECTING,Field_2,0.32,CHARGING,Charger_1,0.14,PROTECTING,Field_2,0.11,MOVING_TO_FIELD,Field_3,0.01,MOVING_TO_FIELD,Field_1,0.23,IDLE,,0.15,PROTECTING,Field_3,0.09,MOVING_TO_FIELD,Field_2,0.05,MOVING_TO_FIELD,Field_2,107,0.13,0,85,0.18,2,81,0.24,1
104,276,1,2,2,0,7,0,0.53,MOVING_TO_FIELD,Field_2,0.19,CHARGING,Charger_1,0.02,MOVING_TO_FIELD,Field_1,0.09,MOVING_TO_FIELD,Field_1,0.33,CHARGING,Charger_1,0.13,PROTECTING,Field_2,0.10,MOVING_TO_FIELD,Field_2,0.00,MOVING_TO_FIELD,Field_1,0.23,IDLE,,0.15,PROTECTING,Field_3,0.08,MOVING_TO_FIELD,Field_1,0.04,MOVING_TO_FIELD,Field_2,107,0.15,0,86,0.18,1,83,0.25,1
105,280,0,2,2,0,7,1,0.52,MOVING_TO_FIELD,Field_2,0.20,CHARGING,Charger_1,0.01,MOVING_TO_FIELD,Field_1,0.08,MOVING_TO_FIELD,Field_3,0.32,MOVING_TO_FIELD,Field_1,0.12,PROTECTING,Field_2,0.09,MOVING_TO_FIELD,Field_2,0,TERMINATED,Field_1,0.23,CHARGING,Charger_1,0.14,PROTECTING,Field_3,0.07,MOVING_TO_FIELD,Field_1,0.03,MOVING_TO_FIELD,Field_2,108,0.17,0,88,0.18,1,84,0.23,1
106,282,3,2,2,0,4,1,0.52,IDLE,,0.21,CHARGING,Charger_1,0.01,IDLE,,0.07,MOVING_TO_FIELD,Field_2,0.32,IDLE,,0.11,PROTECTING,Field_2,0.08,MOVING_TO_FIELD,Field_3,0,TERMINATED,Field_1,0.24,CHARGING,Charger_1,0.13,PROTECTING,Field_3,0.06,MOVING_TO_FIELD,Field_2,0.02,MOVING_TO_FIELD,Field_2,110,0.17,0,88,0.18,1,84,0.23,1
107,284,0,0,1,2,7,2,0.51,MOVING_TO_FIELD,Field_1,0.20,MOVING_TO_FIELD,Field_3,0,TERMINATED,Charger_1,0.06,MOVING_TO_FIELD,Field_1,0.31,MOVING_TO_FIELD,Field_1,0.10,MOVING_TO_FIELD,Field_3,0.07,MOVING_TO_FIELD,Field_3,0,TERMINATED,Field_1,0.23,MOVING_TO_FIELD,Field_2,0.13,PROTECTING,Field_3,0.05,MOVING_TO_CHARGER,Charger_1,0.01,MOVING_TO_CHARGER,Charger_1,110,0.18,0,89,0.18,0,85,0.21,1
108,289,3,0,1,1,5,2,0.51,IDLE,,0.19,MOVING_TO_FIELD,Field_2,0,TERMINATED,Charger_1,0.05,MOVING_TO_FIELD,Field_2,0.30,MOVING_TO_FIELD,Field_1,0.10,IDLE,,0.07,IDLE,,0,TERMINATED,Field_1,0.22,MOVING_TO_CHARGER,Charger_1,0.12,PROTECTING,Field_3,0.04,MOVING_TO_FIELD,Field_1,0.00,MOVING_TO_FIELD,Field_3,111,0.19,0,89,0.18,0,89,0.19,1
109,290,0,1,3,0,5,3,0.50,MOVING_TO_FIELD,Field_3,0.18,MOVING_TO_FIELD,Field_2,0,TERMINATED,Charger_1,0.04,PROTECTING,Field_2,0.29,MOVING_TO_FIELD,Field_2,0.09,PROTECTING,Field_2,0.06,MOVING_TO_FIELD,Field_2,0,TERMINATED,Field_1,0.22,CHARGING,Charger_1,0.11,PROTECTING,Field_3,0.03,MOVING_TO_FIELD,Field_1,0,TERMINATED,Field_3,111,0.20,0,89,0.18,2,90,0.17,1
110,296,3,0,3,0,3,3,0.50,IDLE,,0.18,IDLE,,0,TERMINATED,Charger_1,0.03,PROTECTING,Field_2,0.28,MOVING_TO_FIELD,Field_2,0.09,PROTECTING,Field_2,0.05,MOVING_TO_FIELD,Field_2,0,TERMINATED,Field_1,0.22,IDLE,,0.11,PROTECTING,Field_3,0.02,MOVING_TO_FIELD,Field_1,0,TERMINATED,Field_3,114,0.21,0,91,0.18,2,91,0.16,1
111,297,1,0,2,3,3,3,0.49,MOVING_TO_FIELD,Field_2,0.17,MOVING_TO_CHARGER,Charger_1,0,TERMINATED,Charger_1,0.02,MOVING_TO_CHARGER,Charger_1,0.27,MOVING_TO_CHARGER,Charger_1,0.08,PROTECTING,Field_2,0.04,MOVING_TO_FIELD,Field_2,0,TERMINATED,Field_1,0.22,IDLE,,0.10,PROTECTING,Field_3,0.01,MOVING_TO_FIELD,Field_1,0,TERMINATED,Field_3,114,0.20,0,92,0.20,1,91,0.15,1
112,299,0,2,2,0,4,4,0.48,MOVING_TO_FIELD,Field_2,0.17,CHARGING,Charger_1,0,TERMINATED,Charger_1,0.01,PROTECTING,Field_2,0.26,MOVING_TO_FIELD,Field_2,0.07,PROTECTING,Field_2,0.03,MOVING_TO_FIELD,Field_2,0,TERMINATED,Field_1,0.22,CHARGING,Charger_1,0.09,MOVING_TO_FIELD,Field_1,0,TERMINATED,Field_1,0,TERMINATED,Field_3,114,0.20,0,92,0.19,2,93,0.16,0
113,306,2,0,2,1,3,4,0.47,MOVING_TO_CHARGER,Charger_1,0.17,IDLE,,0,TERMINATED,Charger_1,0.00,PROTECTING,Field_2,0.25,MOVING_TO_FIELD,Field_1,0.07,PROTECTING,Field_2,0.02,MOVING_TO_FIELD,Field_2,0,TERMINATED,Field_1,0.22,IDLE,,0.08,MOVING_TO_FIELD,Field_3,0,TERMINATED,Field_1,0,TERMINATED,Field_3,116,0.20,0,93,0.19,2,97,0.17,0
114,310,2,0,2,0,3,5,0.46,MOVING_TO_FIELD,Field_1,0.17,IDLE,,0,TERMINATED,Charger_1,0,TERMINATED,Field_3,0.24,MOVING_TO_FIELD,Field_2,0.06,PROTECTING,Field_2,0.01,MOVING_TO_FIELD,Field_2,0,TERMINATED,Field_1,0.22,IDLE,,0.07,PROTECTING,Field_3,0,TERMINATED,Field_1,0,TERMINATED,Field_3,116,0.21,0,95,0.19,1,99,0.16,1
115,312,2,1,1,1,1,6,0.45,MOVING_TO_CHARGER,Charger_1,0.17,CHARGING,Charger_1,0,TERMINATED,Charger_1,0,TERMINATED,Field_3,0.23,MOVING_TO_FIELD,Field_2,0.05,PROTECTING,Field_2,0,TERMINATED,Field_2,0,TERMINATED,Field_1,0.22,IDLE,,0.07,IDLE,,0,TERMINATED,Field_1,0,TERMINATED,Field_3,116,0.20,0,96,0.18,1,100,0.15,0
116,314,1,1,2,0,2,6,0.45,IDLE,,0.18,CHARGING,Charger_1,0,TERMINATED,Charger_1,0,TERMINATED,Field_3,0.22,MOVING_TO_FIELD,Field_1,0.05,PROTECTING,Field_2,0,TERMINATED,Field_2,0,TERMINATED,Field_1,0.21,MOVING_TO_FIELD,Field_2,0.06,PROTECTING,Field_3,0,TERMINATED,Field_1,0,TERMINATED,Field_3,116,0.19,0,97,0.18,1,101,0.15,1
117,314,1,1,2,1,1,6,0.44,MOVING_TO_FIELD,Field_1,0.19,CHARGING,Charger_1,0,TERMINATED,Charger_1,0,TERMINATED,Field_3,0.21,MOVING_TO_CHARGER,Charger_1,0.04,PROTECTING,Field_2,0,TERMINATED,Field_2,0,TERMINATED,Field_1,0.21,IDLE,,0.05,PROTECTING,Field_3,0,TERMINATED,Field_1,0,TERMINATED,Field_3,116,0.19,0,97,0.18,1,101,0.15,1
118,315,0,2,2,0,2,6,0.43,MOVING_TO_FIELD,Field_1,0.20,CHARGING,Charger_1,0,TERMINATED,Charger_1,0,TERMINATED,Field_3,0.20,MOVING_TO_FIELD,Field_1,0.03,PROTECTING,Field_2,0,TERMINATED,Field_2,0,TERMINATED,Field_1,0.21,CHARGING,Charger_1,0.04,PROTECTING,Field_3,0,TERMINATED,Field_1,0,TERMINATED,Field_3,116,0.20,0,98,0.19,1,101,0.15,1
119,317,1,1,2,0,2,6,0.42,MOVING_TO_FIELD,Field_1,0.21,CHARGING,Charger_1,0,TERMINATED,Charger_1,0,TERMINATED,Field_3,0.19,MOVING_TO_FIELD,Field_1,0.02,PROTECTING,Field_2,0,TERMINATED,Field_2,0,TERMINATED,Field_1,0.21,IDLE,,0.04,PROTECTING,Field_3,0,TERMINATED,Field_1,0,TERMINATED,Field_3,117,0.20,0,99,0.19,1,101,0.16,1
120,320,2,1,2,0,1,6,0.42,IDLE,,0.22,CHARGING,Charger_1,0,TERMINATED,Charger_1,0,TERMINATED,Field_3,0.18,MOVING_TO_FIELD,Field_1,0.02,PROTECTING,Field_2,0,TERMINATED,Field_2,0,TERMINATED,Field_1,0.21,IDLE,,0.03,PROTECTING,Field_3,0,TERMINATED,Field_1,0,TERMINATED,Field_3,117,0.18,0,100,0.21,1,103,0.14,1
121,323,1,1,2,1,1,6,0.41,MOVING_TO_FIELD,Field_1,0.23,CHARGING,Charger_1,0,TERMINATED,Charger_1,0,TERMINATED,Field_3,0.17,MOVING_TO_CHARGER,Charger_1,0.01,PROTECTING,Field_2,0,TERMINATED,Field_2,0,TERMINATED,Field_1,0.21,IDLE,,0.02,PROTECTING,Field_3,0,TERMINATED,Field_1,0,TERMINATED,Field_3,118,0.19,0,101,0.20,1,104,0.15,1
122,326,0,1,2,0,3,6,0.40,MOVING_TO_FIELD,Field_3,0.24,CHARGING,Charger_1,0,TERMINATED,Charger_1,0,TERMINATED,Field_3,0.16,MOVING_TO_FIELD,Field_2,0.00,PROTECTING,Field_2,0,TERMINATED,Field_2,0,TERMINATED,Field_1,0.20,MOVING_TO_FIELD,Field_2,0.02,PROTECTING,Field_3,0,TERMINATED,Field_1,0,TERMINATED,Field_3,119,0.21,0,102,0.21,1,105,0.16,1
123,331,2,1,1,0,1,7,0.39,MOVING_TO_FIELD,Field_1,0.25,CHARGING,Charger_1,0,TERMINATED,Charger_1,0,TERMINATED,Field_3,0.16,IDLE,,0,TERMINATED,Field_2,0,TERMINATED,Field_2,0,TERMINATED,Field_1,0.20,IDLE,,0.01,PROTECTING,Field_3,0,TERMINATED,Field_1,0,TERMINATED,Field_3,121,0.20,0,105,0.20,0,105,0.16,1
124,334,0,2,1,0,2,7,0.39,CHARGING,Charger_1,0.26,CHARGING,Charger_1,0,TERMINATED,Charger_1,0,TERMINATED,Field_3,0.15,MOVING_TO_FIELD,Field_1,0,TERMINATED,Field_2,0,TERMINATED,Field_2,0,TERMINATED,Field_1,0.19,MOVING_TO_FIELD,Field_2,0.00,PROTECTING,Field_3,0,TERMINATED,Field_1,0,TERMINATED,Field_3,123,0.21,0,105,0.19,0,106,0.16,1
125,336,1,1,0,1,1,8,0.38,MOVING_TO_FIELD,Field_1,0.27,CHARGING,Charger_1,0,TERMINATED,Charger_1,0,TERMINATED,Field_3,0.14,MOVING_TO_CHARGER,Charger_1,0,TERMINATED,Field_2,0,TERMINATED,Field_2,0,TERMINATED,Field_1,0.19,IDLE,,0,TERMINATED,Field_3,0,TERMINATED,Field_1,0,TERMINATED,Field_3,124,0.20,0,105,0.18,0,107,0.14,0
126,339,0,1,0,0,3,8,0.37,MOVING_TO_FIELD,Field_3,0.28,CHARGING,Charger_1,0,TERMINATED,Charger_1,0,TERMINATED,Field_3,0.13,MOVING_TO_FIELD,Field_1,0,TERMINATED,Field_2,0,TERMINATED,Field_2,0,TERMINATED,Field_1,0.18,MOVING_TO_FIELD,Field_2,0,TERMINATED,Field_3,0,TERMINATED,Field_1,0,TERMINATED,Field_3,125,0.19,0,106,0.18,0,108,0.14,0
127,341,1,1,0,0,2,8,0.36,MOVING_TO_FIELD,Field_1,0.29,CHARGING,Charger_1,0,TERMINATED,Charger_1,0,TERMINATED,Field_3,0.12,MOVING_TO_FIELD,Field_1,0,TERMINATED,Field_2,0,TERMINATED,Field_2,0,TERMINATED,Field_1,0.18,IDLE,,0,TERMINATED,Field_3,0,TERMINATED,Field_1,0,TERMINATED,Field_3,125,0.19,0,107,0.18,0,109,0.17,0
128,345,0,1,0,2,1,8,0.35,MOVING_TO_CHARGER,Charger_1,0.30,CHARGING,Charger_1,0,TERMINATED,Charger_1,0,TERMINATED,Field_3,0.11,MOVING_TO_FIELD,Field_1,0,TERMINATED,Field_2,0,TERMINATED,Field_2,0,TERMINATED,Field_1,0.17,MOVING_TO_CHARGER,Charger_1,0,TERMINATED,Field_3,0,TERMINATED,Field_1,0,TERMINATED,Field_3,126,0.20,0,109,0.16,0,110,0.17,0
129,347,1,1,0,0,2,8,0.34,MOVING_TO_FIELD,Field_3,0.31,CHARGING,Charger_1,0,TERMINATED,Charger_1,0,TERMINATED,Field_3,0.10,MOVING_TO_FIELD,Field_1,0,TERMINATED,Field_2,0,TERMINATED,Field_2,0,TERMINATED,Field_1,0.17,IDLE,,0,TERMINATED,Field_3,0,TERMINATED,Field_1,0,TERMINATED,Field_3,126,0.20,0,111,0.19,0,110,0.18,0
130,348,0,1,0,1,2,8,0.33,MOVING_TO_FIELD,Field_3,0.32,CHARGING,Charger_1,0,TERMINATED,Charger_1,0,TERMINATED,Field_3,0.09,MOVING_TO_FIELD,Field_1,0,TERMINATED,Field_2,0,TERMINATED,Field_2,0,TERMINATED,Field_1,0.16,MOVING_TO_CHARGER,Charger_1,0,TERMINATED,Field_3,0,TERMINATED,Field_1,0,TERMINATED,Field_3,126,0.19,0,111,0.18,0,111,0.19,0
131,348,1,1,0,0,2,8,0.32,MOVING_TO_FIELD,Field_3,0.33,CHARGING,Charger_1,0,TERMINATED,Charger_1,0,TERMINATED,Field_3,0.08,MOVING_TO_FIELD,Field_1,0,TERMINATED,Field_2,0,TERMINATED,Field_2,0,TERMINATED,Field_1,0.16,IDLE,,0,TERMINATED,Field_3,0,TERMINATED,Field_1,0,TERMINATED,Field_3,126,0.22,0,111,0.18,0,111,0.20,0
132,355,0,1,1,1,1,8,0.31,MOVING_TO_FIELD,Field_3,0.34,CHARGING,Charger_1,0,TERMINATED,Charger_1,0,TERMINATED,Field_3,0.07,PROTECTING,Field_1,0,TERMINATED,Field_2,0,TERMINATED,Field_2,0,TERMINATED,Field_1,0.15,MOVING_TO_CHARGER,Charger_1,0,TERMINATED,Field_3,0,TERMINATED,Field_1,0,TERMINATED,Field_3,130,0.20,1,112,0.17,0,113,0.20,0
133,355,0,1,1,0,2,8,0.30,MOVING_TO_FIELD,Field_3,0.35,CHARGING,Charger_1,0,TERMINATED,Charger_1,0,TERMINATED,Field_3,0.07,PROTECTING,Field_1,0,TERMINATED,Field_2,0,TERMINATED,Field_2,0,TERMINATED,Field_1,0.14,MOVING_TO_FIELD,Field_3,0,TERMINATED,Field_3,0,TERMINATED,Field_1,0,TERMINATED,Field_3,130,0.19,1,112,0.19,0,113,0.20,0
134,359,1,1,1,0,1,8,0.29,MOVING_TO_FIELD,Field_3,0.35,IDLE,,0,TERMINATED,Charger_1,0,TERMINATED,Field_3,0.06,PROTECTING,Field_1,0,TERMINATED,Field_2,0,TERMINATED,Field_2,0,TERMINATED,Field_1,0.14,CHARGING,Charger_1,0,TERMINATED,Field_3,0,TERMINATED,Field_1,0,TERMINATED,Field_3,130,0.20,1,112,0.19,0,117,0.19,0
135,361,1,1,1,0,1,8,0.28,MOVING_TO_FIELD,Field_3,0.35,IDLE,,0,TERMINATED,Charger_1,0,TERMINATED,Field_3,0.05,PROTECTING,Field_1,0,TERMINATED,Field_2,0,TERMINATED,Field_2,0,TERMINATED,Field_1,0.15,CHARGING,Charger_1,0,TERMINATED,Field_3,0,TERMINATED,Field_1,0,TERMINATED,Field_3,132,0.20,1,112,0.20,0,117,0.20,0
136,362,1,1,1,0,1,8,0.27,MOVING_TO_FIELD,Field_3,0.35,IDLE,,0,TERMINATED,Charger_1,0,TERMINATED,Field_3,0.05,PROTECTING,Field_1,0,TERMINATED,Field_2,0,TERMINATED,Field_2,0,TERMINATED,Field_1,0.16,CHARGING,Charger_1,0,TERMINATED,Field_3,0,TERMINATED,Field_1,0,TERMINATED,Field_3,132,0.21,1,112,0.20,0,118,0.20,0
137,364,1,1,1,0,1,8,0.26,MOVING_TO_FIELD,Field_3,0.35,IDLE,,0,TERMINATED,Charger_1,0,TERMINATED,Field_3,0.04,PROTECTING,Field_1,0,TERMINATED,Field_2,0,TERMINATED,Field_2,0,TERMINATED,Field_1,0.17,CHARGING,Charger_1,0,TERMINATED,Field_3,0,TERMINATED,Field_1,0,TERMINATED,Field_3,132,0.20,1,112,0.20,0,120,0.20,0
138,368,1,0,2,0,1,8,0.25,PROTECTING,Field_3,0.35,IDLE,,0,TERMINATED,Charger_1,0,TERMINATED,Field_3,0.03,PROTECTING,Field_1,0,TERMINATED,Field_2,0,TERMINATED,Field_2,0,TERMINATED,Field_1,0.16,MOVING_TO_FIELD,Field_1,0,TERMINATED,Field_3,0,TERMINATED,Field_1,0,TERMINATED,Field_3,134,0.20,1,113,0.20,0,121,0.21,1
139,373,0,1,1,0,2,8,0.24,MOVING_TO_FIELD,Field_1,0.35,CHARGING,Charger_1,0,TERMINATED,Charger_1,0,TERMINATED,Field_3,0.03,PROTECTING,Field_1,0,TERMINATED,Field_2,0,TERMINATED,Field_2,0,TERMINATED,Field_1,0.15,MOVING_TO_FIELD,Field_3,0,TERMINATED,Field_3,0,TERMINATED,Field_1,0,TERMINATED,Field_3,134,0.20,1,115,0.22,0,124,0.21,0
140,375,0,2,2,0,0,8,0.23,PROTECTING,Field_3,0.36,CHARGING,Charger_1,0,TERMINATED,Charger_1,0,TERMINATED,Field_3,0.02,PROTECTING,Field_1,0,TERMINATED,Field_2,0,TERMINATED,Field_2,0,TERMINATED,Field_1,0.15,CHARGING,Charger_1,0,TERMINATED,Field_3,0,TERMINATED,Field_1,0,TERMINATED,Field_3,135,0.20,1,116,0.21,0,124,0.20,1
141,378,1,0,1,0,2,8,0.23,IDLE,,0.35,MOVING_TO_FIELD,Field_2,0,TERMINATED,Charger_1,0,TERMINATED,Field_3,0.01,PROTECTING,Field_1,0,TERMINATED,Field_2,0,TERMINATED,Field_2,0,TERMINATED,Field_1,0.14,MOVING_TO_FIELD,Field_3,0,TERMINATED,Field_3,0,TERMINATED,Field_1,0,TERMINATED,Field_3,136,0.19,1,117,0.23,0,125,0.20,0
142,386,0,1,1,1,1,8,0.22,PROTECTING,Field_3,0.35,CHARGING,Charger_1,0,TERMINATED,Charger_1,0,TERMINATED,Field_3,0.00,MOVING_TO_CHARGER,Charger_1,0,TERMINATED,Field_2,0,TERMINATED,Field_2,0,TERMINATED,Field_1,0.13,MOVING_TO_FIELD,Field_3,0,TERMINATED,Field_3,0,TERMINATED,Field_1,0,TERMINATED,Field_3,139,0.19,0,120,0.23,0,127,0.19,1
143,392,2,1,0,0,0,9,0.22,IDLE,,0.36,CHARGING,Charger_1,0,TERMINATED,Charger_1,0,TERMINATED,Field_3,0,TERMINATED,Field_1,0,TERMINATED,Field_2,0,TERMINATED,Field_2,0,TERMINATED,Field_1,0.13,IDLE,,0,TERMINATED,Field_3,0,TERMINATED,Field_1,0,TERMINATED,Field_3,140,0.19,0,121,0.23,0,131,0.19,0
144,397,1,1,0,0,1,9,0.22,IDLE,,0.37,CHARGING,Charger_1,0,TERMINATED,Charger_1,0,TERMINATED,Field_3,0,TERMINATED,Field_1,0,TERMINATED,Field_2,0,TERMINATED,Field_2,0,TERMINATED,Field_1,0.12,MOVING_TO_FIELD,Field_2,0,TERMINATED,Field_3,0,TERMINATED,Field_1,0,TERMINATED,Field_3,144,0.20,0,122,0.22,0,131,0.18,0
145,400,0,1,0,0,2,9,0.21,MOVING_TO_FIELD,Field_1,0.38,CHARGING,Charger_1,0,TERMINATED,Charger_1,0,TERMINATED,Field_3,0,TERMINATED,Field_1,0,TERMINATED,Field_2,0,TERMINATED,Field_2,0,TERMINATED,Field_1,0.11,MOVING_TO_FIELD,Field_2,0,TERMINATED,Field_3,0,TERMINATED,Field_1,0,TERMINATED,Field_3,145,0.21,0,122,0.21,0,133,0.18,0
146,401,1,1,1,0,0,9,0.20,PROTECTING,Field_3,0.39,CHARGING,Charger_1,0,TERMINATED,Charger_1,0,TERMINATED,Field_3,0,TERMINATED,Field_1,0,TERMINATED,Field_2,0,TERMINATED,Field_2,0,TERMINATED,Field_1,0.11,IDLE,,0,TERMINATED,Field_3,0,TERMINATED,Field_1,0,TERMINATED,Field_3,145,0.21,0,122,0.23,0,134,0.17,1
147,406,1,1,0,0,1,9,0.20,IDLE,,0.40,CHARGING,Charger_1,0,TERMINATED,Charger_1,0,TERMINATED,Field_3,0,TERMINATED,Field_1,0,TERMINATED,Field_2,0,TERMINATED,Field_2,0,TERMINATED,Field_1,0.10,MOVING_TO_FIELD,Field_2,0,TERMINATED,Field_3,0,TERMINATED,Field_1,0,TERMINATED,Field_3,146,0.22,0,123,0.22,0,137,0.14,0
148,410,0,1,0,0,2,9,0.19,MOVING_TO_FIELD,Field_1,0.41,CHARGING,Charger_1,0,TERMINATED,Charger_1,0,TERMINATED,Field_3,0,TERMINATED,Field_1,0,TERMINATED,Field_2,0,TERMINATED,Field_2,0,TERMINATED,Field_1,0.09,MOVING_TO_FIELD,Field_3,0,TERMINATED,Field_3,0,TERMINATED,Field_1,0,TERMINATED,Field_3,149,0.20,0,124,0.23,0,137,0.14,0
149,412,2,1,0,0,0,9,0.19,IDLE,,0.42,CHARGING,Charger_1,0,TERMINATED,Charger_1,0,TERMINATED,Field_3,0,TERMINATED,Field_1,0,TERMINATED,Field_2,0,TERMINATED,Field_2,0,TERMINATED,Field_1,0.09,IDLE,,0,TERMINATED,Field_3,0,TERMINATED,Field_1,0,TERMINATED,Field_3,150,0.21,0,124,0.21,0,138,0.14,0
150,414,1,1,0,0,1,9,0.19,IDLE,,0.43,CHARGING,Charger_1,0,TERMINATED,Charger_1,0,TERMINATED,Field_3,0,TERMINATED,Field_1,0,TERMINATED,Field_2,0,TERMINATED,Field_2,0,TERMINATED,Field_1,0.08,MOVING_TO_FIELD,Field_2,0,TERMINATED,Field_3,0,TERMINATED,Field_1,0,TERMINATED,Field_3,151,0.19,0,125,0.21,0,138,0.13,0
151,419,1,1,0,0,1,9,0.18,MOVING_TO_FIELD,Field_1,0.44,CHARGING,Charger_1,0,TERMINATED,Charger_1,0,TERMINATED,Field_3,0,TERMINATED,Field_1,0,TERMINATED,Field_2,0,TERMINATED,Field_2,0,TERMINATED,Field_1,0.08,IDLE,,0,TERMINATED,Field_3,0,TERMINATED,Field_1,0,TERMINATED,Field_3,153,0.18,0,126,0.21,0,140,0.14,0
152,420,0,1,0,1,1,9,0.17,MOVING_TO_FIELD,Field_1,0.45,CHARGING,Charger_1,0,TERMINATED,Charger_1,0,TERMINATED,Field_3,0,TERMINATED,Field_1,0,TERMINATED,Field_2,0,TERMINATED,Field_2,0,TERMINATED,Field_1,0.07,MOVING_TO_CHARGER,Charger_1,0,TERMINATED,Field_3,0,TERMINATED,Field_1,0,TERMINATED,Field_3,153,0.18,0,127,0.23,0,140,0.14,0
153,429,1,1,0,1,0,9,0.16,MOVING_TO_CHARGER,Charger_1,0.46,CHARGING,Charger_1,0,TERMINATED,Charger_1,0,TERMINATED,Field_3,0,TERMINATED,Field_1,0,TERMINATED,Field_2,0,TERMINATED,Field_2,0,TERMINATED,Field_1,0.07,IDLE,,0,TERMINATED,Field_3,0,TERMINATED,Field_1,0,TERMINATED,Field_3,156,0.16,0,132,0.23,0,141,0.14,0
154,430,0,1,0,0,2,9,0.15,MOVING_TO_FIELD,Field_2,0.47,CHARGING,Charger_1,0,TERMINATED,Charger_1,0,TERMINATED,Field_3,0,TERMINATED,Field_1,0,TERMINATED,Field_2,0,TERMINATED,Field_2,0,TERMINATED,Field_1,0.06,MOVING_TO_FIELD,Field_2,0,TERMINATED,Field_3,0,TERMINATED,Field_1,0,TERMINATED,Field_3,156,0.16,0,133,0.24,0,141,0.14,0
155,434,1,0,0,1,1,9,0.15,IDLE,,0.46,MOVING_TO_FIELD,Field_3,0,TERMINATED,Charger_1,0,TERMINATED,Field_3,0,TERMINATED,Field_1,0,TERMINATED,Field_2,0,TERMINATED,Field_2,0,TERMINATED,Field_1,0.05,MOVING_TO_CHARGER,Charger_1,0,TERMINATED,Field_3,0,TERMINATED,Field_1,0,TERMINATED,Field_3,158,0.16,0,133,0.24,0,143,0.15,0
156,435,1,1,0,0,1,9,0.14,MOVING_TO_FIELD,Field_3,0.46,CHARGING,Charger_1,0,TERMINATED,Charger_1,0,TERMINATED,Field_3,0,TERMINATED,Field_1,0,TERMINATED,Field_2,0,TERMINATED,Field_2,0,TERMINATED,Field_1,0.05,IDLE,,0,TERMINATED,Field_3,0,TERMINATED,Field_1,0,TERMINATED,Field_3,159,0.16,0,133,0.23,0,143,0.15,0
157,441,0,1,0,1,1,9,0.13,MOVING_TO_FIELD,Field_2,0.47,CHARGING,Charger_1,0,TERMINATED,Charger_1,0,TERMINATED,Field_3,0,TERMINATED,Field_1,0,TERMINATED,Field_2,0,TERMINATED,Field_2,0,TERMINATED,Field_1,0.04,MOVING_TO_CHARGER,Charger_1,0,TERMINATED,Field_3,0,TERMINATED,Field_1,0,TERMINATED,Field_3,160,0.16,0,135,0.24,0,146,0.16,0
158,443,0,1,0,1,1,9,0.12,MOVING_TO_FIELD,Field_3,0.48,CHARGING,Charger_1,0,TERMINATED,Charger_1,0,TERMINATED,Field_3,0,TERMINATED,Field_1,0,TERMINATED,Field_2,0,TERMINATED,Field_2,0,TERMINATED,Field_1,0.03,MOVING_TO_CHARGER,Charger_1,0,TERMINATED,Field_3,0,TERMINATED,Field_1,0,TERMINATED,Field_3,161,0.16,0,136,0.25,0,146,0.17,0
159,446,0,1,0,0,2,9,0.11,MOVING_TO_FIELD,Field_3,0.47,MOVING_TO_FIELD,Field_2,0,TERMINATED,Charger_1,0,TERMINATED,Field_3,0,TERMINATED,Field_1,0,TERMINATED,Field_2,0,TERMINATED,Field_2,0,TERMINATED,Field_1,0.03,CHARGING,Charger_1,0,TERMINATED,Field_3,0,TERMINATED,Field_1,0,TERMINATED,Field_3,161,0.16,0,136,0.24,0,149,0.16,0
160,448,0,2,0,0,1,9,0.10,MOVING_TO_FIELD,Field_3,0.47,CHARGING,Charger_1,0,TERMINATED,Charger_1,0,TERMINATED,Field_3,0,TERMINATED,Field_1,0,TERMINATED,Field_2,0,TERMINATED,Field_2,0,TERMINATED,Field_1,0.04,CHARGING,Charger_1,0,TERMINATED,Field_3,0,TERMINATED,Field_1,0,TERMINATED,Field_3,163,0.16,0,136,0.26,0,149,0.16,0
161,448,2,1,0,0,0,9,0.10,IDLE,,0.47,IDLE,,0,TERMINATED,Charger_1,0,TERMINATED,Field_3,0,TERMINATED,Field_1,0,TERMINATED,Field_2,0,TERMINATED,Field_2,0,TERMINATED,Field_1,0.05,CHARGING,Charger_1,0,TERMINATED,Field_3,0,TERMINATED,Field_1,0,TERMINATED,Field_3,163,0.15,0,136,0.25,0,149,0.17,0
162,452,0,1,0,0,2,9,0.09,MOVING_TO_FIELD,Field_1,0.47,CHARGING,Charger_1,0,TERMINATED,Charger_1,0,TERMINATED,Field_3,0,TERMINATED,Field_1,0,TERMINATED,Field_2,0,TERMINATED,Field_2,0,TERMINATED,Field_1,0.04,MOVING_TO_FIELD,Field_3,0,TERMINATED,Field_3,0,TERMINATED,Field_1,0,TERMINATED,Field_3,164,0.16,0,138,0.24,0,150,0.17,0
163,458,1,1,0,1,0,9,0.09,IDLE,,0.48,CHARGING,Charger_1,0,TERMINATED,Charger_1,0,TERMINATED,Field_3,0,TERMINATED,Field_1,0,TERMINATED,Field_2,0,TERMINATED,Field_2,0,TERMINATED,Field_1,0.03,MOVING_TO_CHARGER,Charger_1,0,TERMINATED,Field_3,0,TERMINATED,Field_1,0,TERMINATED,Field_3,167,0.16,0,139,0.23,0,152,0.16,0
164,460,0,1,0,0,2,9,0.08,MOVING_TO_FIELD,Field_2,0.49,CHARGING,Charger_1,0,TERMINATED,Charger_1,0,TERMINATED,Field_3,0,TERMINATED,Field_1,0,TERMINATED,Field_2,0,TERMINATED,Field_2,0,TERMINATED,Field_1,0.02,MOVING_TO_FIELD,Field_2,0,TERMINATED,Field_3,0,TERMINATED,Field_1,0,TERMINATED,Field_3,167,0.18,0,140,0.23,0,153,0.17,0
165,463,1,2,0,0,0,9,0.08,IDLE,,0.50,CHARGING,Charger_1,0,TERMINATED,Charger_1,0,TERMINATED,Field_3,0,TERMINATED,Field_1,0,TERMINATED,Field_2,0,TERMINATED,Field_2,0,TERMINATED,Field_1,0.02,CHARGING,Charger_1,0,TERMINATED,Field_3,0,TERMINATED,Field_1,0,TERMINATED,Field_3,168,0.17,0,140,0.21,0,155,0.17,0
166,471,1,0,0,0,2,9,0.08,IDLE,,0.49,MOVING_TO_FIELD,Field_2,0,TERMINATED,Charger_1,0,TERMINATED,Field_3,0,TERMINATED,Field_1,0,TERMINATED,Field_2,0,TERMINATED,Field_2,0,TERMINATED,Field_1,0.01,MOVING_TO_FIELD,Field_3,0,TERMINATED,Field_3,0,TERMINATED,Field_1,0,TERMINATED,Field_3,170,0.17,0,143,0.20,0,158,0.16,0
167,475,1,1,0,0,0,10,0.08,IDLE,,0.49,CHARGING,Charger_1,0,TERMINATED,Charger_1,0,TERMINATED,Field_3,0,TERMINATED,Field_1,0,TERMINATED,Field_2,0,TERMINATED,Field_2,0,TERMINATED,Field_1,0,TERMINATED,Field_3,0,TERMINATED,Field_3,0,TERMINATED,Field_1,0,TERMINATED,Field_3,172,0.17,0,144,0.21,0,159,0.15,0
168,476,1,1,0,0,0,10,0.08,IDLE,,0.50,CHARGING,Charger_1,0,TERMINATED,Charger_1,0,TERMINATED,Field_3,0,TERMINATED,Field_1,0,TERMINATED,Field_2,0,TERMINATED,Field_2,0,TERMINATED,Field_1,0,TERMINATED,Field_3,0,TERMINATED,Field_3,0,TERMINATED,Field_1,0,TERMINATED,Field_3,172,0.17,0,145,0.23,0,159,0.13,0
169,477,1,1,0,0,0,10,0.08,IDLE,,0.51,CHARGING,Charger_1,0,TERMINATED,Charger_1,0,TERMINATED,Field_3,0,TERMINATED,Field_1,0,TERMINATED,Field_2,0,TERMINATED,Field_2,0,TERMINATED,Field_1,0,TERMINATED,Field_3,0,TERMINATED,Field_3,0,TERMINATED,Field_1,0,TERMINATED,Field_3,173,0.18,0,145,0.22,0,159,0.10,0
170,481,0,1,0,1,0,10,0.07,MOVING_TO_CHARGER,Charger_1,0.52,CHARGING,Charger_1,0,TERMINATED,Charger_1,0,TERMINATED,Field_3,0,TERMINATED,Field_1,0,TERMINATED,Field_2,0,TERMINATED,Field_2,0,TERMINATED,Field_1,0,TERMINATED,Field_3,0,TERMINATED,Field_3,0,TERMINATED,Field_1,0,TERMINATED,Field_3,174,0.19,0,146,0.21,0,161,0.10,0
171,482,0,1,0,0,1,10,0.06,MOVING_TO_FIELD,Field_3,0.53,CHARGING,Charger_1,0,TERMINATED,Charger_1,0,TERMINATED,Field_3,0,TERMINATED,Field_1,0,TERMINATED,Field_2,0,TERMINATED,Field_2,0,TERMINATED,Field_1,0,TERMINATED,Field_3,0,TERMINATED,Field_3,0,TERMINATED,Field_1,0,TERMINATED,Field_3,175,0.19,0,146,0.21,0,161,0.10,0
172,485,1,1,0,0,0,10,0.06,IDLE,,0.54,CHARGING,Charger_1,0,TERMINATED,Charger_1,0,TERMINATED,Field_3,0,TERMINATED,Field_1,0,TERMINATED,Field_2,0,TERMINATED,Field_2,0,TERMINATED,Field_1,0,TERMINATED,Field_3,0,TERMINATED,Field_3,0,TERMINATED,Field_1,0,TERMINATED,Field_3,177,0.17,0,147,0.22,0,161,0.10,0
173,487,0,1,0,0,1,10,0.05,MOVING_TO_FIELD,Field_3,0.55,CHARGING,Charger_1,0,TERMINATED,Charger_1,0,TERMINATED,Field_3,0,TERMINATED,Field_1,0,TERMINATED,Field_2,0,TERMINATED,Field_2,0,TERMINATED,Field_1,0,TERMINATED,Field_3,0,TERMINATED,Field_3,0,TERMINATED,Field_1,0,TERMINATED,Field_3,178,0.19,0,148,0.22,0,161,0.10,0
174,489,1,0,0,0,1,10,0.04,MOVING_TO_FIELD,Field_3,0.55,IDLE,,0,TERMINATED,Charger_1,0,TERMINATED,Field_3,0,TERMINATED,Field_1,0,TERMINATED,Field_2,0,TERMINATED,Field_2,0,TERMINATED,Field_1,0,TERMINATED,Field_3,0,TERMINATED,Field_3,0,TERMINATED,Field_1,0,TERMINATED,Field_3,179,0.20,0,149,0.21,0,161,0.12,0
175,492,1,0,1,0,0,10,0.03,PROTECTING,Field_3,0.55,IDLE,,0,TERMINATED,Charger_1,0,TERMINATED,Field_3,0,TERMINATED,Field_1,0,TERMINATED,Field_2,0,TERMINATED,Field_2,0,TERMINATED,Field_1,0,TERMINATED,Field_3,0,TERMINATED,Field_3,0,TERMINATED,Field_1,0,TERMINATED,Field_3,180,0.21,0,151,0.23,0,161,0.12,1
176,495,2,0,0,0,0,10,0.03,IDLE,,0.55,IDLE,,0,TERMINATED,Charger_1,0,TERMINATED,Field_3,0,TERMINATED,Field_1,0,TERMINATED,Field_2,0,TERMINATED,Field_2,0,TERMINATED,Field_1,0,TERMINATED,Field_3,0,TERMINATED,Field_3,0,TERMINATED,Field_1,0,TERMINATED,Field_3,181,0.19,0,153,0.24,0,161,0.12,0
177,498,0,0,1,0,1,10,0.02,PROTECTING,Field_3,0.54,MOVING_TO_FIELD,Field_3,0,TERMINATED,Charger_1,0,TERMINATED,Field_3,0,TERMINATED,Field_1,0,TERMINATED,Field_2,0,TERMINATED,Field_2,0,TERMINATED,Field_1,0,TERMINATED,Field_3,0,TERMINATED,Field_3,0,TERMINATED,Field_1,0,TERMINATED,Field_3,181,0.19,0,155,0.22,0,162,0.12,1
178,501,2,0,0,0,0,10,0.02,IDLE,,0.54,IDLE,,0,TERMINATED,Charger_1,0,TERMINATED,Field_3,0,TERMINATED,Field_1,0,TERMINATED,Field_2,0,TERMINATED,Field_2,0,TERMINATED,Field_1,0,TERMINATED,Field_3,0,TERMINATED,Field_3,0,TERMINATED,Field_1,0,TERMINATED,Field_3,182,0.20,0,155,0.23,0,164,0.12,0
179,504,2,0,0,0,0,10,0.02,IDLE,,0.54,IDLE,,0,TERMINATED,Charger_1,0,TERMINATED,Field_3,0,TERMINATED,Field_1,0,TERMINATED,Field_2,0,TERMINATED,Field_2,0,TERMINATED,Field_1,0,TERMINATED,Field_3,0,TERMINATED,Field_3,0,TERMINATED,Field_1,0,TERMINATED,Field_3,183,0.22,0,156,0.22,0,165,0.11,0
180,507,2,0,0,0,0,10,0.02,IDLE,,0.54,IDLE,,0,TERMINATED,Charger_1,0,TERMINATED,Field_3,0,TERMINATED,Field_1,0,TERMINATED,Field_2,0,TERMINATED,Field_2,0,TERMINATED,Field_1,0,TERMINATED,Field_3,0,TERMINATED,Field_3,0,TERMINATED,Field_1,0,TERMINATED,Field_3,184,0.22,0,157,0.21,0,166,0.12,0
181,509,2,0,0,0,0,10,0.02,IDLE,,0.54,IDLE,,0,TERMINATED,Charger_1,0,TERMINATED,Field_3,0,TERMINATED,Field_1,0,TERMINATED,Field_2,0,TERMINATED,Field_2,0,TERMINATED,Field_1,0,TERMINATED,Field_3,0,TERMINATED,Field_3,0,TERMINATED,Field_1,0,TERMINATED,Field_3,185,0.21,0,158,0.22,0,166,0.11,0
182,510,2,0,0,0,0,10,0.02,IDLE,,0.54,IDLE,,0,TERMINATED,Charger_1,0,TERMINATED,Field_3,0,TERMINATED,Field_1,0,TERMINATED,Field_2,0,TERMINATED,Field_2,0,TERMINATED,Field_1,0,TERMINATED,Field_3,0,TERMINATED,Field_3,0,TERMINATED,Field_1,0,TERMINATED,Field_3,185,0.24,0,159,0.21,0,166,0.11,0
183,510,2,0,0,0,0,10,0.02,IDLE,,0.54,IDLE,,0,TERMINATED,Charger_1,0,TERMINATED,Field_3,0,TERMINATED,Field_1,0,TERMINATED,Field_2,0,TERMINATED,Field_2,0,TERMINATED,Field_1,0,TERMINATED,Field_3,0,TERMINATED,Field_3,0,TERMINATED,Field_1,0,TERMINATED,Field_3,185,0.24,0,159,0.22,0,166,0.10,0
184,515,2,0,0,0,0,10,0.02,IDLE,,0.54,IDLE,,0,TERMINATED,Charger_1,0,TERMINATED,Field_3,0,TERMINATED,Field_1,0,TERMINATED,Field_2,0,TERMINATED,Field_2,0,TERMINATED,Field_1,0,TERMINATED,Field_3,0,TERMINATED,Field_3,0,TERMINATED,Field_1,0,TERMINATED,Field_3,189,0.25,0,159,0.23,0,167,0.11,0
185,519,1,0,1,0,0,10,0.01,PROTECTING,Field_3,0.54,IDLE,,0,TERMINATED,Charger_1,0,TERMINATED,Field_3,0,TERMINATED,Field_1,0,TERMINATED,Field_2,0,TERMINATED,Field_2,0,TERMINATED,Field_1,0,TERMINATED,Field_3,0,TERMINATED,Field_3,0,TERMINATED,Field_1,0,TERMINATED,Field_3,190,0.24,0,161,0.23,0,168,0.11,1
186,525,2,0,0,0,0,10,0.01,IDLE,,0.54,IDLE,,0,TERMINATED,Charger_1,0,TERMINATED,Field_3,0,TERMINATED,Field_1,0,TERMINATED,Field_2,0,TERMINATED,Field_2,0,TERMINATED,Field_1,0,TERMINATED,Field_3,0,TERMINATED,Field_3,0,TERMINATED,Field_1,0,TERMINATED,Field_3,193,0.24,0,163,0.23,0,169,0.11,0
187,525,1,0,0,0,0,11,0,TERMINATED,Field_2,0.54,IDLE,,0,TERMINATED,Charger_1,0,TERMINATED,Field_3,0,TERMINATED,Field_1,0,TERMINATED,Field_2,0,TERMINATED,Field_2,0,TERMINATED,Field_1,0,TERMINATED,Field_3,0,TERMINATED,Field_3,0,TERMINATED,Field_1,0,TERMINATED,Field_3,193,0.25,0,163,0.22,0,169,0.14,0
188,528,1,0,0,0,0,11,0,TERMINATED,Field_2,0.54,IDLE,,0,TERMINATED,Charger_1,0,TERMINATED,Field_3,0,TERMINATED,Field_1,0,TERMINATED,Field_2,0,TERMINATED,Field_2,0,TERMINATED,Field_1,0,TERMINATED,Field_3,0,TERMINATED,Field_3,0,TERMINATED,Field_1,0,TERMINATED,Field_3,195,0.25,0,164,0.21,0,169,0.15,0
189,532,0,1,0,0,0,11,0,TERMINATED,Field_2,0.54,CHARGING,Charger_1,0,TERMINATED,Charger_1,0,TERMINATED,Field_3,0,TERMINATED,Field_1,0,TERMINATED,Field_2,0,TERMINATED,Field_2,0,TERMINATED,Field_1,0,TERMINATED,Field_3,0,TERMINATED,Field_3,0,TERMINATED,Field_1,0,TERMINATED,Field_3,197,0.24,0,164,0.21,0,171,0.14,0
190,536,1,0,0,0,0,11,0,TERMINATED,Field_2,0.54,IDLE,,0,TERMINATED,Charger_1,0,TERMINATED,Field_3,0,TERMINATED,Field_1,0,TERMINATED,Field_2,0,TERMINATED,Field_2,0,TERMINATED,Field_1,0,TERMINATED,Field_3,0,TERMINATED,Field_3,0,TERMINATED,Field_1,0,TERMINATED,Field_3,197,0.22,0,168,0.24,0,171,0.13,0
191,538,1,0,0,0,0,11,0,TERMINATED,Field_2,0.54,IDLE,,0,TERMINATED,Charger_1,0,TERMINATED,Field_3,0,TERMINATED,Field_1,0,TERMINATED,Field_2,0,TERMINATED,Field_2,0,TERMINATED,Field_1,0,TERMINATED,Field_3,0,TERMINATED,Field_3,0,TERMINATED,Field_1,0,TERMINATED,Field_3,198,0.22,0,168,0.22,0,172,0.12,0
192,540,1,0,0,0,0,11,0,TERMINATED,Field_2,0.54,IDLE,,0,TERMINATED,Charger_1,0,TERMINATED,Field_3,0,TERMINATED,Field_1,0,TERMINATED,Field_2,0,TERMINATED,Field_2,0,TERMINATED,Field_1,0,TERMINATED,Field_3,0,TERMINATED,Field_3,0,TERMINATED,Field_1,0,TERMINATED,Field_3,198,0.21,0,170,0.22,0,172,0.11,0
193,545,1,0,0,0,0,11,0,TERMINATED,Field_2,0.54,IDLE,,0,TERMINATED,Charger_1,0,TERMINATED,Field_3,0,TERMINATED,Field_1,0,TERMINATED,Field_2,0,TERMINATED,Field_2,0,TERMINATED,Field_1,0,TERMINATED,Field_3,0,TERMINATED,Field_3,0,TERMINATED,Field_1,0,TERMINATED,Field_3,200,0.21,0,172,0.22,0,173,0.12,0
194,546,1,0,0,0,0,11,0,TERMINATED,Field_2,0.54,IDLE,,0,TERMINATED,Charger_1,0,TERMINATED,Field_3,0,TERMINATED,Field_1,0,TERMINATED,Field_2,0,TERMINATED,Field_2,0,TERMINATED,Field_1,0,TERMINATED,Field_3,0,TERMINATED,Field_3,0,TERMINATED,Field_1,0,TERMINATED,Field_3,200,0.22,0,172,0.22,0,174,0.12,0
195,553,1,0,0,0,0,11,0,TERMINATED,Field_2,0.54,IDLE,,0,TERMINATED,Charger_1,0,TERMINATED,Field_3,0,TERMINATED,Field_1,0,TERMINATED,Field_2,0,TERMINATED,Field_2,0,TERMINATED,Field_1,0,TERMINATED,Field_3,0,TERMINATED,Field_3,0,TERMINATED,Field_1,0,TERMINATED,Field_3,202,0.20,0,176,0.21,0,175,0.12,0
196,555,1,0,0,0,0,11,0,TERMINATED,Field_2,0.54,IDLE,,0,TERMINATED,Charger_1,0,TERMINATED,Field_3,0,TERMINATED,Field_1,0,TERMINATED,Field_2,0,TERMINATED,Field_2,0,TERMINATED,Field_1,0,TERMINATED,Field_3,0,TERMINATED,Field_3,0,TERMINATED,Field_1,0,TERMINATED,Field_3,202,0.21,0,176,0.20,0,177,0.10,0
197,561,1,0,0,0,0,11,0,TERMINATED,Field_2,0.54,IDLE,,0,TERMINATED,Charger_1,0,TERMINATED,Field_3,0,TERMINATED,Field_1,0,TERMINATED,Field_2,0,TERMINATED,Field_2,0,TERMINATED,Field_1,0,TERMINATED,Field_3,0,TERMINATED,Field_3,0,TERMINATED,Field_1,0,TERMINATED,Field_3,204,0.21,0,179,0.20,0,178,0.11,0
198,562,1,0,0,0,0,11,0,TERMINATED,Field_2,0.54,IDLE,,0,TERMINATED,Charger_1,0,TERMINATED,Field_3,0,TERMINATED,Field_1,0,TERMINATED,Field_2,0,TERMINATED,Field_2,0,TERMINATED,Field_1,0,TERMINATED,Field_3,0,TERMINATED,Field_3,0,TERMINATED,Field_1,0,TERMINATED,Field_3,204,0.20,0,180,0.18,0,178,0.11,0
199,563,1,0,0,0,0,11,0,TERMINATED,Field_2,0.54,IDLE,,0,TERMINATED,Charger_1,0,TERMINATED,Field_3,0,TERMINATED,Field_1,0,TERMINATED,Field_2,0,TERMINATED,Field_2,0,TERMINATED,Field_1,0,TERMINATED,Field_3,0,TERMINATED,Field_3,0,TERMINATED,Field_1,0,TERMINATED,Field_3,205,0.18,0,180,0.17,0,178,0.13,0
200,566,1,0,0,0,0,11,0,TERMINATED,Field_2,0.54,IDLE,,0,TERMINATED,Charger_1,0,TERMINATED,Field_3,0,TERMINATED,Field_1,0,TERMINATED,Field_2,0,TERMINATED,Field_2,0,TERMINATED,Field_1,0,TERMINATED,Field_3,0,TERMINATED,Field_3,0,TERMINATED,Field_1,0,TERMINATED,Field_3,207,0.17,0,180,0.17,0,179,0.13,0
201,567,1,0,0,0,0,11,0,TERMINATED,Field_2,0.54,IDLE,,0,TERMINATED,Charger_1,0,TERMINATED,Field_3,0,TERMINATED,Field_1,0,TERMINATED,Field_2,0,TERMINATED,Field_2,0,TERMINATED,Field_1,0,TERMINATED,Field_3,0,TERMINATED,Field_3,0,TERMINATED,Field_1,0,TERMINATED,Field_3,208,0.17,0,180,0.17,0,179,0.12,0
202,568,1,0,0,0,0,11,0,TERMINATED,Field_2,0.54,IDLE,,0,TERMINATED,Charger_1,0,TERMINATED,Field_3,0,TERMINATED,Field_1,0,TERMINATED,Field_2,0,TERMINATED,Field_2,0,TERMINATED,Field_1,0,TERMINATED,Field_3,0,TERMINATED,Field_3,0,TERMINATED,Field_1,0,TERMINATED,Field_3,209,0.17,0,180,0.15,0,179,0.11,0
203,571,0,1,0,0,0,11,0,TERMINATED,Field_2,0.54,CHARGING,Charger_1,0,TERMINATED,Charger_1,0,TERMINATED,Field_3,0,TERMINATED,Field_1,0,TERMINATED,Field_2,0,TERMINATED,Field_2,0,TERMINATED,Field_1,0,TERMINATED,Field_3,0,TERMINATED,Field_3,0,TERMINATED,Field_1,0,TERMINATED,Field_3,210,0.17,0,181,0.14,0,180,0.12,0
204,572,0,1,0,0,0,11,0,TERMINATED,Field_2,0.55,CHARGING,Charger_1,0,TERMINATED,Charger_1,0,TERMINATED,Field_3,0,TERMINATED,Field_1,0,TERMINATED,Field_2,0,TERMINATED,Field_2,0,TERMINATED,Field_1,0,TERMINATED,Field_3,0,TERMINATED,Field_3,0,TERMINATED,Field_1,0,TERMINATED,Field_3,211,0.19,0,181,0.14,0,180,0.12,0
205,576,0,1,0,0,0,11,0,TERMINATED,Field_2,0.56,CHARGING,Charger_1,0,TERMINATED,Charger_1,0,TERMINATED,Field_3,0,TERMINATED,Field_1,0,TERMINATED,Field_2,0,TERMINATED,Field_2,0,TERMINATED,Field_1,0,TERMINATED,Field_3,0,TERMINATED,Field_3,0,TERMINATED,Field_1,0,TERMINATED,Field_3,213,0.19,0,182,0.14,0,181,0.12,0
206,578,0,1,0,0,0,11,0,TERMINATED,Field_2,0.57,CHARGING,Charger_1,0,TERMINATED,Charger_1,0,TERMINATED,Field_3,0,TERMINATED,Field_1,0,TERMINATED,Field_2,0,TERMINATED,Field_2,0,TERMINATED,Field_1,0,TERMINATED,Field_3,0,TERMINATED,Field_3,0,TERMINATED,Field_1,0,TERMINATED,Field_3,213,0.18,0,184,0.15,0,181,0.15,0
207,579,0,1,0,0,0,11,0,TERMINATED,Field_2,0.58,CHARGING,Charger_1,0,TERMINATED,Charger_1,0,TERMINATED,Field_3,0,TERMINATED,Field_1,0,TERMINATED,Field_2,0,TERMINATED,Field_2,0,TERMINATED,Field_1,0,TERMINATED,Field_3,0,TERMINATED,Field_3,0,TERMINATED,Field_1,0,TERMINATED,Field_3,213,0.18,0,184,0.15,0,182,0.15,0
208,583,0,1,0,0,0,11,0,TERMINATED,Field_2,0.59,CHARGING,Charger_1,0,TERMINATED,Charger_1,0,TERMINATED,Field_3,0,TERMINATED,Field_1,0,TERMINATED,Field_2,0,TERMINATED,Field_2,0,TERMINATED,Field_1,0,TERMINATED,Field_3,0,TERMINATED,Field_3,0,TERMINATED,Field_1,0,TERMINATED,Field_3,215,0.20,0,185,0.14,0,183,0.14,0
209,584,0,1,0,0,0,11,0,TERMINATED,Field_2,0.60,CHARGING,Charger_1,0,TERMINATED,Charger_1,0,TERMINATED,Field_3,0,TERMINATED,Field_1,0,TERMINATED,Field_2,0,TERMINATED,Field_2,0,TERMINATED,Field_1,0,TERMINATED,Field_3,0,TERMINATED,Field_3,0,TERMINATED,Field_1,0,TERMINATED,Field_3,216,0.20,0,185,0.13,0,183,0.13,0
210,586,0,1,0,0,0,11,0,TERMINATED,Field_2,0.61,CHARGING,Charger_1,0,TERMINATED,Charger_1,0,TERMINATED,Field_3,0,TERMINATED,Field_1,0,TERMINATED,Field_2,0,TERMINATED,Field_2,0,TERMINATED,Field_1,0,TERMINATED,Field_3,0,TERMINATED,Field_3,0,TERMINATED,Field_1,0,TERMINATED,Field_3,218,0.20,0,185,0.15,0,183,0.12,0
211,589,0,1,0,0,0,11,0,TERMINATED,Field_2,0.62,CHARGING,Charger_1,0,TERMINATED,Charger_1,0,TERMINATED,Field_3,0,TERMINATED,Field_1,0,TERMINATED,Field_2,0,TERMINATED,Field_2,0,TERMINATED,Field_1,0,TERMINATED,Field_3,0,TERMINATED,Field_3,0,TERMINATED,Field_1,0,TERMINATED,Field_3,219,0.21,0,186,0.15,0,184,0.13,0
212,590,1,0,0,0,0,11,0,TERMINATED,Field_2,0.62,IDLE,,0,TERMINATED,Charger_1,0,TERMINATED,Field_3,0,TERMINATED,Field_1,0,TERMINATED,Field_2,0,TERMINATED,Field_2,0,TERMINATED,Field_1,0,TERMINATED,Field_3,0,TERMINATED,Field_3,0,TERMINATED,Field_1,0,TERMINATED,Field_3,220,0.21,0,186,0.15,0,184,0.12,0
213,592,1,0,0,0,0,11,0,TERMINATED,Field_2,0.62,IDLE,,0,TERMINATED,Charger_1,0,TERMINATED,Field_3,0,TERMINATED,Field_1,0,TERMINATED,Field_2,0,TERMINATED,Field_2,0,TERMINATED,Field_1,0,TERMINATED,Field_3,0,TERMINATED,Field_3,0,TERMINATED,Field_1,0,TERMINATED,Field_3,221,0.22,0,186,0.16,0,185,0.11,0
214,593,1,0,0,0,0,11,0,TERMINATED,Field_2,0.62,IDLE,,0,TERMINATED,Charger_1,0,TERMINATED,Field_3,0,TERMINATED,Field_1,0,TERMINATED,Field_2,0,TERMINATED,Field_2,0,TERMINATED,Field_1,0,TERMINATED,Field_3,0,TERMINATED,Field_3,0,TERMINATED,Field_1,0,TERMINATED,Field_3,221,0.22,0,186,0.17,0,186,0.13,0
215,594,1,0,0,0,0,11,0,TERMINATED,Field_2,0.62,IDLE,,0,TERMINATED,Charger_1,0,TERMINATED,Field_3,0,TERMINATED,Field_1,0,TERMINATED,Field_2,0,TERMINATED,Field_2,0,TERMINATED,Field_1,0,TERMINATED,Field_3,0,TERMINATED,Field_3,0,TERMINATED,Field_1,0,TERMINATED,Field_3,221,0.21,0,187,0.16,0,186,0.12,0
216,596,1,0,0,0,0,11,0,TERMINATED,Field_2,0.62,IDLE,,0,TERMINATED,Charger_1,0,TERMINATED,Field_3,0,TERMINATED,Field_1,0,TERMINATED,Field_2,0,TERMINATED,Field_2,0,TERMINATED,Field_1,0,TERMINATED,Field_3,0,TERMINATED,Field_3,0,TERMINATED,Field_1,0,TERMINATED,Field_3,223,0.21,0,187,0.18,0,186,0.10,0
217,598,1,0,0,0,0,11,0,TERMINATED,Field_2,0.62,IDLE,,0,TERMINATED,Charger_1,0,TERMINATED,Field_3,0,TERMINATED,Field_1,0,TERMINATED,Field_2,0,TERMINATED,Field_2,0,TERMINATED,Field_1,0,TERMINATED,Field_3,0,TERMINATED,Field_3,0,TERMINATED,Field_1,0,TERMINATED,Field_3,223,0.20,0,188,0.20,0,187,0.12,0
218,601,1,0,0,0,0,11,0,TERMINATED,Field_2,0.62,IDLE,,0,TERMINATED,Charger_1,0,TERMINATED,Field_3,0,TERMINATED,Field_1,0,TERMINATED,Field_2,0,TERMINATED,Field_2,0,TERMINATED,Field_1,0,TERMINATED,Field_3,0,TERMINATED,Field_3,0,TERMINATED,Field_1,0,TERMINATED,Field_3,223,0.19,0,191,0.19,0,187,0.10,0
219,602,1,0,0,0,0,11,0,TERMINATED,Field_2,0.62,IDLE,,0,TERMINATED,Charger_1,0,TERMINATED,Field_3,0,TERMINATED,Field_1,0,TERMINATED,Field_2,0,TERMINATED,Field_2,0,TERMINATED,Field_1,0,TERMINATED,Field_3,0,TERMINATED,Field_3,0,TERMINATED,Field_1,0,TERMINATED,Field_3,223,0.18,0,191,0.20,0,188,0.10,0
220,607,0,0,0,0,1,11,0,TERMINATED,Field_2,0.61,MOVING_TO_FIELD,Field_1,0,TERMINATED,Charger_1,0,TERMINATED,Field_3,0,TERMINATED,Field_1,0,TERMINATED,Field_2,0,TERMINATED,Field_2,0,TERMINATED,Field_1,0,TERMINATED,Field_3,0,TERMINATED,Field_3,0,TERMINATED,Field_1,0,TERMINATED,Field_3,225,0.19,0,194,0.21,0,188,0.12,0
221,610,0,0,0,1,0,11,0,TERMINATED,Field_2,0.60,MOVING_TO_CHARGER,Charger_1,0,TERMINATED,Charger_1,0,TERMINATED,Field_3,0,TERMINATED,Field_1,0,TERMINATED,Field_2,0,TERMINATED,Field_2,0,TERMINATED,Field_1,0,TERMINATED,Field_3,0,TERMINATED,Field_3,0,TERMINATED,Field_1,0,TERMINATED,Field_3,226,0.18,0,195,0.22,0,189,0.12,0
222,611,1,0,0,0,0,11,0,TERMINATED,Field_2,0.60,IDLE,,0,TERMINATED,Charger_1,0,TERMINATED,Field_3,0,TERMINATED,Field_1,0,TERMINATED,Field_2,0,TERMINATED,Field_2,0,TERMINATED,Field_1,0,TERMINATED,Field_3,0,TERMINATED,Field_3,0,TERMINATED,Field_1,0,TERMINATED,Field_3,227,0.18,0,195,0.22,0,189,0.12,0
223,612,1,0,0,0,0,11,0,TERMINATED,Field_2,0.60,IDLE,,0,TERMINATED,Charger_1,0,TERMINATED,Field_3,0,TERMINATED,Field_1,0,TERMINATED,Field_2,0,TERMINATED,Field_2,0,TERMINATED,Field_1,0,TERMINATED,Field_3,0,TERMINATED,Field_3,0,TERMINATED,Field_1,0,TERMINATED,Field_3,227,0.17,0,196,0.22,0,189,0.12,0
224,613,1,0,0,0,0,11,0,TERMINATED,Field_2,0.60,IDLE,,0,TERMINATED,Charger_1,0,TERMINATED,Field_3,0,TERMINATED,Field_1,0,TERMINATED,Field_2,0,TERMINATED,Field_2,0,TERMINATED,Field_1,0,TERMINATED,Field_3,0,TERMINATED,Field_3,0,TERMINATED,Field_1,0,TERMINATED,Field_3,227,0.16,0,197,0.20,0,189,0.12,0
225,613,0,0,0,0,1,11,0,TERMINATED,Field_2,0.59,MOVING_TO_FIELD,Field_1,0,TERMINATED,Charger_1,0,TERMINATED,Field_3,0,TERMINATED,Field_1,0,TERMINATED,Field_2,0,TERMINATED,Field_2,0,TERMINATED,Field_1,0,TERMINATED,Field_3,0,TERMINATED,Field_3,0,TERMINATED,Field_1,0,TERMINATED,Field_3,227,0.15,0,197,0.19,0,189,0.12,0
226,615,1,0,0,0,0,11,0,TERMINATED,Field_2,0.59,IDLE,,0,TERMINATED,Charger_1,0,TERMINATED,Field_3,0,TERMINATED,Field_1,0,TERMINATED,Field_2,0,TERMINATED,Field_2,0,TERMINATED,Field_1,0,TERMINATED,Field_3,0,TERMINATED,Field_3,0,TERMINATED,Field_1,0,TERMINATED,Field_3,228,0.17,0,197,0.20,0,190,0.12,0
227,617,1,0,0,0,0,11,0,TERMINATED,Field_2,0.59,IDLE,,0,TERMINATED,Charger_1,0,TERMINATED,Field_3,0,TERMINATED,Field_1,0,TERMINATED,Field_2,0,TERMINATED,Field_2,0,TERMINATED,Field_1,0,TERMINATED,Field_3,0,TERMINATED,Field_3,0,TERMINATED,Field_1,0,TERMINATED,Field_3,229,0.16,0,198,0.21,0,190,0.11,0
228,619,1,0,0,0,0,11,0,TERMINATED,Field_2,0.59,IDLE,,0,TERMINATED,Charger_1,0,TERMINATED,Field_3,0,TERMINATED,Field_1,0,TERMINATED,Field_2,0,TERMINATED,Field_2,0,TERMINATED,Field_1,0,TERMINATED,Field_3,0,TERMINATED,Field_3,0,TERMINATED,Field_1,0,TERMINATED,Field_3,230,0.16,0,199,0.22,0,190,0.15,0
229,621,1,0,0,0,0,11,0,TERMINATED,Field_2,0.59,IDLE,,0,TERMINATED,Charger_1,0,TERMINATED,Field_3,0,TERMINATED,Field_1,0,TERMINATED,Field_2,0,TERMINATED,Field_2,0,TERMINATED,Field_1,0,TERMINATED,Field_3,0,TERMINATED,Field_3,0,TERMINATED,Field_1,0,TERMINATED,Field_3,230,0.16,0,201,0.21,0,190,0.14,0
230,623,1,0,0,0,0,11,0,TERMINATED,Field_2,0.59,IDLE,,0,TERMINATED,Charger_1,0,TERMINATED,Field_3,0,TERMINATED,Field_1,0,TERMINATED,Field_2,0,TERMINATED,Field_2,0,TERMINATED,Field_1,0,TERMINATED,Field_3,0,TERMINATED,Field_3,0,TERMINATED,Field_1,0,TERMINATED,Field_3,231,0.16,0,202,0.20,0,190,0.13,0
231,624,1,0,0,0,0,11,0,TERMINATED,Field_2,0.59,IDLE,,0,TERMINATED,Charger_1,0,TERMINATED,Field_3,0,TERMINATED,Field_1,0,TERMINATED,Field_2,0,TERMINATED,Field_2,0,TERMINATED,Field_1,0,TERMINATED,Field_3,0,TERMINATED,Field_3,0,TERMINATED,Field_1,0,TERMINATED,Field_3,231,0.14,0,203,0.22,0,190,0.12,0
232,626,1,0,0,0,0,11,0,TERMINATED,Field_2,0.59,IDLE,,0,TERMINATED,Charger_1,0,TERMINATED,Field_3,0,TERMINATED,Field_1,0,TERMINATED,Field_2,0,TERMINATED,Field_2,0,TERMINATED,Field_1,0,TERMINATED,Field_3,0,TERMINATED,Field_3,0,TERMINATED,Field_1,0,TERMINATED,Field_3,232,0.14,0,204,0.22,0,190,0.12,0
233,627,1,0,0,0,0,11,0,TERMINATED,Field_2,0.59,IDLE,,0,TERMINATED,Charger_1,0,TERMINATED,Field_3,0,TERMINATED,Field_1,0,TERMINATED,Field_2,0,TERMINATED,Field_2,0,TERMINATED,Field_1,0,TERMINATED,Field_3,0,TERMINATED,Field_3,0,TERMINATED,Field_1,0,TERMINATED,Field_3,232,0.16,0,204,0.23,0,191,0.12,0
234,628,1,0,0,0,0,11,0,TERMINATED,Field_2,0.59,IDLE,,0,TERMINATED,Charger_1,0,TERMINATED,Field_3,0,TERMINATED,Field_1,0,TERMINATED,Field_2,0,TERMINATED,Field_2,0,TERMINATED,Field_1,0,TERMINATED,Field_3,0,TERMINATED,Field_3,0,TERMINATED,Field_1,0,TERMINATED,Field_3,232,0.16,0,205,0.24,0,191,0.12,0
235,633,1,0,0,0,0,11,0,TERMINATED,Field_2,0.59,IDLE,,0,TERMINATED,Charger_1,0,TERMINATED,Field_3,0,TERMINATED,Field_1,0,TERMINATED,Field_2,0,TERMINATED,Field_2,0,TERMINATED,Field_1,0,TERMINATED,Field_3,0,TERMINATED,Field_3,0,TERMINATED,Field_1,0,TERMINATED,Field_3,232,0.16,0,210,0.24,0,191,0.11,0
236,635,1,0,0,0,0,11,0,TERMINATED,Field_2,0.59,IDLE,,0,TERMINATED,Charger_1,0,TERMINATED,Field_3,0,TERMINATED,Field_1,0,TERMINATED,Field_2,0,TERMINATED,Field_2,0,TERMINATED,Field_1,0,TERMINATED,Field_3,0,TERMINATED,Field_3,0,TERMINATED,Field_1,0,TERMINATED,Field_3,233,0.17,0,211,0.24,0,191,0.11,0
237,636,1,0,0,0,0,11,0,TERMINATED,Field_2,0.59,IDLE,,0,TERMINATED,Charger_1,0,TERMINATED,Field_3,0,TERMINATED,Field_1,0,TERMINATED,Field_2,0,TERMINATED,Field_2,0,TERMINATED,Field_1,0,TERMINATED,Field_3,0,TERMINATED,Field_3,0,TERMINATED,Field_1,0,TERMINATED,Field_3,233,0.16,0,212,0.24,0,191,0.12,0
238,643,1,0,0,0,0,11,0,TERMINATED,Field_2,0.59,IDLE,,0,TERMINATED,Charger_1,0,TERMINATED,Field_3,0,TERMINATED,Field_1,0,TERMINATED,Field_2,0,TERMINATED,Field_2,0,TERMINATED,Field_1,0,TERMINATED,Field_3,0,TERMINATED,Field_3,0,TERMINATED,Field_1,0,TERMINATED,Field_3,236,0.16,0,215,0.24,0,192,0.12,0
239,643,1,0,0,0,0,11,0,TERMINATED,Field_2,0.59,IDLE,,0,TERMINATED,Charger_1,0,TERMINATED,Field_3,0,TERMINATED,Field_1,0,TERMINATED,Field_2,0,TERMINATED,Field_2,0,TERMINATED,Field_1,0,TERMINATED,Field_3,0,TERMINATED,Field_3,0,TERMINATED,Field_1,0,TERMINATED,Field_3,236,0.16,0,215,0.23,0,192,0.11,0
240,644,1,0,0,0,0,11,0,TERMINATED,Field_2,0.59,IDLE,,0,TERMINATED,Charger_1,0,TERMINATED,Field_3,0,TERMINATED,Field_1,0,TERMINATED,Field_2,0,TERMINATED,Field_2,0,TERMINATED,Field_1,0,TERMINATED,Field_3,0,TERMINATED,Field_3,0,TERMINATED,Field_1,0,TERMINATED,Field_3,237,0.14,0,215,0.22,0,192,0.10,0
241,644,1,0,0,0,0,11,0,TERMINATED,Field_2,0.59,IDLE,,0,TERMINATED,Charger_1,0,TERMINATED,Field_3,0,TERMINATED,Field_1,0,TERMINATED,Field_2,0,TERMINATED,Field_2,0,TERMINATED,Field_1,0,TERMINATED,Field_3,0,TERMINATED,Field_3,0,TERMINATED,Field_1,0,TERMINATED,Field_3,237,0.15,0,215,0.21,0,192,0.10,0
242,647,1,0,0,0,0,11,0,TERMINATED,Field_2,0.59,IDLE,,0,TERMINATED,Charger_1,0,TERMINATED,Field_3,0,TERMINATED,Field_1,0,TERMINATED,Field_2,0,TERMINATED,Field_2,0,TERMINATED,Field_1,0,TERMINATED,Field_3,0,TERMINATED,Field_3,0,TERMINATED,Field_1,0,TERMINATED,Field_3,237,0.14,0,218,0.22,0,192,0.10,0
243,649,1,0,0,0,0,11,0,TERMINATED,Field_2,0.59,IDLE,,0,TERMINATED,Charger_1,0,TERMINATED,Field_3,0,TERMINATED,Field_1,0,TERMINATED,Field_2,0,TERMINATED,Field_2,0,TERMINATED,Field_1,0,TERMINATED,Field_3,0,TERMINATED,Field_3,0,TERMINATED,Field_1,0,TERMINATED,Field_3,239,0.12,0,218,0.21,0,192,0.09,0
244,650,1,0,0,0,0,11,0,TERMINATED,Field_2,0.59,IDLE,,0,TERMINATED,Charger_1,0,TERMINATED,Field_3,0,TERMINATED,Field_1,0,TERMINATED,Field_2,0,TERMINATED,Field_2,0,TERMINATED,Field_1,0,TERMINATED,Field_3,0,TERMINATED,Field_3,0,TERMINATED,Field_1,0,TERMINATED,Field_3,240,0.14,0,218,0.20,0,192,0.08,0
245,650,0,0,0,1,0,11,0,TERMINATED,Field_2,0.58,MOVING_TO_CHARGER,Charger_1,0,TERMINATED,Charger_1,0,TERMINATED,Field_3,0,TERMINATED,Field_1,0,TERMINATED,Field_2,0,TERMINATED,Field_2,0,TERMINATED,Field_1,0,TERMINATED,Field_3,0,TERMINATED,Field_3,0,TERMINATED,Field_1,0,TERMINATED,Field_3,240,0.15,0,218,0.20,0,192,0.11,0
246,652,1,0,0,0,0,11,0,TERMINATED,Field_2,0.58,IDLE,,0,TERMINATED,Charger_1,0,TERMINATED,Field_3,0,TERMINATED,Field_1,0,TERMINATED,Field_2,0,TERMINATED,Field_2,0,TERMINATED,Field_1,0,TERMINATED,Field_3,0,TERMINATED,Field_3,0,TERMINATED,Field_1,0,TERMINATED,Field_3,241,0.15,0,219,0.20,0,192,0.10,0
247,654,0,1,0,0,0,11,0,TERMINATED,Field_2,0.58,CHARGING,Charger_1,0,TERMINATED,Charger_1,0,TERMINATED,Field_3,0,TERMINATED,Field_1,0,TERMINATED,Field_2,0,TERMINATED,Field_2,0,TERMINATED,Field_1,0,TERMINATED,Field_3,0,TERMINATED,Field_3,0,TERMINATED,Field_1,0,TERMINATED,Field_3,242,0.15,0,220,0.20,0,192,0.09,0
248,658,0,1,0,0,0,11,0,TERMINATED,Field_2,0.59,CHARGING,Charger_1,0,TERMINATED,Charger_1,0,TERMINATED,Field_3,0,TERMINATED,Field_1,0,TERMINATED,Field_2,0,TERMINATED,Field_2,0,TERMINATED,Field_1,0,TERMINATED,Field_3,0,TERMINATED,Field_3,0,TERMINATED,Field_1,0,TERMINATED,Field_3,243,0.14,0,223,0.21,0,192,0.09,0
249,658,0,1,0,0,0,11,0,TERMINATED,Field_2,0.60,CHARGING,Charger_1,0,TERMINATED,Charger_1,0,TERMINATED,Field_3,0,TERMINATED,Field_1,0,TERMINATED,Field_2,0,TERMINATED,Field_2,0,TERMINATED,Field_1,0,TERMINATED,Field_3,0,TERMINATED,Field_3,0,TERMINATED,Field_1,0,TERMINATED,Field_3,243,0.13,0,223,0.23,0,192,0.10,0
250,660,0,1,0,0,0,11,0,TERMINATED,Field_2,0.61,CHARGING,Charger_1,0,TERMINATED,Charger_1,0,TERMINATED,Field_3,0,TERMINATED,Field_1,0,TERMINATED,Field_2,0,TERMINATED,Field_2,0,TERMINATED,Field_1,0,TERMINATED,Field_3,0,TERMINATED,Field_3,0,TERMINATED,Field_1,0,TERMINATED,Field_3,244,0.14,0,224,0.24,0,192,0.10,0
251,664,0,0,0,0,1,11,0,TERMINATED,Field_2,0.60,MOVING_TO_FIELD,Field_2,0,TERMINATED,Charger_1,0,TERMINATED,Field_3,0,TERMINATED,Field_1,0,TERMINATED,Field_2,0,TERMINATED,Field_2,0,TERMINATED,Field_1,0,TERMINATED,Field_3,0,TERMINATED,Field_3,0,TERMINATED,Field_1,0,TERMINATED,Field_3,245,0.15,0,227,0.24,0,192,0.07,0
252,668,0,1,0,0,0,11,0,TERMINATED,Field_2,0.60,CHARGING,Charger_1,0,TERMINATED,Charger_1,0,TERMINATED,Field_3,0,TERMINATED,Field_1,0,TERMINATED,Field_2,0,TERMINATED,Field_2,0,TERMINATED,Field_1,0,TERMINATED,Field_3,0,TERMINATED,Field_3,0,TERMINATED,Field_1,0,TERMINATED,Field_3,246,0.14,0,230,0.24,0,192,0.07,0
253,670,0,1,0,0,0,11,0,TERMINATED,Field_2,0.61,CHARGING,Charger_1,0,TERMINATED,Charger_1,0,TERMINATED,Field_3,0,TERMINATED,Field_1,0,TERMINATED,Field_2,0,TERMINATED,Field_2,0,TERMINATED,Field_1,0,TERMINATED,Field_3,0,TERMINATED,Field_3,0,TERMINATED,Field_1,0,TERMINATED,Field_3,247,0.15,0,231,0.24,0,192,0.05,0
254,672,0,1,0,0,0,11,0,TERMINATED,Field_2,0.62,CHARGING,Charger_1,0,TERMINATED,Charger_1,0,TERMINATED,Field_3,0,TERMINATED,Field_1,0,TERMINATED,Field_2,0,TERMINATED,Field_2,0,TERMINATED,Field_1,0,TERMINATED,Field_3,0,TERMINATED,Field_3,0,TERMINATED,Field_1,0,TERMINATED,Field_3,248,0.16,0,232,0.23,0,192,0.04,0
255,674,0,1,0,0,0,11,0,TERMINATED,Field_2,0.63,CHARGING,Charger_1,0,TERMINATED,Charger_1,0,TERMINATED,Field_3,0,TERMINATED,Field_1,0,TERMINATED,Field_2,0,TERMINATED,Field_2,0,TERMINATED,Field_1,0,TERMINATED,Field_3,0,TERMINATED,Field_3,0,TERMINATED,Field_1,0,TERMINATED,Field_3,248,0.15,0,234,0.24,0,192,0.04,0
256,675,0,1,0,0,0,11,0,TERMINATED,Field_2,0.64,CHARGING,Charger_1,0,TERMINATED,Charger_1,0,TERMINATED,Field_3,0,TERMINATED,Field_1,0,TERMINATED,Field_2,0,TERMINATED,Field_2,0,TERMINATED,Field_1,0,TERMINATED,Field_3,0,TERMINATED,Field_3,0,TERMINATED,Field_1,0,TERMINATED,Field_3,248,0.14,0,235,0.22,0,192,0.04,0
257,675,0,1,0,0,0,11,0,TERMINATED,Field_2,0.65,CHARGING,Charger_1,0,TERMINATED,Charger_1,0,TERMINATED,Field_3,0,TERMINATED,Field_1,0,TERMINATED,Field_2,0,TERMINATED,Field_2,0,TERMINATED,Field_1,0,TERMINATED,Field_3,0,TERMINATED,Field_3,0,TERMINATED,Field_1,0,TERMINATED,Field_3,248,0.14,0,235,0.22,0,192,0.05,0
258,675,0,1,0,0,0,11,0,TERMINATED,Field_2,0.66,CHARGING,Charger_1,0,TERMINATED,Charger_1,0,TERMINATED,Field_3,0,TERMINATED,Field_1,0,TERMINATED,Field_2,0,TERMINATED,Field_2,0,TERMINATED,Field_1,0,TERMINATED,Field_3,0,TERMINATED,Field_3,0,TERMINATED,Field_1,0,TERMINATED,Field_3,248,0.14,0,235,0.22,0,192,0.06,0
259,678,0,1,0,0,0,11,0,TERMINATED,Field_2,0.67,CHARGING,Charger_1,0,TERMINATED,Charger_1,0,TERMINATED,Field_3,0,TERMINATED,Field_1,0,TERMINATED,Field_2,0,TERMINATED,Field_2,0,TERMINATED,Field_1,0,TERMINATED,Field_3,0,TERMINATED,Field_3,0,TERMINATED,Field_1,0,TERMINATED,Field_3,250,0.14,0,236,0.22,0,192,0.06,0
260,679,0,1,0,0,0,11,0,TERMINATED,Field_2,0.68,CHARGING,Charger_1,0,TERMINATED,Charger_1,0,TERMINATED,Field_3,0,TERMINATED,Field_1,0,TERMINATED,Field_2,0,TERMINATED,Field_2,0,TERMINATED,Field_1,0,TERMINATED,Field_3,0,TERMINATED,Field_3,0,TERMINATED,Field_1,0,TERMINATED,Field_3,250,0.14,0,237,0.24,0,192,0.06,0
261,681,0,1,0,0,0,11,0,TERMINATED,Field_2,0.69,CHARGING,Charger_1,0,TERMINATED,Charger_1,0,TERMINATED,Field_3,0,TERMINATED,Field_1,0,TERMINATED,Field_2,0,TERMINATED,Field_2,0,TERMINATED,Field_1,0,TERMINATED,Field_3,0,TERMINATED,Field_3,0,TERMINATED,Field_1,0,TERMINATED,Field_3,250,0.15,0,239,0.27,0,192,0.05,0
262,682,0,1,0,0,0,11,0,TERMINATED,Field_2,0.70,CHARGING,Charger_1,0,TERMINATED,Charger_1,0,TERMINATED,Field_3,0,TERMINATED,Field_1,0,TERMINATED,Field_2,0,TERMINATED,Field_2,0,TERMINATED,Field_1,0,TERMINATED,Field_3,0,TERMINATED,Field_3,0,TERMINATED,Field_1,0,TERMINATED,Field_3,250,0.13,0,240,0.30,0,192,0.05,0
263,683,0,1,0,0,0,11,0,TERMINATED,Field_2,0.71,CHARGING,Charger_1,0,TERMINATED,Charger_1,0,TERMINATED,Field_3,0,TERMINATED,Field_1,0,TERMINATED,Field_2,0,TERMINATED,Field_2,0,TERMINATED,Field_1,0,TERMINATED,Field_3,0,TERMINATED,Field_3,0,TERMINATED,Field_1,0,TERMINATED,Field_3,251,0.13,0,240,0.30,0,192,0.05,0
264,686,0,1,0,0,0,11,0,TERMINATED,Field_2,0.72,CHARGING,Charger_1,0,TERMINATED,Charger_1,0,TERMINATED,Field_3,0,TERMINATED,Field_1,0,TERMINATED,Field_2,0,TERMINATED,Field_2,0,TERMINATED,Field_1,0,TERMINATED,Field_3,0,TERMINATED,Field_3,0,TERMINATED,Field_1,0,TERMINATED,Field_3,252,0.12,0,242,0.31,0,192,0.05,0
265,689,0,1,0,0,0,11,0,TERMINATED,Field_2,0.73,CHARGING,Charger_1,0,TERMINATED,Charger_1,0,TERMINATED,Field_3,0,TERMINATED,Field_1,0,TERMINATED,Field_2,0,TERMINATED,Field_2,0,TERMINATED,Field_1,0,TERMINATED,Field_3,0,TERMINATED,Field_3,0,TERMINATED,Field_1,0,TERMINATED,Field_3,252,0.11,0,245,0.33,0,192,0.05,0
266,692,0,1,0,0,0,11,0,TERMINATED,Field_2,0.74,CHARGING,Charger_1,0,TERMINATED,Charger_1,0,TERMINATED,Field_3,0,TERMINATED,Field_1,0,TERMINATED,Field_2,0,TERMINATED,Field_2,0,TERMINATED,Field_1,0,TERMINATED,Field_3,0,TERMINATED,Field_3,0,TERMINATED,Field_1,0,TERMINATED,Field_3,253,0.12,0,247,0.32,0,192,0.03,0
267,692,0,1,0,0,0,11,0,TERMINATED,Field_2,0.75,CHARGING,Charger_1,0,TERMINATED,Charger_1,0,TERMINATED,Field_3,0,TERMINATED,Field_1,0,TERMINATED,Field_2,0,TERMINATED,Field_2,0,TERMINATED,Field_1,0,TERMINATED,Field_3,0,TERMINATED,Field_3,0,TERMINATED,Field_1,0,TERMINATED,Field_3,253,0.09,0,247,0.31,0,192,0.04,0
268,693,0,1,0,0,0,11,0,TERMINATED,Field_2,0.76,CHARGING,Charger_1,0,TERMINATED,Charger_1,0,TERMINATED,Field_3,0,TERMINATED,Field_1,0,TERMINATED,Field_2,0,TERMINATED,Field_2,0,TERMINATED,Field_1,0,TERMINATED,Field_3,0,TERMINATED,Field_3,0,TERMINATED,Field_1,0,TERMINATED,Field_3,253,0.09,0,248,0.31,0,192,0.05,0
269,695,0,1,0,0,0,11,0,TERMINATED,Field_2,0.77,CHARGING,Charger_1,0,TERMINATED,Charger_1,0,TERMINATED,Field_3,0,TERMINATED,Field_1,0,TERMINATED,Field_2,0,TERMINATED,Field_2,0,TERMINATED,Field_1,0,TERMINATED,Field_3,0,TERMINATED,Field_3,0,TERMINATED,Field_1,0,TERMINATED,Field_3,253,0.11,0,250,0.31,0,192,0.05,0
270,697,0,1,0,0,0,11,0,TERMINATED,Field_2,0.78,CHARGING,Charger_1,0,TERMINATED,Charger_1,0,TERMINATED,Field_3,0,TERMINATED,Field_1,0,TERMINATED,Field_2,0,TERMINATED,Field_2,0,TERMINATED,Field_1,0,TERMINATED,Field_3,0,TERMINATED,Field_3,0,TERMINATED,Field_1,0,TERMINATED,Field_3,253,0.12,0,252,0.33,0,192,0.07,0
271,698,0,1,0,0,0,11,0,TERMINATED,Field_2,0.79,CHARGING,Charger_1,0,TERMINATED,Charger_1,0,TERMINATED,Field_3,0,TERMINATED,Field_1,0,TERMINATED,Field_2,0,TERMINATED,Field_2,0,TERMINATED,Field_1,0,TERMINATED,Field_3,0,TERMINATED,Field_3,0,TERMINATED,Field_1,0,TERMINATED,Field_3,253,0.10,0,253,0.35,0,192,0.06,0
272,698,0,1,0,0,0,11,0,TERMINATED,Field_2,0.80,CHARGING,Charger_1,0,TERMINATED,Charger_1,0,TERMINATED,Field_3,0,TERMINATED,Field_1,0,TERMINATED,Field_2,0,TERMINATED,Field_2,0,TERMINATED,Field_1,0,TERMINATED,Field_3,0,TERMINATED,Field_3,0,TERMINATED,Field_1,0,TERMINATED,Field_3,253,0.13,0,253,0.36,0,192,0.04,0
273,701,0,1,0,0,0,11,0,TERMINATED,Field_2,0.81,CHARGING,Charger_1,0,TERMINATED,Charger_1,0,TERMINATED,Field_3,0,TERMINATED,Field_1,0,TERMINATED,Field_2,0,TERMINATED,Field_2,0,TERMINATED,Field_1,0,TERMINATED,Field_3,0,TERMINATED,Field_3,0,TERMINATED,Field_1,0,TERMINATED,Field_3,255,0.13,0,254,0.33,0,192,0.06,0
274,703,0,1,0,0,0,11,0,TERMINATED,Field_2,0.82,CHARGING,Charger_1,0,TERMINATED,Charger_1,0,TERMINATED,Field_3,0,TERMINATED,Field_1,0,TERMINATED,Field_2,0,TERMINATED,Field_2,0,TERMINATED,Field_1,0,TERMINATED,Field_3,0,TERMINATED,Field_3,0,TERMINATED,Field_1,0,TERMINATED,Field_3,255,0.12,0,256,0.32,0,192,0.06,0
275,704,0,1,0,0,0,11,0,TERMINATED,Field_2,0.83,CHARGING,Charger_1,0,TERMINATED,Charger_1,0,TERMINATED,Field_3,0,TERMINATED,Field_1,0,TERMINATED,Field_2,0,TERMINATED,Field_2,0,TERMINATED,Field_1,0,TERMINATED,Field_3,0,TERMINATED,Field_3,0,TERMINATED,Field_1,0,TERMINATED,Field_3,255,0.14,0,257,0.31,0,192,0.06,0
276,705,0,1,0,0,0,11,0,TERMINATED,Field_2,0.84,CHARGING,Charger_1,0,TERMINATED,Charger_1,0,TERMINATED,Field_3,0,TERMINATED,Field_1,0,TERMINATED,Field_2,0,TERMINATED,Field_2,0,TERMINATED,Field_1,0,TERMINATED,Field_3,0,TERMINATED,Field_3,0,TERMINATED,Field_1,0,TERMINATED,Field_3,255,0.14,0,258,0.31,0,192,0.06,0
277,707,0,1,0,0,0,11,0,TERMINATED,Field_2,0.85,CHARGING,Charger_1,0,TERMINATED,Charger_1,0,TERMINATED,Field_3,0,TERMINATED,Field_1,0,TERMINATED,Field_2,0,TERMINATED,Field_2,0,TERMINATED,Field_1,0,TERMINATED,Field_3,0,TERMINATED,Field_3,0,TERMINATED,Field_1,0,TERMINATED,Field_3,255,0.14,0,260,0.31,0,192,0.04,0
278,708,0,1,0,0,0,11,0,TERMINATED,Field_2,0.86,CHARGING,Charger_1,0,TERMINATED,Charger_1,0,TERMINATED,Field_3,0,TERMINATED,Field_1,0,TERMINATED,Field_2,0,TERMINATED,Field_2,0,TERMINATED,Field_1,0,TERMINATED,Field_3,0,TERMINATED,Field_3,0,TERMINATED,Field_1,0,TERMINATED,Field_3,255,0.13,0,261,0.31,0,192,0.04,0
279,712,0,1,0,0,0,11,0,TERMINATED,Field_2,0.87,CHARGING,Charger_1,0,TERMINATED,Charger_1,0,TERMINATED,Field_3,0,TERMINATED,Field_1,0,TERMINATED,Field_2,0,TERMINATED,Field_2,0,TERMINATED,Field_1,0,TERMINATED,Field_3,0,TERMINATED,Field_3,0,TERMINATED,Field_1,0,TERMINATED,Field_3,255,0.12,0,265,0.32,0,192,0.04,0
280,713,0,1,0,0,0,11,0,TERMINATED,Field_2,0.88,CHARGING,Charger_1,0,TERMINATED,Charger_1,0,TERMINATED,Field_3,0,TERMINATED,Field_1,0,TERMINATED,Field_2,0,TERMINATED,Field_2,0,TERMINATED,Field_1,0,TERMINATED,Field_3,0,TERMINATED,Field_3,0,TERMINATED,Field_1,0,TERMINATED,Field_3,255,0.12,0,266,0.33,0,192,0.03,0
281,716,0,1,0,0,0,11,0,TERMINATED,Field_2,0.89,CHARGING,Charger_1,0,TERMINATED,Charger_1,0,TERMINATED,Field_3,0,TERMINATED,Field_1,0,TERMINATED,Field_2,0,TERMINATED,Field_2,0,TERMINATED,Field_1,0,TERMINATED,Field_3,0,TERMINATED,Field_3,0,TERMINATED,Field_1,0,TERMINATED,Field_3,255,0.11,0,269,0.35,0,192,0.03,0
282,717,0,0,0,0,1,11,0,TERMINATED,Field_2,0.88,MOVING_TO_FIELD,Field_3,0,TERMINATED,Charger_1,0,TERMINATED,Field_3,0,TERMINATED,Field_1,0,TERMINATED,Field_2,0,TERMINATED,Field_2,0,TERMINATED,Field_1,0,TERMINATED,Field_3,0,TERMINATED,Field_3,0,TERMINATED,Field_1,0,TERMINATED,Field_3,255,0.11,0,270,0.34,0,192,0.04,0
283,719,0,1,0,0,0,11,0,TERMINATED,Field_2,0.88,CHARGING,Charger_1,0,TERMINATED,Charger_1,0,TERMINATED,Field_3,0,TERMINATED,Field_1,0,TERMINATED,Field_2,0,TERMINATED,Field_2,0,TERMINATED,Field_1,0,TERMINATED,Field_3,0,TERMINATED,Field_3,0,TERMINATED,Field_1,0,TERMINATED,Field_3,255,0.13,0,272,0.35,0,192,0.04,0
284,722,0,1,0,0,0,11,0,TERMINATED,Field_2,0.89,CHARGING,Charger_1,0,TERMINATED,Charger_1,0,TERMINATED,Field_3,0,TERMINATED,Field_1,0,TERMINATED,Field_2,0,TERMINATED,Field_2,0,TERMINATED,Field_1,0,TERMINATED,Field_3,0,TERMINATED,Field_3,0,TERMINATED,Field_1,0,TERMINATED,Field_3,255,0.12,0,275,0.37,0,192,0.05,0
285,726,0,1,0,0,0,11,0,TERMINATED,Field_2,0.90,CHARGING,Charger_1,0,TERMINATED,Charger_1,0,TERMINATED,Field_3,0,TERMINATED,Field_1,0,TERMINATED,Field_2,0,TERMINATED,Field_2,0,TERMINATED,Field_1,0,TERMINATED,Field_3,0,TERMINATED,Field_3,0,TERMINATED,Field_1,0,TERMINATED,Field_3,255,0.12,0,279,0.39,0,192,0.06,0
286,727,0,1,0,0,0,11,0,TERMINATED,Field_2,0.91,CHARGING,Charger_1,0,TERMINATED,Charger_1,0,TERMINATED,Field_3,0,TERMINATED,Field_1,0,TERMINATED,Field_2,0,TERMINATED,Field_2,0,TERMINATED,Field_1,0,TERMINATED,Field_3,0,TERMINATED,Field_3,0,TERMINATED,Field_1,0,TERMINATED,Field_3,255,0.10,0,280,0.38,0,192,0.06,0
287,728,1,0,0,0,0,11,0,TERMINATED,Field_2,0.91,IDLE,,0,TERMINATED,Charger_1,0,TERMINATED,Field_3,0,TERMINATED,Field_1,0,TERMINATED,Field_2,0,TERMINATED,Field_2,0,TERMINATED,Field_1,0,TERMINATED,Field_3,0,TERMINATED,Field_3,0,TERMINATED,Field_1,0,TERMINATED,Field_3,255,0.09,0,281,0.36,0,192,0.06,0
288,730,0,0,0,0,1,11,0,TERMINATED,Field_2,0.90,MOVING_TO_FIELD,Field_2,0,TERMINATED,Charger_1,0,TERMINATED,Field_3,0,TERMINATED,Field_1,0,TERMINATED,Field_2,0,TERMINATED,Field_2,0,TERMINATED,Field_1,0,TERMINATED,Field_3,0,TERMINATED,Field_3,0,TERMINATED,Field_1,0,TERMINATED,Field_3,255,0.09,0,283,0.38,0,192,0.06,0
289,731,0,0,0,0,1,11,0,TERMINATED,Field_2,0.89,MOVING_TO_FIELD,Field_2,0,TERMINATED,Charger_1,0,TERMINATED,Field_3,0,TERMINATED,Field_1,0,TERMINATED,Field_2,0,TERMINATED,Field_2,0,TERMINATED,Field_1,0,TERMINATED,Field_3,0,TERMINATED,Field_3,0,TERMINATED,Field_1,0,TERMINATED,Field_3,255,0.09,0,284,0.37,0,192,0.05,0
290,732,0,0,0,1,0,11,0,TERMINATED,Field_2,0.88,MOVING_TO_CHARGER,Charger_1,0,TERMINATED,Charger_1,0,TERMINATED,Field_3,0,TERMINATED,Field_1,0,TERMINATED,Field_2,0,TERMINATED,Field_2,0,TERMINATED,Field_1,0,TERMINATED,Field_3,0,TERMINATED,Field_3,0,TERMINATED,Field_1,0,TERMINATED,Field_3,255,0.10,0,285,0.35,0,192,0.04,0
291,733,1,0,0,0,0,11,0,TERMINATED,Field_2,0.88,IDLE,,0,TERMINATED,Charger_1,0,TERMINATED,Field_3,0,TERMINATED,Field_1,0,TERMINATED,Field_2,0,TERMINATED,Field_2,0,TERMINATED,Field_1,0,TERMINATED,Field_3,0,TERMINATED,Field_3,0,TERMINATED,Field_1,0,TERMINATED,Field_3,255,0.10,0,286,0.36,0,192,0.04,0
292,734,1,0,0,0,0,11,0,TERMINATED,Field_2,0.88,IDLE,,0,TERMINATED,Charger_1,0,TERMINATED,Field_3,0,TERMINATED,Field_1,0,TERMINATED,Field_2,0,TERMINATED,Field_2,0,TERMINATED,Field_1,0,TERMINATED,Field_3,0,TERMINATED,Field_3,0,TERMINATED,Field_1,0,TERMINATED,Field_3,255,0.09,0,287,0.36,0,192,0.03,0
293,737,0,1,0,0,0,11,0,TERMINATED,Field_2,0.88,CHARGING,Charger_1,0,TERMINATED,Charger_1,0,TERMINATED,Field_3,0,TERMINATED,Field_1,0,TERMINATED,Field_2,0,TERMINATED,Field_2,0,TERMINATED,Field_1,0,TERMINATED,Field_3,0,TERMINATED,Field_3,0,TERMINATED,Field_1,0,TERMINATED,Field_3,255,0.10,0,290,0.38,0,192,0.03,0
294,738,0,1,0,0,0,11,0,TERMINATED,Field_2,0.89,CHARGING,Charger_1,0,TERMINATED,Charger_1,0,TERMINATED,Field_3,0,TERMINATED,Field_1,0,TERMINATED,Field_2,0,TERMINATED,Field_2,0,TERMINATED,Field_1,0,TERMINATED,Field_3,0,TERMINATED,Field_3,0,TERMINATED,Field_1,0,TERMINATED,Field_3,255,0.11,0,291,0.36,0,192,0.01,0
295,739,0,1,0,0,0,11,0,TERMINATED,Field_2,0.90,CHARGING,Charger_1,0,TERMINATED,Charger_1,0,TERMINATED,Field_3,0,TERMINATED,Field_1,0,TERMINATED,Field_2,0,TERMINATED,Field_2,0,TERMINATED,Field_1,0,TERMINATED,Field_3,0,TERMINATED,Field_3,0,TERMINATED,Field_1,0,TERMINATED,Field_3,255,0.11,0,292,0.35,0,192,0.01,0
296,740,0,1,0,0,0,11,0,TERMINATED,Field_2,0.91,CHARGING,Charger_1,0,TERMINATED,Charger_1,0,TERMINATED,Field_3,0,TERMINATED,Field_1,0,TERMINATED,Field_2,0,TERMINATED,Field_2,0,TERMINATED,Field_1,0,TERMINATED,Field_3,0,TERMINATED,Field_3,0,TERMINATED,Field_1,0,TERMINATED,Field_3,255,0.09,0,293,0.37,0,192,0.01,0
297,745,0,1,0,0,0,11,0,TERMINATED,Field_2,0.92,CHARGING,Charger_1,0,TERMINATED,Charger_1,0,TERMINATED,Field_3,0,TERMINATED,Field_1,0,TERMINATED,Field_2,0,TERMINATED,Field_2,0,TERMINATED,Field_1,0,TERMINATED,Field_3,0,TERMINATED,Field_3,0,TERMINATED,Field_1,0,TERMINATED,Field_3,255,0.09,0,298,0.38,0,192,0.02,0
298,745,0,1,0,0,0,11,0,TERMINATED,Field_2,0.93,CHARGING,Charger_1,0,TERMINATED,Charger_1,0,TERMINATED,Field_3,0,TERMINATED,Field_1,0,TERMINATED,Field_2,0,TERMINATED,Field_2,0,TERMINATED,Field_1,0,TERMINATED,Field_3,0,TERMINATED,Field_3,0,TERMINATED,Field_1,0,TERMINATED,Field_3,255,0.09,0,298,0.35,0,192,0.02,0
299,746,0,1,0,0,0,11,0,TERMINATED,Field_2,0.94,CHARGING,Charger_1,0,TERMINATED,Charger_1,0,TERMINATED,Field_3,0,TERMINATED,Field_1,0,TERMINATED,Field_2,0,TERMINATED,Field_2,0,TERMINATED,Field_1,0,TERMINATED,Field_3,0,TERMINATED,Field_3,0,TERMINATED,Field_1,0,TERMINATED,Field_3,255,0.07,0,299,0.34,0,192,0.02,0
300,747,0,1,0,0,0,11,0,TERMINATED,Field_2,0.95,CHARGING,Charger_1,0,TERMINATED,Charger_1,0,TERMINATED,Field_3,0,TERMINATED,Field_1,0,TERMINATED,Field_2,0,TERMINATED,Field_2,0,TERMINATED,Field_1,0,TERMINATED,Field_3,0,TERMINATED,Field_3,0,TERMINATED,Field_1,0,TERMINATED,Field_3,255,0.08,0,300,0.33,0,192,0.02,0
